{
    "type": "FeatureCollection",
    "name": "46cc2346-1dac-40ef-babe-4dd4734d1a9a2020330-1-egvp3h.zh8m6",
    "crs": { "type": "name", "properties": { "name": "urn:ogc:def:crs:OGC:1.3:CRS84" } },
    "features": [ 
    { "type": "Feature", "properties": { "OBJECTID": 7273, "Codigo": "46250", "Texto": "Valencia", "Cod_Prov": "46", "Cod_CCAA": "10", "FechaId": "01012017", "NUTS_0": "ES", "NUTS_1": "ES5", "NUTS_2": "ES52", "NUTS_3": "ES523", "PAD_2C02": 787808, "PAD_2C03": 33108, "PAD_2C04": 37884, "PAD_2C05": 37679, "PAD_2C06": 36377, "PAD_2C07": 39051, "PAD_2C08": 42823, "PAD_2C09": 49553, "PAD_2C10": 60806, "PAD_2C11": 65673, "PAD_2C12": 62911, "PAD_2C13": 60428, "PAD_2C14": 54002, "PAD_2C15": 46191, "PAD_2C16": 43926, "PAD_2C17": 37719, "PAD_2C18": 29934, "PAD_2C19": 25232, "PAD_2C20": 24511, "PAD_2C21": 375210, "PAD_2C22": 16973, "PAD_2C23": 19500, "PAD_2C24": 19142, "PAD_2C25": 18772, "PAD_2C26": 19715, "PAD_2C27": 21427, "PAD_2C28": 24704, "PAD_2C29": 30628, "PAD_2C30": 32996, "PAD_2C31": 31212, "PAD_2C32": 29156, "PAD_2C33": 25182, "PAD_2C34": 20843, "PAD_2C35": 19543, "PAD_2C36": 16283, "PAD_2C37": 12224, "PAD_2C38": 9570, "PAD_2C39": 7340, "PAD_2C40": 412598, "PAD_2C41": 16135, "PAD_2C42": 18384, "PAD_2C43": 18537, "PAD_2C44": 17605, "PAD_2C45": 19336, "PAD_2C46": 21396, "PAD_2C47": 24849, "PAD_2C48": 30178, "PAD_2C49": 32677, "PAD_2C50": 31699, "PAD_2C51": 31272, "PAD_2C52": 28820, "PAD_2C53": 25348, "PAD_2C54": 24383, "PAD_2C55": 21436, "PAD_2C56": 17710, "PAD_2C57": 15662, "PAD_2C58": 17171, "PAD_3C03": 697087, "PAD_3C04": 90721, "PAD_3C05": 28918, "PAD_3C06": 1266, "PAD_3C07": 2905, "PAD_3C08": 2238, "PAD_3C09": 6436, "PAD_3C10": 747, "PAD_3C100": 2359, "PAD_3C101": 480, "PAD_3C102": 242, "PAD_3C103": 2093, "PAD_3C104": 795, "PAD_3C105": 361, "PAD_3C106": 319, "PAD_3C107": 324, "PAD_3C108": 1085, "PAD_3C109": 6036, "PAD_3C11": 777, "PAD_3C110": 3234, "PAD_3C111": 1319, "PAD_3C112": 48, "PAD_3C12": 1853, "PAD_3C13": 10216, "PAD_3C14": 5968, "PAD_3C15": 1537, "PAD_3C16": 2569, "PAD_3C17": 12026, "PAD_3C18": 2100, "PAD_3C19": 2906, "PAD_3C20": 2090, "PAD_3C21": 1474, "PAD_3C22": 27995, "PAD_3C23": 1671, "PAD_3C24": 5197, "PAD_3C25": 1443, "PAD_3C26": 4449, "PAD_3C27": 916, "PAD_3C28": 460, "PAD_3C29": 4784, "PAD_3C30": 1113, "PAD_3C31": 667, "PAD_3C32": 571, "PAD_3C33": 688, "PAD_3C34": 1968, "PAD_3C35": 15725, "PAD_3C36": 6557, "PAD_3C37": 5404, "PAD_3C38": 89, "PAD_3C39": 375210, "PAD_3C40": 328328, "PAD_3C41": 46882, "PAD_3C42": 14395, "PAD_3C43": 632, "PAD_3C44": 1344, "PAD_3C45": 1094, "PAD_3C46": 3655, "PAD_3C47": 259, "PAD_3C48": 405, "PAD_3C49": 1026, "PAD_3C50": 4822, "PAD_3C51": 2428, "PAD_3C52": 486, "PAD_3C53": 1068, "PAD_3C54": 7915, "PAD_3C55": 1340, "PAD_3C56": 1619, "PAD_3C57": 1262, "PAD_3C58": 1287, "PAD_3C59": 12414, "PAD_3C60": 842, "PAD_3C61": 2179, "PAD_3C62": 489, "PAD_3C63": 2090, "PAD_3C64": 436, "PAD_3C65": 218, "PAD_3C66": 2691, "PAD_3C67": 318, "PAD_3C68": 306, "PAD_3C69": 252, "PAD_3C70": 364, "PAD_3C71": 883, "PAD_3C72": 9689, "PAD_3C73": 3323, "PAD_3C74": 4085, "PAD_3C75": 41, "PAD_3C76": 412598, "PAD_3C77": 368759, "PAD_3C78": 43839, "PAD_3C79": 14523, "PAD_3C80": 634, "PAD_3C81": 1561, "PAD_3C82": 1144, "PAD_3C83": 2781, "PAD_3C84": 488, "PAD_3C85": 372, "PAD_3C86": 827, "PAD_3C87": 5394, "PAD_3C88": 3540, "PAD_3C89": 1051, "PAD_3C90": 1501, "PAD_3C91": 4111, "PAD_3C92": 760, "PAD_3C93": 1287, "PAD_3C94": 828, "PAD_3C95": 187, "PAD_3C96": 15581, "PAD_3C97": 829, "PAD_3C98": 3018, "PAD_3C99": 954, "PAD_3_COD_PROV": "46", "PAD_3_COD_CCAA": "10", "Shape__Area": 228650811.9702, "Shape__Length": 198405.45440350601 }, "geometry": { "type": "MultiPolygon", "coordinates": [ [ [ [ -0.332647287874915, 39.551037429755098 ], [ -0.332726863337732, 39.550778564105201 ], [ -0.332755258185552, 39.550662648806401 ], [ -0.332823426840892, 39.550384405306303 ], [ -0.333075471651743, 39.550165273149503 ], [ -0.333136362156633, 39.550112335081003 ], [ -0.333460529108384, 39.5501467887795 ], [ -0.333460865976595, 39.550146797091401 ], [ -0.333461101335201, 39.550146892678697 ], [ -0.333896140155947, 39.5503279611602 ], [ -0.334084904943229, 39.550260209976599 ], [ -0.334085282235643, 39.550259628834297 ], [ -0.334085876022058, 39.550258557288203 ], [ -0.334533433764587, 39.549486723286101 ], [ -0.334560675175601, 39.549387627306601 ], [ -0.334560729074493, 39.549387429895802 ], [ -0.334587536599209, 39.549289777992101 ], [ -0.33458737130921, 39.549289719807803 ], [ -0.33456476790001, 39.549281932114603 ], [ -0.333439077339396, 39.5488940937786 ], [ -0.33313044764881, 39.5487302781927 ], [ -0.332960091138316, 39.548639856218003 ], [ -0.332093675928257, 39.547946546971602 ], [ -0.332090757301888, 39.547944232715203 ], [ -0.331522695055587, 39.5472825669342 ], [ -0.331342169616083, 39.547134308175302 ], [ -0.330294948692159, 39.5468309749753 ], [ -0.329726473220794, 39.546484556703398 ], [ -0.329674973703861, 39.546308737171302 ], [ -0.329644123760374, 39.546203410655302 ], [ -0.329693462829054, 39.545826704198198 ], [ -0.329693529304373, 39.545826201294403 ], [ -0.329693491575128, 39.545825933910301 ], [ -0.329688558925899, 39.545789979744697 ], [ -0.32961169727358, 39.545229740310603 ], [ -0.329720063741237, 39.545133163186101 ], [ -0.329720112250247, 39.545133118852497 ], [ -0.330747837935895, 39.5453369192251 ], [ -0.331241857443235, 39.545501398124301 ], [ -0.331525914617551, 39.545685280725898 ], [ -0.331761219323058, 39.545837603216498 ], [ -0.3319344702054, 39.545949754112101 ], [ -0.332204259438051, 39.545892867183902 ], [ -0.332266815419493, 39.545849215026202 ], [ -0.332479219373461, 39.545700994074501 ], [ -0.332912077983018, 39.5447290027506 ], [ -0.333257105612299, 39.543774640837697 ], [ -0.333354577312191, 39.543504985175701 ], [ -0.333847959015692, 39.542471276843401 ], [ -0.334018841938919, 39.542242050017897 ], [ -0.334019619879972, 39.5422410178343 ], [ -0.334019407877557, 39.542240918772301 ], [ -0.333081574805756, 39.541823075715797 ], [ -0.332738464181315, 39.541364765966897 ], [ -0.332797107999697, 39.540744559849998 ], [ -0.332988555156412, 39.540290662096403 ], [ -0.332988839922359, 39.540289453229903 ], [ -0.332989053721401, 39.5402894927172 ], [ -0.333169619585075, 39.540131505113003 ], [ -0.333906060251628, 39.5391304058803 ], [ -0.333905806028416, 39.539130198048703 ], [ -0.333904739728161, 39.5391293216924 ], [ -0.333793232750251, 39.539037760758703 ], [ -0.333040508322546, 39.538773630280097 ], [ -0.33225487411441, 39.538497939102399 ], [ -0.331096017753491, 39.538074969784503 ], [ -0.330870774179143, 39.537880590735703 ], [ -0.330729355098915, 39.537625099062097 ], [ -0.330671680562734, 39.537308465684298 ], [ -0.330695923397303, 39.537211094682597 ], [ -0.330754194414857, 39.536977050119802 ], [ -0.331067535769086, 39.536389651101501 ], [ -0.331287716438493, 39.536412753176798 ], [ -0.331782364766535, 39.536559239802997 ], [ -0.333363009797778, 39.5372081149888 ], [ -0.333363546091979, 39.537207776214103 ], [ -0.333470371948947, 39.537138515097602 ], [ -0.333503680581357, 39.536477597043302 ], [ -0.33351891061868, 39.536175686694399 ], [ -0.33360934132339, 39.535927141723903 ], [ -0.333609927024964, 39.535925530262503 ], [ -0.333610473200666, 39.535924933758402 ], [ -0.333708641094909, 39.535820253804197 ], [ -0.333791858327892, 39.535731517923999 ], [ -0.334062984253657, 39.535638627169199 ], [ -0.334354243221603, 39.535627324028503 ], [ -0.335102412292527, 39.535839687668798 ], [ -0.335148379085604, 39.535852733178203 ], [ -0.335149996951443, 39.535853324140398 ], [ -0.335859770230461, 39.536112286344903 ], [ -0.336729083405622, 39.536501581021099 ], [ -0.337378226691175, 39.536867763284398 ], [ -0.337806846150896, 39.537219936772502 ], [ -0.338105510830047, 39.537566717895501 ], [ -0.338107634447385, 39.537569168284399 ], [ -0.338302129587852, 39.537654692828603 ], [ -0.338626574119005, 39.5376891513271 ], [ -0.339496828728625, 39.537619492338401 ], [ -0.339501846717778, 39.537619089136498 ], [ -0.33973085063991, 39.537714442173296 ], [ -0.340961974668791, 39.5395984131898 ], [ -0.341147406706375, 39.540203584858702 ], [ -0.341148146918183, 39.540206003287501 ], [ -0.341148207105288, 39.540206242982897 ], [ -0.341175779994631, 39.5407023592415 ], [ -0.34108780528392, 39.541177811341697 ], [ -0.340910278420827, 39.541561097812 ], [ -0.340682909432512, 39.541727070907498 ], [ -0.340342350921791, 39.5418093849974 ], [ -0.339900235173245, 39.541808266214197 ], [ -0.338732330980794, 39.541619362701098 ], [ -0.337648209959932, 39.5413693249509 ], [ -0.337647808412996, 39.541369960202097 ], [ -0.337499754376073, 39.541600107797997 ], [ -0.337307192410094, 39.542386561118903 ], [ -0.337306718099626, 39.542388468922802 ], [ -0.337307146596008, 39.542390321307401 ], [ -0.337366835155049, 39.5426420892992 ], [ -0.337809824964371, 39.543228796014503 ], [ -0.338156259355373, 39.544209682801103 ], [ -0.338516935636925, 39.5445151880472 ], [ -0.338669022211151, 39.544797984748399 ], [ -0.339123655983184, 39.545384953784499 ], [ -0.339152695821353, 39.545397038097597 ], [ -0.340520980916053, 39.5459664392638 ], [ -0.340702851133512, 39.546078736804098 ], [ -0.340786875951953, 39.5461379067251 ], [ -0.34102011722726, 39.5463021717594 ], [ -0.342549780171131, 39.547075901758298 ], [ -0.343019917966669, 39.547257833727002 ], [ -0.343179935766535, 39.547333575942403 ], [ -0.343851053640586, 39.547526978841397 ], [ -0.343858645303056, 39.547529169813401 ], [ -0.34385897318813, 39.547529264018998 ], [ -0.343858615658652, 39.5475299359262 ], [ -0.34385840904612, 39.547530323138702 ], [ -0.343675456358725, 39.547874027793497 ], [ -0.34286873599592, 39.5493894171642 ], [ -0.342775752279193, 39.5493512586919 ], [ -0.342078205969502, 39.549065051125197 ], [ -0.340003488430323, 39.548242818955998 ], [ -0.340001814868931, 39.548245510020799 ], [ -0.338422600853963, 39.550792634014599 ], [ -0.338279749859196, 39.551023028114599 ], [ -0.337513953147462, 39.550960426797303 ], [ -0.335103555847865, 39.5513021362516 ], [ -0.334285100792509, 39.5520209407184 ], [ -0.33213621564854, 39.551926558337897 ], [ -0.332647099228724, 39.551037961019901 ], [ -0.332647287874915, 39.551037429755098 ] ] ], [ [ [ -0.354046263768769, 39.528087344320902 ], [ -0.354188858743696, 39.527395218998599 ], [ -0.355724026563648, 39.524350293670501 ], [ -0.355898824344925, 39.5240305488093 ], [ -0.354190155012675, 39.523676334960399 ], [ -0.35244229398119, 39.523157932234497 ], [ -0.351355961308107, 39.522665833654301 ], [ -0.351355919985607, 39.522665692988298 ], [ -0.351355790628192, 39.5226652578244 ], [ -0.351355946935053, 39.5226650000522 ], [ -0.351356045749734, 39.522664835826298 ], [ -0.351542092234966, 39.522354214064997 ], [ -0.351799563768449, 39.522133466161598 ], [ -0.351981845414346, 39.521977180681397 ], [ -0.352780558194691, 39.5212923736809 ], [ -0.353672684086509, 39.520772163257199 ], [ -0.353985878117047, 39.5206596667798 ], [ -0.354191547401343, 39.520585808017103 ], [ -0.354597286770791, 39.520622098848897 ], [ -0.355144550323327, 39.520607512806997 ], [ -0.355614514743992, 39.520483068777899 ], [ -0.356102626930052, 39.5201878979084 ], [ -0.356607473831508, 39.519757992022903 ], [ -0.357600057423237, 39.5187355367066 ], [ -0.358108636824699, 39.518206581814802 ], [ -0.358873895445571, 39.517656448709701 ], [ -0.359373249149076, 39.517370499905603 ], [ -0.359614499803471, 39.517141779931002 ], [ -0.359778205187589, 39.5168121509668 ], [ -0.360156899877088, 39.516334304000303 ], [ -0.36031373135265, 39.516184679068402 ], [ -0.360505595327651, 39.515992495842099 ], [ -0.360507248227777, 39.515990908173002 ], [ -0.360507558146542, 39.515991008658403 ], [ -0.360599139593134, 39.5160200440775 ], [ -0.360725245092707, 39.516067909041404 ], [ -0.360983497262169, 39.516234162767297 ], [ -0.360986359294654, 39.516235997831899 ], [ -0.361257846343219, 39.516737101011998 ], [ -0.361257469949102, 39.5167376831279 ], [ -0.361359350580415, 39.517118331877697 ], [ -0.361555732182987, 39.5183840067848 ], [ -0.361665853060408, 39.519161277235 ], [ -0.361883711584785, 39.519859902856702 ], [ -0.362112048058674, 39.520279453905701 ], [ -0.36241460244299, 39.520583627282001 ], [ -0.362415740608446, 39.520584408937196 ], [ -0.362902022027955, 39.520919027282098 ], [ -0.363111660967491, 39.521221064955803 ], [ -0.363328124408242, 39.522240537994001 ], [ -0.363328854738549, 39.522243950724899 ], [ -0.363498100931364, 39.522689243109298 ], [ -0.363744593255423, 39.522938082155498 ], [ -0.364132601677762, 39.523136054315799 ], [ -0.364132936749379, 39.523136133309997 ], [ -0.364764066118537, 39.523276045020403 ], [ -0.366174687015945, 39.523588738667598 ], [ -0.366526195091654, 39.523666654090903 ], [ -0.366532015276381, 39.5236679429334 ], [ -0.365531834632299, 39.525834415230399 ], [ -0.3668703154225, 39.526729032947799 ], [ -0.366755773935561, 39.5276188769299 ], [ -0.365499500671973, 39.528851584071703 ], [ -0.36226762368946, 39.527868912938096 ], [ -0.361327567287344, 39.528117849135597 ], [ -0.362643000900612, 39.529020440807003 ], [ -0.362136407674232, 39.530109693896598 ], [ -0.362654376267057, 39.530543737189902 ], [ -0.362052708045941, 39.532322993113702 ], [ -0.36205226068492, 39.532322815746703 ], [ -0.361179289569911, 39.532030754793297 ], [ -0.359693864162203, 39.531533777008597 ], [ -0.354194669046956, 39.529693685271099 ], [ -0.354141914583578, 39.529678740844197 ], [ -0.354056538698969, 39.529654525863201 ], [ -0.353583570312011, 39.529531483780602 ], [ -0.353414325915857, 39.529487443719198 ], [ -0.353414176795505, 39.529487404225698 ], [ -0.353411446815359, 39.529486693343102 ], [ -0.353411470171551, 39.529486085697897 ], [ -0.354046263768769, 39.528087344320902 ] ] ], [ [ [ -0.302078411070401, 39.561837230242098 ], [ -0.291940535915229, 39.557978153057597 ], [ -0.289443787160643, 39.5566502698995 ], [ -0.295494820049846, 39.549756136821202 ], [ -0.295668695261304, 39.549470210762699 ], [ -0.29566925491173, 39.549470462894 ], [ -0.295668266764922, 39.549471327344399 ], [ -0.295767168582761, 39.549513573877903 ], [ -0.29827806131148, 39.550586022930801 ], [ -0.298449997958569, 39.550653081832202 ], [ -0.306606263258821, 39.554283777751898 ], [ -0.307325514662414, 39.554642804962697 ], [ -0.307685411206252, 39.554966416295002 ], [ -0.307883525659024, 39.555259308145203 ], [ -0.308070916922244, 39.5558211267725 ], [ -0.308071254688786, 39.555822171221003 ], [ -0.308218535276241, 39.555924693326297 ], [ -0.308365172669974, 39.556045213261299 ], [ -0.308480077076273, 39.556083942219303 ], [ -0.309994220725322, 39.556741552719998 ], [ -0.310013747404663, 39.556750027323503 ], [ -0.311041773127575, 39.5572512772222 ], [ -0.311358246008919, 39.557492860803102 ], [ -0.311414259560134, 39.557548249156604 ], [ -0.311926504087987, 39.558145611258503 ], [ -0.311943191192703, 39.558154686851402 ], [ -0.31490156979875, 39.559763888311998 ], [ -0.31720494990023, 39.560741149899997 ], [ -0.317214636433932, 39.560745265760197 ], [ -0.31721944781062, 39.560746042807999 ], [ -0.317538384770769, 39.560797798880699 ], [ -0.317727293288486, 39.560730059999699 ], [ -0.317900352829647, 39.560675679779301 ], [ -0.318127797276451, 39.560604200276799 ], [ -0.318420593261831, 39.5605569387602 ], [ -0.318640152297047, 39.560598001888003 ], [ -0.319257514984486, 39.560882854332696 ], [ -0.320263868851222, 39.561347153844203 ], [ -0.320264359331337, 39.561346813802103 ], [ -0.31825623570082, 39.564227572048203 ], [ -0.315995885799772, 39.566112206162202 ], [ -0.3092028462825, 39.564505239942299 ], [ -0.303604040578705, 39.562708782340003 ], [ -0.302078411070401, 39.561837230242098 ] ] ], [ [ [ -0.395070357280658, 39.527725710267099 ], [ -0.394199276221008, 39.527263734896202 ], [ -0.393900114773529, 39.527340732968 ], [ -0.393434632047784, 39.527460469005803 ], [ -0.392649353572498, 39.527662490665698 ], [ -0.392753944421054, 39.527903620882 ], [ -0.393687640750954, 39.530056263146697 ], [ -0.390140747056158, 39.530336945260999 ], [ -0.388976843061683, 39.5312736150292 ], [ -0.389420467979886, 39.532798179750202 ], [ -0.387755066901631, 39.533146394953398 ], [ -0.387454987375918, 39.531841839912502 ], [ -0.386118173858897, 39.532442379683303 ], [ -0.385843522045592, 39.5332469628339 ], [ -0.384458365691571, 39.533272086940798 ], [ -0.38445816896054, 39.533270992269102 ], [ -0.384347057241354, 39.532511727240298 ], [ -0.384347121920045, 39.5325112332469 ], [ -0.384399197257084, 39.532053464092002 ], [ -0.384512658070714, 39.531825052981198 ], [ -0.384529357751856, 39.531791434764202 ], [ -0.384801892236003, 39.531242727068999 ], [ -0.384893477275849, 39.530352939921102 ], [ -0.384862541094107, 39.530353330000899 ], [ -0.384567777798216, 39.5303570658985 ], [ -0.383613165095266, 39.530369159063902 ], [ -0.378810420345085, 39.530470200725198 ], [ -0.378653429867704, 39.530473504965897 ], [ -0.378087255880102, 39.530370668804103 ], [ -0.377700968629835, 39.530191858248301 ], [ -0.377698486584722, 39.530190717106301 ], [ -0.377687086065424, 39.530178982118997 ], [ -0.377519302329917, 39.530006469192699 ], [ -0.37751624266807, 39.529986347067997 ], [ -0.377472687851533, 39.529699109718301 ], [ -0.377316736724927, 39.529515445973502 ], [ -0.3769681436823, 39.529368275865103 ], [ -0.376595304211848, 39.529210855115601 ], [ -0.376475607293501, 39.528991954727701 ], [ -0.376476386132851, 39.5288137080857 ], [ -0.376477163175574, 39.528640649244998 ], [ -0.376359564721713, 39.528416075154801 ], [ -0.376359520704255, 39.5284159927023 ], [ -0.376357812108609, 39.528412734093799 ], [ -0.376264768204743, 39.528371854237399 ], [ -0.375969554852907, 39.528242138829398 ], [ -0.375968714029791, 39.5282417688313 ], [ -0.375304496115479, 39.528271812812797 ], [ -0.374747590046665, 39.528232182830003 ], [ -0.37397922594986, 39.528017372214798 ], [ -0.373979087609307, 39.528017332720403 ], [ -0.373976325289799, 39.528016558770503 ], [ -0.373975962370439, 39.528016014857599 ], [ -0.370870544823722, 39.5273883316829 ], [ -0.370871992009646, 39.527384346878499 ], [ -0.370871426969339, 39.527384069029999 ], [ -0.370871440444062, 39.527384032999798 ], [ -0.371155686264568, 39.5266014229558 ], [ -0.371384637186105, 39.526390391216701 ], [ -0.371589355154507, 39.526295931710202 ], [ -0.371645086634733, 39.526270216113701 ], [ -0.372553710985043, 39.526236663804198 ], [ -0.373904363947347, 39.526204148058099 ], [ -0.37389783678847, 39.526180123106002 ], [ -0.373689758222593, 39.525415538678999 ], [ -0.373576417783174, 39.525133314343798 ], [ -0.373046803431011, 39.523814312322997 ], [ -0.372466875338118, 39.522369956948197 ], [ -0.372251338958737, 39.5208170992926 ], [ -0.372247363913581, 39.5207884830374 ], [ -0.372187811000136, 39.520555802980503 ], [ -0.371537720890276, 39.518015713226298 ], [ -0.371201605446965, 39.517397471028097 ], [ -0.371200561604605, 39.517395529273898 ], [ -0.37119970281518, 39.517394234078097 ], [ -0.369869114623077, 39.515383463741102 ], [ -0.36903999297202, 39.514238574802 ], [ -0.368793858177439, 39.513980736181502 ], [ -0.368547382023062, 39.513731944048502 ], [ -0.367937698134679, 39.513268265680601 ], [ -0.367936865396403, 39.513267693237999 ], [ -0.367505128782654, 39.5129966598343 ], [ -0.366720168310973, 39.5125281197544 ], [ -0.366595662710897, 39.512452415794698 ], [ -0.366595599828833, 39.512452379063603 ], [ -0.367541612959603, 39.511437841709501 ], [ -0.367882254115324, 39.511241432300203 ], [ -0.370228711129618, 39.509888378234898 ], [ -0.370492614600519, 39.509842875133799 ], [ -0.371858520058041, 39.509607257929503 ], [ -0.371902294961834, 39.5095997076644 ], [ -0.371656940803231, 39.509376779723297 ], [ -0.369461913694685, 39.507382340756401 ], [ -0.368977840334141, 39.506719982002501 ], [ -0.368217523345668, 39.505679639110198 ], [ -0.367543331436717, 39.504757086678097 ], [ -0.367370135351631, 39.504520047280003 ], [ -0.367328061856975, 39.504462449920098 ], [ -0.367191642799625, 39.504422662183103 ], [ -0.367126787131047, 39.5044037379784 ], [ -0.365945373175048, 39.504059140223198 ], [ -0.365017761134556, 39.503788511031701 ], [ -0.363268149286594, 39.503278063950503 ], [ -0.360955282077401, 39.502000907806597 ], [ -0.360187905229107, 39.503358843290698 ], [ -0.360045803429252, 39.5036103140718 ], [ -0.36004526533839, 39.503611296924703 ], [ -0.356488830636989, 39.502341399216299 ], [ -0.356242394906781, 39.5020925307482 ], [ -0.356182910265315, 39.501820924883198 ], [ -0.356219215677509, 39.501642395713503 ], [ -0.356223606642621, 39.501620743915403 ], [ -0.356233410855643, 39.501572572331703 ], [ -0.356268674222103, 39.501399447000701 ], [ -0.356225238881481, 39.501011086762603 ], [ -0.356099457673726, 39.500647860957201 ], [ -0.355831237797871, 39.500362499261897 ], [ -0.355214042197092, 39.5000782087156 ], [ -0.355214785103825, 39.500077473964602 ], [ -0.356785871162121, 39.498492405833503 ], [ -0.356945402075094, 39.498270800891099 ], [ -0.356918751755571, 39.498054017013402 ], [ -0.356802592402793, 39.497900547139103 ], [ -0.356645929810519, 39.4976935928592 ], [ -0.356398284947918, 39.497366487718303 ], [ -0.356499028312106, 39.496855486746398 ], [ -0.356499058854807, 39.496855285027102 ], [ -0.357008888711162, 39.496296086340202 ], [ -0.357606515411804, 39.495640563685598 ], [ -0.358051950435325, 39.495151960832203 ], [ -0.357731680375283, 39.494700291129703 ], [ -0.357720829624976, 39.494684973849203 ], [ -0.357761490069698, 39.494191829927097 ], [ -0.357763825689418, 39.494163470288001 ], [ -0.357718400580458, 39.494143158235197 ], [ -0.356723407707147, 39.493698353918099 ], [ -0.35595729838169, 39.493050326249801 ], [ -0.3554995977613, 39.492547385006802 ], [ -0.355499418996544, 39.492547186741199 ], [ -0.355421508111949, 39.492461574063299 ], [ -0.354251137145735, 39.491304156180199 ], [ -0.354251092229947, 39.491304113892099 ], [ -0.35420000234479, 39.491253582963502 ], [ -0.351941698805963, 39.489432686256201 ], [ -0.351797046689015, 39.4893160369637 ], [ -0.351794251131848, 39.489314936746197 ], [ -0.350525386182945, 39.488818623909197 ], [ -0.35012189978825, 39.4887283027725 ], [ -0.349936053627305, 39.4887240661715 ], [ -0.349134232676069, 39.488714820660903 ], [ -0.348196036684908, 39.488621335972802 ], [ -0.348186409440015, 39.488619697762502 ], [ -0.346359369102766, 39.488309147713998 ], [ -0.345467669910736, 39.488062776120898 ], [ -0.34462236960142, 39.4878292099893 ], [ -0.344368953961431, 39.4877591973314 ], [ -0.344328016835636, 39.4877319152056 ], [ -0.343993168915164, 39.487508915732697 ], [ -0.343654672936312, 39.487283453675701 ], [ -0.342920943385299, 39.487096022753001 ], [ -0.342855572982084, 39.487079322068197 ], [ -0.34285541757352, 39.487079281857298 ], [ -0.342778829009018, 39.487060149103101 ], [ -0.342778783194966, 39.487060138703697 ], [ -0.342088255422564, 39.486896324202903 ], [ -0.341035093041338, 39.486466805096399 ], [ -0.341027994553974, 39.4864650351089 ], [ -0.339687701861861, 39.486129723922197 ], [ -0.337405604646081, 39.485915294078303 ], [ -0.336776200042284, 39.486053119725298 ], [ -0.336772552882235, 39.486053923954699 ], [ -0.336770678996556, 39.486054913295597 ], [ -0.336262430175092, 39.4863215072047 ], [ -0.33592275111503, 39.4866920909313 ], [ -0.33568873998351, 39.487063284165799 ], [ -0.335687601818054, 39.487065068697198 ], [ -0.33541013917623, 39.487328959068201 ], [ -0.33399127623612, 39.487692298838802 ], [ -0.333989497571867, 39.487692754327 ], [ -0.333988663036963, 39.487692239216301 ], [ -0.333913175807003, 39.487645692746902 ], [ -0.331910960396096, 39.486410903835399 ], [ -0.33150009703627, 39.486167711230699 ], [ -0.331467616650551, 39.486148479083703 ], [ -0.331446006778075, 39.486142032777501 ], [ -0.331445686079511, 39.486141935022097 ], [ -0.331445559417087, 39.486141896197303 ], [ -0.331433875030174, 39.4861384116697 ], [ -0.331433829216088, 39.486138397110402 ], [ -0.331228348578017, 39.4860770919977 ], [ -0.331042279634891, 39.486021577978903 ], [ -0.330828800397497, 39.485870497009699 ], [ -0.330068843633461, 39.485332611706902 ], [ -0.329099352134419, 39.484991932293198 ], [ -0.329013347429109, 39.484961708745097 ], [ -0.328247103356387, 39.484692445907598 ], [ -0.328246993761908, 39.484692407775299 ], [ -0.32765691560461, 39.484485061971398 ], [ -0.327655839422887, 39.484484681340398 ], [ -0.327557520611699, 39.484450125032801 ], [ -0.327545184047893, 39.484445800813198 ], [ -0.326788822341607, 39.484464437178403 ], [ -0.326529909910412, 39.484464184811003 ], [ -0.326404039769411, 39.4844640551607 ], [ -0.324742864366236, 39.484462416159097 ], [ -0.324078384143839, 39.484510162810402 ], [ -0.323816555781233, 39.484564095888402 ], [ -0.323701326184818, 39.4845878287868 ], [ -0.323534385069021, 39.484622213083803 ], [ -0.323534338356639, 39.4846222207103 ], [ -0.323527618059986, 39.484623607341199 ], [ -0.32352727759852, 39.484622455050904 ], [ -0.323244743068617, 39.484245734126397 ], [ -0.323263117209415, 39.484036090017298 ], [ -0.323241970867641, 39.483981545713199 ], [ -0.323237480189551, 39.483882716769102 ], [ -0.323248920234687, 39.483736030989398 ], [ -0.323265778019318, 39.483418181272398 ], [ -0.323261797584279, 39.483204220078299 ], [ -0.323237822447645, 39.483108152952099 ], [ -0.323157328008297, 39.482827044271403 ], [ -0.323118843283212, 39.482627490849403 ], [ -0.323114382249526, 39.482491838957102 ], [ -0.323097546024459, 39.482152438013102 ], [ -0.323070053983522, 39.481975443310397 ], [ -0.323024094376955, 39.4816306872208 ], [ -0.323026242248782, 39.481480480729601 ], [ -0.323014479708454, 39.480338819672802 ], [ -0.322993912780042, 39.4801599572966 ], [ -0.32297658158324, 39.479960116103904 ], [ -0.322983498610958, 39.479659561762197 ], [ -0.322978097041144, 39.479621597246599 ], [ -0.322922875804003, 39.4793272151935 ], [ -0.32289478907832, 39.479056556973298 ], [ -0.322785111968665, 39.478413052342098 ], [ -0.322757999915067, 39.4775350160781 ], [ -0.322693099330734, 39.476832653279999 ], [ -0.322630608926313, 39.4762798621217 ], [ -0.322590517115187, 39.475931178107601 ], [ -0.322569164160881, 39.475730747853298 ], [ -0.322559265624764, 39.475595341150402 ], [ -0.322551682047134, 39.475459154101301 ], [ -0.322545777420779, 39.475310389053298 ], [ -0.322541213080793, 39.475156226185 ], [ -0.322536689165044, 39.475001183036099 ], [ -0.322529950902083, 39.4748442770344 ], [ -0.322520834798571, 39.474687279841497 ], [ -0.322509533093988, 39.474527580745203 ], [ -0.322500054071116, 39.474413488043602 ], [ -0.322496010754013, 39.474365131187497 ], [ -0.322482689636688, 39.474197280900398 ], [ -0.322469717963968, 39.474020363033603 ], [ -0.322459525678767, 39.473831870793603 ], [ -0.322449816687171, 39.473630784751698 ], [ -0.322441836054191, 39.473414367147903 ], [ -0.322435169656464, 39.473193501214702 ], [ -0.322427136022888, 39.472979815757803 ], [ -0.322419636886885, 39.472780532953998 ], [ -0.322409307159428, 39.472595632123998 ], [ -0.322395194626327, 39.472418724052901 ], [ -0.322377418763463, 39.4722453888226 ], [ -0.322357322552262, 39.472071919326403 ], [ -0.322336248075689, 39.4718940030453 ], [ -0.322317749069028, 39.471709782901797 ], [ -0.322299356063591, 39.471522866845703 ], [ -0.322279749434209, 39.471337715112298 ], [ -0.322258715381839, 39.471158876746102 ], [ -0.322235311573725, 39.470980872835597 ], [ -0.322212047902826, 39.470799270834398 ], [ -0.322185724570046, 39.470606785274001 ], [ -0.322157415062183, 39.470405235695999 ], [ -0.322127209210748, 39.470193714977 ], [ -0.322092633055467, 39.469973107189297 ], [ -0.322059195963972, 39.469755224014399 ], [ -0.322027540231655, 39.469549111045701 ], [ -0.322000942912727, 39.469363834090103 ], [ -0.321978110433168, 39.469202038899198 ], [ -0.321959064352508, 39.469061989186301 ], [ -0.321941634341059, 39.468941759311697 ], [ -0.321923709357877, 39.4688332288111 ], [ -0.321905714306087, 39.468726508108297 ], [ -0.321886818244109, 39.468613473151599 ], [ -0.321865822819281, 39.468493160671699 ], [ -0.321841775817446, 39.468362904209798 ], [ -0.321815750725335, 39.468223580960903 ], [ -0.321787740356473, 39.468075170759498 ], [ -0.321760003075428, 39.467919609749401 ], [ -0.321734843959286, 39.467757761962901 ], [ -0.321711097893046, 39.467588748017 ], [ -0.321687627609614, 39.467412547054899 ], [ -0.321663292248577, 39.467229116025599 ], [ -0.321640410361678, 39.4670375963303 ], [ -0.321622638990399, 39.466834496859803 ], [ -0.321611083960901, 39.466620694090203 ], [ -0.321606628317097, 39.466404396154701 ], [ -0.321605280844151, 39.466196273902398 ], [ -0.3216069058965, 39.466002607752699 ], [ -0.321607039745501, 39.465817964924803 ], [ -0.321605915953066, 39.465635062997301 ], [ -0.321600370652817, 39.465445771312801 ], [ -0.321590253826105, 39.4652554152714 ], [ -0.321578699694904, 39.465071407796898 ], [ -0.321566850916322, 39.464896321869702 ], [ -0.321555903147929, 39.464727626231898 ], [ -0.321543799247804, 39.464557975214397 ], [ -0.321533126363923, 39.464382070338701 ], [ -0.321515941592515, 39.4641933973326 ], [ -0.321485479721241, 39.463987274824703 ], [ -0.321439388062334, 39.463765514142999 ], [ -0.321384853138075, 39.463551645075299 ], [ -0.321336954068809, 39.463375786202903 ], [ -0.321304160171036, 39.463261526105903 ], [ -0.321288276160192, 39.463211458885603 ], [ -0.3212834351391, 39.463196181135899 ], [ -0.321271986110827, 39.463160788952301 ], [ -0.321238622681161, 39.463151920791297 ], [ -0.321229343982608, 39.4631518743249 ], [ -0.321188653893482, 39.463151635057201 ], [ -0.321130577810365, 39.463150295851698 ], [ -0.321066756102679, 39.463148826262596 ], [ -0.321001690228347, 39.4631473261583 ], [ -0.320936675557982, 39.463145828134401 ], [ -0.320871691430319, 39.463143465972699 ], [ -0.320809040227452, 39.463141116294501 ], [ -0.320748673440369, 39.463138801986197 ], [ -0.320690718629827, 39.463135660296899 ], [ -0.320635009607462, 39.463133506887303 ], [ -0.320580412699437, 39.463132248130997 ], [ -0.320522370752309, 39.463130010110604 ], [ -0.320453955958598, 39.463126622217899 ], [ -0.320372918038506, 39.463118444114698 ], [ -0.320287320270015, 39.463107471084903 ], [ -0.320206550946188, 39.463092119104601 ], [ -0.320139934579666, 39.463071637771002 ], [ -0.320086277309438, 39.463046968894197 ], [ -0.320039740984435, 39.4630179647475 ], [ -0.319999211693789, 39.462983707783899 ], [ -0.319963482999965, 39.462945949162801 ], [ -0.319928931997537, 39.462907329848001 ], [ -0.319893410814542, 39.462864169955601 ], [ -0.319846790946242, 39.462806323091101 ], [ -0.319777029577915, 39.462716434229201 ], [ -0.319675220811836, 39.462583460780202 ], [ -0.319545812206935, 39.462412898776599 ], [ -0.319400021924532, 39.462214062169501 ], [ -0.319243566843087, 39.461990647984102 ], [ -0.319066329237526, 39.461734332767001 ], [ -0.318857109811235, 39.461432207866402 ], [ -0.318608118374018, 39.461076033309901 ], [ -0.318332623042705, 39.460685018331198 ], [ -0.318047153716752, 39.460281119008997 ], [ -0.317768386721176, 39.459883756939902 ], [ -0.317492922830861, 39.459490916733301 ], [ -0.317217618840696, 39.459095386032601 ], [ -0.316939035999725, 39.458693450010301 ], [ -0.316745744601736, 39.458413054156097 ], [ -0.31665719227429, 39.458286087193898 ], [ -0.31637767877866, 39.457878758753303 ], [ -0.316107064892607, 39.457481527235601 ], [ -0.315860607602836, 39.457120899731997 ], [ -0.315661454697585, 39.456829814139098 ], [ -0.315510489220837, 39.456616425921702 ], [ -0.315344177824072, 39.456377482167397 ], [ -0.315079105644981, 39.455987551942698 ], [ -0.314628555614253, 39.455315018022397 ], [ -0.313888545042735, 39.4542213851825 ], [ -0.312746002087373, 39.4525671458088 ], [ -0.311690347779565, 39.4510716319705 ], [ -0.3116397968836, 39.4510272168624 ], [ -0.311544842263108, 39.4510187113219 ], [ -0.310068320058167, 39.451009779879001 ], [ -0.308255613239605, 39.451010150288297 ], [ -0.308023764352965, 39.450995782704702 ], [ -0.307474318792579, 39.4509010847651 ], [ -0.302562327225752, 39.4493000741749 ], [ -0.302483474906765, 39.449400768264503 ], [ -0.302232876383508, 39.449421078123002 ], [ -0.301991054400626, 39.449273148771802 ], [ -0.301925372281984, 39.4491094693443 ], [ -0.301969349306723, 39.44896274285 ], [ -0.302010941304369, 39.448818638128003 ], [ -0.30205417093079, 39.448632266166697 ], [ -0.302022702048069, 39.448334277678001 ], [ -0.301979902714691, 39.447967537939697 ], [ -0.30197605702695, 39.447555740757601 ], [ -0.301967806001043, 39.447078091294998 ], [ -0.301980606993849, 39.446596408191503 ], [ -0.301984877584717, 39.446425369293301 ], [ -0.301999135644914, 39.445935597977297 ], [ -0.302021930395229, 39.445555989176199 ], [ -0.302004157227356, 39.445204221681699 ], [ -0.302050027002379, 39.444799022706199 ], [ -0.302045751021629, 39.444578194987102 ], [ -0.302017480141341, 39.444166735721097 ], [ -0.302056645789393, 39.443845142972002 ], [ -0.302039314592625, 39.443451080794397 ], [ -0.302023111679845, 39.442968764895497 ], [ -0.302031775032453, 39.442744606311699 ], [ -0.302042873717792, 39.442427790999297 ], [ -0.302048141438605, 39.442081062983398 ], [ -0.302009451897648, 39.441728851978901 ], [ -0.302080715249122, 39.441417896974997 ], [ -0.302066206558968, 39.441192366022001 ], [ -0.302025196669608, 39.440810326821897 ], [ -0.302015245132896, 39.440346167675798 ], [ -0.30205775071719, 39.439847171672099 ], [ -0.302103025807501, 39.439607713871297 ], [ -0.302096865161307, 39.439286850033596 ], [ -0.302086704317104, 39.438737112941602 ], [ -0.302095091886937, 39.438309395194899 ], [ -0.302075964957904, 39.437992762291998 ], [ -0.30205236441876, 39.4375814403422 ], [ -0.302053368735248, 39.437014827924003 ], [ -0.302072182152227, 39.436286471016501 ], [ -0.302076691694956, 39.435839730836904 ], [ -0.302072468714801, 39.4353171492019 ], [ -0.302070923612527, 39.434966680843203 ], [ -0.30206339573045, 39.434619692972497 ], [ -0.302090437715441, 39.4342509667716 ], [ -0.30211410203498, 39.434210077324899 ], [ -0.302125420807541, 39.4341571660649 ], [ -0.302132619007916, 39.434091598813701 ], [ -0.302130880767832, 39.433955551878299 ], [ -0.302184806634359, 39.4338234317079 ], [ -0.302269876193458, 39.433726331298999 ], [ -0.302384948584714, 39.433633506095603 ], [ -0.302483676129382, 39.43357454217 ], [ -0.302585132755898, 39.4335336509386 ], [ -0.302695450364351, 39.433504680982502 ], [ -0.302917620802096, 39.4334972362416 ], [ -0.303023908568203, 39.433512299872604 ], [ -0.303146846608111, 39.433548491844 ], [ -0.303253715584173, 39.433577977293197 ], [ -0.30342354119035, 39.433723349943101 ], [ -0.303487831818587, 39.433832973836502 ], [ -0.303502901057497, 39.4338936901351 ], [ -0.303510866419093, 39.4339893159433 ], [ -0.303498390616437, 39.434101641842801 ], [ -0.303433912240307, 39.434206450739097 ], [ -0.303340409297324, 39.434281768788402 ], [ -0.303232173983676, 39.434317081988098 ], [ -0.303166835021493, 39.434324569658003 ], [ -0.303083912435924, 39.434335262759703 ], [ -0.303029140356432, 39.434340303336903 ], [ -0.302991164976101, 39.434360124284098 ], [ -0.302940766793709, 39.434402200068 ], [ -0.302883838757516, 39.434463051858401 ], [ -0.302855000141963, 39.434517326232097 ], [ -0.302835482445793, 39.434571816339698 ], [ -0.302794000042594, 39.437901308828202 ], [ -0.302850732246053, 39.437936865791599 ], [ -0.302916833877905, 39.438030295093498 ], [ -0.302932742143271, 39.438129774715001 ], [ -0.302882571234678, 39.438224970810303 ], [ -0.302809518439119, 39.4382818362864 ], [ -0.302777216818156, 39.4383062891553 ], [ -0.302772579714638, 39.4383350531443 ], [ -0.302787357001058, 39.441321675029101 ], [ -0.302849047904895, 39.441348348207903 ], [ -0.302926650667353, 39.441444737309702 ], [ -0.30291083762338, 39.441583092969303 ], [ -0.302836703256249, 39.441667862930501 ], [ -0.30279928213646, 39.441703929953597 ], [ -0.302786636552219, 39.441730645304297 ], [ -0.302767910271793, 39.444607160338101 ], [ -0.303817117370832, 39.444621088731502 ], [ -0.303951633796396, 39.444627842731798 ], [ -0.30396747738307, 39.445398653280797 ], [ -0.304427845101576, 39.445415375764497 ], [ -0.30442214618939, 39.445713466231702 ], [ -0.303948964901686, 39.445700688910698 ], [ -0.303922464600811, 39.446799119978998 ], [ -0.303928752807793, 39.446876739955201 ], [ -0.303947992026263, 39.446919526842798 ], [ -0.303981422829545, 39.446957237968398 ], [ -0.304034606687636, 39.446993599845598 ], [ -0.304072549728604, 39.447004402686602 ], [ -0.307526498334182, 39.447044771292497 ], [ -0.30766528355402, 39.446850723045202 ], [ -0.307785114321334, 39.446876887711603 ], [ -0.31050927608166, 39.442002326290201 ], [ -0.313226554051995, 39.441766986323202 ], [ -0.313217528678323, 39.441730707047398 ], [ -0.313508015095132, 39.441699596833601 ], [ -0.313564105003167, 39.441842326028997 ], [ -0.313560419215543, 39.441907129113602 ], [ -0.313505235707646, 39.441983287281502 ], [ -0.313414001010768, 39.441998299821897 ], [ -0.312020845159128, 39.442121963072402 ], [ -0.312080948739827, 39.442492728123803 ], [ -0.312653107303859, 39.442690613760199 ], [ -0.312634716993346, 39.442714519807097 ], [ -0.31301209205771, 39.442842131895198 ], [ -0.310153580958414, 39.447950628774898 ], [ -0.309697081385543, 39.447795919715901 ], [ -0.309581631701839, 39.447806752954499 ], [ -0.309392631555951, 39.447826697707498 ], [ -0.309240498269342, 39.447854689859 ], [ -0.309055115639099, 39.447901779745401 ], [ -0.308880861338599, 39.447961677030499 ], [ -0.308702870944837, 39.448056670313399 ], [ -0.308536002592605, 39.448165442703797 ], [ -0.308423314330079, 39.448286207917597 ], [ -0.308307495438835, 39.448427693032897 ], [ -0.308249415762463, 39.448547968751001 ], [ -0.308218634989252, 39.448652640067401 ], [ -0.308187089749711, 39.4487474062703 ], [ -0.308180461081229, 39.449824677672098 ], [ -0.308199227785825, 39.4499404227574 ], [ -0.308223689809353, 39.450029291789498 ], [ -0.308359894169363, 39.4502333247138 ], [ -0.308470385152655, 39.450351193791299 ], [ -0.30859266293083, 39.450435094333599 ], [ -0.308756686318554, 39.4505199950259 ], [ -0.308859888371665, 39.450556590191702 ], [ -0.308976939751493, 39.450594422818 ], [ -0.30910483200016, 39.450622626115099 ], [ -0.309202016239182, 39.450633897303398 ], [ -0.309295711421643, 39.450644164078803 ], [ -0.309424483121002, 39.450680462295402 ], [ -0.309855610676985, 39.450678758681804 ], [ -0.309831825983203, 39.449969204138903 ], [ -0.312343411313018, 39.449954323725002 ], [ -0.312372682916572, 39.450672968059898 ], [ -0.313020932378412, 39.45067625806 ], [ -0.313892042184135, 39.450670368938901 ], [ -0.313893953799059, 39.450598425898697 ], [ -0.313886736734078, 39.450581871830401 ], [ -0.313693431861365, 39.450593607773897 ], [ -0.313493898070446, 39.448892652923199 ], [ -0.313676921724745, 39.448877066815101 ], [ -0.313629102605553, 39.448519218691096 ], [ -0.31428750662335, 39.448469557766103 ], [ -0.31426832130384, 39.448123181696999 ], [ -0.314269269026478, 39.447947580047099 ], [ -0.314313212813524, 39.447681020134603 ], [ -0.314383725173458, 39.447447525831898 ], [ -0.314491099002723, 39.447132910790899 ], [ -0.314515966166408, 39.4470604778191 ], [ -0.314408284215006, 39.4469300952277 ], [ -0.315010992685194, 39.446697158911398 ], [ -0.320722693264047, 39.454911498851999 ], [ -0.320891730149372, 39.454837905928699 ], [ -0.32104208207677, 39.455037804716298 ], [ -0.321019069035827, 39.4551525853418 ], [ -0.323288170324399, 39.458406490145897 ], [ -0.323377682052544, 39.458405856910197 ], [ -0.323593172617873, 39.458332443156102 ], [ -0.32364031620398, 39.458406517195399 ], [ -0.323948291022716, 39.458406372237803 ], [ -0.324483463251554, 39.457904311698002 ], [ -0.324572745909306, 39.457848692659198 ], [ -0.32467087337938, 39.457805934682199 ], [ -0.324777702829603, 39.457776840266497 ], [ -0.324888660038556, 39.457763212745398 ], [ -0.325002484669877, 39.457764008285203 ], [ -0.32511344277716, 39.457780064734003 ], [ -0.325219152926533, 39.4578113161906 ], [ -0.325316212299725, 39.4578559079958 ], [ -0.325402378701746, 39.457912833736799 ], [ -0.325472969215094, 39.4579811362416 ], [ -0.325529317837926, 39.458057208859401 ], [ -0.32556684136565, 39.458140063907699 ], [ -0.325584449243558, 39.458226019847302 ], [ -0.325583398214653, 39.458314299165899 ], [ -0.32555695630429, 39.458413151256899 ], [ -0.325523509331294, 39.458482252963897 ], [ -0.325467207420878, 39.458556636178301 ], [ -0.324320896931222, 39.459659942023301 ], [ -0.324486612744944, 39.459763751874199 ], [ -0.324469735197377, 39.459930942724903 ], [ -0.324276065608643, 39.460011148915001 ], [ -0.324540378711321, 39.4603929080006 ], [ -0.325136287833145, 39.460157069790498 ], [ -0.325382543900301, 39.4604636480029 ], [ -0.324771556556429, 39.460728846080002 ], [ -0.325329649299742, 39.461480434308001 ], [ -0.325532773656826, 39.461547229705403 ], [ -0.325715747005488, 39.461260468864197 ], [ -0.326167607678214, 39.461417703724202 ], [ -0.325995961186988, 39.461682196299599 ], [ -0.326007400333827, 39.461716705660201 ], [ -0.326143488811144, 39.4617441679084 ], [ -0.326140439030765, 39.461854908688302 ], [ -0.326332843791586, 39.461867432676101 ], [ -0.326358471828313, 39.461684227690299 ], [ -0.328538656073418, 39.461837072162098 ], [ -0.328569649747341, 39.461634175287003 ], [ -0.32879395637885, 39.461604198895103 ], [ -0.328945674643833, 39.461617573213999 ], [ -0.329091002293865, 39.461616412220003 ], [ -0.329191690860797, 39.461596216886299 ], [ -0.329298572413285, 39.461567122667702 ], [ -0.329401106119821, 39.461529845292198 ], [ -0.32950162221021, 39.461484408327301 ], [ -0.329696841392838, 39.461393396292699 ], [ -0.329814685086739, 39.461473589700702 ], [ -0.331198951210336, 39.460253156127997 ], [ -0.331021332719106, 39.460126587157497 ], [ -0.331114191570003, 39.459856642125999 ], [ -0.331289327117789, 39.459774187919798 ], [ -0.33047193566773, 39.458781583779398 ], [ -0.330733345415422, 39.458662352229602 ], [ -0.330530056666635, 39.458412927231599 ], [ -0.329925141934076, 39.4576726702565 ], [ -0.330177600868255, 39.457543359705902 ], [ -0.329757642066184, 39.457039110906202 ], [ -0.329672194316375, 39.456963259124898 ], [ -0.328070755082953, 39.456054453183398 ], [ -0.326581264798579, 39.457474205047902 ], [ -0.326490829602285, 39.457528892900598 ], [ -0.326391680747744, 39.457569840790597 ], [ -0.326284872857085, 39.457597145150402 ], [ -0.326173997394835, 39.457609891851497 ], [ -0.326062523654618, 39.457607327668804 ], [ -0.325952790849375, 39.457590377149202 ], [ -0.325848224255374, 39.457559170676397 ], [ -0.325752337183628, 39.457513719328503 ], [ -0.325667326015041, 39.457457683825801 ], [ -0.325596701365703, 39.457390306052403 ], [ -0.325541491806657, 39.457314259755698 ], [ -0.325503986245242, 39.457232328277897 ], [ -0.325485154861921, 39.457147193708202 ], [ -0.32548499226688, 39.457060716243902 ], [ -0.325504568353527, 39.456974711007597 ], [ -0.325542553615326, 39.456892686882497 ], [ -0.325597749699649, 39.456817355136103 ], [ -0.326881185322473, 39.455589276855399 ], [ -0.326716486401665, 39.455490012220501 ], [ -0.326798753217052, 39.455344161326003 ], [ -0.322720941714639, 39.454045853014399 ], [ -0.323100167308456, 39.453337498773102 ], [ -0.323722701596985, 39.453315818061697 ], [ -0.323801117334782, 39.453087866028397 ], [ -0.325245316359163, 39.453335524016197 ], [ -0.325258691375447, 39.453290773942797 ], [ -0.323818755755391, 39.453022517056297 ], [ -0.323914970712211, 39.452786010877396 ], [ -0.325229874319425, 39.453041485071203 ], [ -0.325285803429012, 39.453006718928002 ], [ -0.325368468198114, 39.453003232740699 ], [ -0.325296152919405, 39.452979948944403 ], [ -0.325362743234778, 39.452910298661898 ], [ -0.325318795854477, 39.452843533819802 ], [ -0.32547339771151, 39.452568721747497 ], [ -0.325471237263223, 39.452534429814797 ], [ -0.325471955017138, 39.452485808045303 ], [ -0.325515444256686, 39.4524426798409 ], [ -0.325556916778418, 39.452421089717298 ], [ -0.325611039375942, 39.452403456783799 ], [ -0.325648179323073, 39.452404311343997 ], [ -0.325688670884507, 39.452409729339202 ], [ -0.325932187090015, 39.452483777773402 ], [ -0.326176393201694, 39.452022762318897 ], [ -0.326164011722133, 39.451981944345199 ], [ -0.325040051316762, 39.451626353342903 ], [ -0.324999618145806, 39.451680402781797 ], [ -0.324599256989979, 39.451545934947397 ], [ -0.324633808890772, 39.451492672691998 ], [ -0.323344559371401, 39.4510837479515 ], [ -0.323475699029842, 39.450846216905397 ], [ -0.320456541309978, 39.4498857372675 ], [ -0.321351843644632, 39.448203712953202 ], [ -0.321803921709689, 39.448352868916203 ], [ -0.321664219309948, 39.448602780846699 ], [ -0.325210176960202, 39.449733021240199 ], [ -0.325302398905591, 39.449569390756601 ], [ -0.325547506027491, 39.449540788175398 ], [ -0.324987912199329, 39.4461911188112 ], [ -0.31846817702245, 39.444110377995898 ], [ -0.318622688149609, 39.443868927221402 ], [ -0.318597872189891, 39.443516112005199 ], [ -0.3179198857972, 39.4435031497501 ], [ -0.317845163931868, 39.443753674299302 ], [ -0.317943077602899, 39.443776687854204 ], [ -0.317858085298917, 39.444053078153601 ], [ -0.317409076777176, 39.443976041917601 ], [ -0.3174902799873, 39.443706741164199 ], [ -0.31755983204817, 39.443711074853098 ], [ -0.317618883701702, 39.443504342263701 ], [ -0.316421249764911, 39.443499196903502 ], [ -0.316420873370794, 39.443538821787001 ], [ -0.315981745418894, 39.443536821778103 ], [ -0.315969743926672, 39.443244651286101 ], [ -0.318814042779856, 39.443251453287097 ], [ -0.318835059764248, 39.4432098906573 ], [ -0.318868951403307, 39.443143978125001 ], [ -0.318948162150103, 39.442987250037902 ], [ -0.319085228892793, 39.442715665160499 ], [ -0.31924852105188, 39.442396930148199 ], [ -0.319393995127305, 39.442118304986501 ], [ -0.319490080726709, 39.441945767709903 ], [ -0.319544469225608, 39.441860531892601 ], [ -0.319577284682911, 39.4418225418977 ], [ -0.319605078557806, 39.441795252163701 ], [ -0.31963261820949, 39.441773379160502 ], [ -0.319658910101204, 39.441754170815997 ], [ -0.319684024301625, 39.441735819238701 ], [ -0.319713736079623, 39.441719383081001 ], [ -0.319750301104944, 39.441704047196197 ], [ -0.319795011154982, 39.441689744985503 ], [ -0.319845455151425, 39.441677403290797 ], [ -0.319896933108795, 39.441667779681197 ], [ -0.319945992801411, 39.441661676819102 ], [ -0.319991429588467, 39.441658242788201 ], [ -0.320036793611991, 39.441656575722298 ], [ -0.320080954791369, 39.441656724877099 ], [ -0.320126181372671, 39.4416586361409 ], [ -0.320174814365499, 39.441662469074302 ], [ -0.320230366182672, 39.441668231308299 ], [ -0.320291582776042, 39.441677759181196 ], [ -0.320358321313436, 39.441694628938301 ], [ -0.320443195938098, 39.441723596876002 ], [ -0.320601376683233, 39.441779468831697 ], [ -0.320899562560331, 39.441880062797402 ], [ -0.321374706666926, 39.442033330920303 ], [ -0.321939412807337, 39.442213891755301 ], [ -0.322478852932085, 39.442385774174298 ], [ -0.32290240589361, 39.442520743925101 ], [ -0.323224919046904, 39.442623680947499 ], [ -0.323487784963657, 39.442707164154598 ], [ -0.32372653560663, 39.442782948219701 ], [ -0.323940068742916, 39.442850003669903 ], [ -0.324123750862321, 39.4429073988494 ], [ -0.324272945759657, 39.4429558517934 ], [ -0.324395767916873, 39.442995630994297 ], [ -0.324502459026544, 39.443030520763799 ], [ -0.32459994599782, 39.443063370950803 ], [ -0.324697447342117, 39.4430971791625 ], [ -0.324799478890409, 39.443131962046898 ], [ -0.324910774764201, 39.443169632906098 ], [ -0.325028896037539, 39.443209303069501 ], [ -0.32514709995591, 39.443248033902897 ], [ -0.325263039221399, 39.443284942292799 ], [ -0.325374392587405, 39.443319940138899 ], [ -0.325483483995486, 39.443353060049098 ], [ -0.325591401305528, 39.443387108843197 ], [ -0.325697020725061, 39.443420144780603 ], [ -0.325801429215573, 39.443454982307998 ], [ -0.325904652828247, 39.443489751832999 ], [ -0.326003157590735, 39.443527181775998 ], [ -0.326095817913974, 39.443564443123897 ], [ -0.326179170792552, 39.443602375976901 ], [ -0.326254476562832, 39.443639232843502 ], [ -0.326319341214547, 39.4436740841359 ], [ -0.326377378670123, 39.443706929856901 ], [ -0.326430709851904, 39.443739704802802 ], [ -0.326485161232833, 39.443774293124001 ], [ -0.326542877091547, 39.443814366689402 ], [ -0.326605081831691, 39.443859025038499 ], [ -0.326672809414223, 39.443911045128701 ], [ -0.326746132602675, 39.443968594133501 ], [ -0.3268216719349, 39.444027950231401 ], [ -0.326892593926577, 39.444087272286502 ], [ -0.326956790231752, 39.444140980717997 ], [ -0.327014127899688, 39.444190931929299 ], [ -0.327064591659102, 39.444238973299399 ], [ -0.327108132102585, 39.444284973025901 ], [ -0.327149315366784, 39.444331877328899 ], [ -0.327188074976348, 39.444382307067698 ], [ -0.327229012102176, 39.444435499146998 ], [ -0.327269782141344, 39.444493185767797 ], [ -0.327310524332735, 39.444552684323902 ], [ -0.32735115692968, 39.444613985098599 ], [ -0.327392871098198, 39.4446780037892 ], [ -0.327439129843764, 39.444743939149603 ], [ -0.327784509612607, 39.444612873074803 ], [ -0.328236125943623, 39.444441522682403 ], [ -0.328192116579522, 39.444376563094899 ], [ -0.328140300855644, 39.444304195240399 ], [ -0.328089483160007, 39.444235461699201 ], [ -0.328044056254386, 39.444177686068898 ], [ -0.327998561076852, 39.444121677986999 ], [ -0.327944204917316, 39.444054675096503 ], [ -0.327869721105514, 39.443966488691402 ], [ -0.327761429198016, 39.443851364963002 ], [ -0.327604349787455, 39.4437054300274 ], [ -0.327391470624689, 39.443530263996202 ], [ -0.327137163855947, 39.443343334693203 ], [ -0.326866202321851, 39.443167757757699 ], [ -0.326599939875005, 39.443021108928797 ], [ -0.326356834199571, 39.442907403705497 ], [ -0.326155555880388, 39.442823537104601 ], [ -0.326007827033581, 39.442767872718697 ], [ -0.325905785603821, 39.442732167681399 ], [ -0.325833482003241, 39.4427088853067 ], [ -0.325779669324448, 39.442688773979299 ], [ -0.325737311063879, 39.442671543721701 ], [ -0.325704235095117, 39.442655469220099 ], [ -0.325678178561975, 39.442638673231599 ], [ -0.32565554910166, 39.442621918169401 ], [ -0.32563650391933, 39.442603473166599 ], [ -0.325617534195457, 39.442583221674496 ], [ -0.325600920752603, 39.442562121045398 ], [ -0.325586716591331, 39.442539268035603 ], [ -0.325575976333801, 39.442516514222497 ], [ -0.325568741302478, 39.442492916126 ], [ -0.325563833806101, 39.4424693728267 ], [ -0.325562472858432, 39.442444099342403 ], [ -0.325563471785038, 39.442418019727597 ], [ -0.325569098831956, 39.442392925902297 ], [ -0.325577006701405, 39.442367870223499 ], [ -0.325588361406617, 39.442344736186598 ], [ -0.325604298418056, 39.442322558805401 ], [ -0.325623716401248, 39.442301381092399 ], [ -0.32564537927432, 39.442281182236599 ], [ -0.325670498864623, 39.442262828023203 ], [ -0.325696685653444, 39.442246328166 ], [ -0.325725235909828, 39.442228959051299 ], [ -0.325757295884006, 39.442210769239999 ], [ -0.325798948068757, 39.442185603191298 ], [ -0.325873763358888, 39.4421431900954 ], [ -0.326006791276061, 39.442066957178497 ], [ -0.32622058761873, 39.4419457538351 ], [ -0.326519782303902, 39.441777878080302 ], [ -0.326902063966312, 39.441564166926398 ], [ -0.327355509267217, 39.441312425299998 ], [ -0.327827926088624, 39.4410512297314 ], [ -0.328255280720432, 39.440813312730803 ], [ -0.328587716664365, 39.440627268303103 ], [ -0.328827585709824, 39.4404922678265 ], [ -0.328991453689016, 39.4403996507465 ], [ -0.32909364064584, 39.440340727235601 ], [ -0.329157719271696, 39.440305245731302 ], [ -0.329201649584019, 39.440280131025901 ], [ -0.329245596964354, 39.440255938315197 ], [ -0.329292998366962, 39.440230902680398 ], [ -0.329341629563163, 39.440204972088601 ], [ -0.329392581107767, 39.440179151794801 ], [ -0.329443538940583, 39.440153310678603 ], [ -0.329492233917178, 39.440125574897301 ], [ -0.329537480261416, 39.440095972199103 ], [ -0.329580479020816, 39.440065448175602 ], [ -0.32962479920198, 39.440031354744498 ], [ -0.329669184061868, 39.439994498049998 ], [ -0.32971248555349, 39.439955881959101 ], [ -0.329754605760528, 39.439917202714497 ], [ -0.329793237809338, 39.439880232182702 ], [ -0.329831949808189, 39.4398396818207 ], [ -0.329872132349155, 39.439791971809498 ], [ -0.329947607901019, 39.439671221697303 ], [ -0.330219230595145, 39.439161221853396 ], [ -0.33087450039097, 39.437884479779399 ], [ -0.330974375982561, 39.437702976664298 ], [ -0.331090800338316, 39.437483171286601 ], [ -0.331243790617722, 39.437189388013202 ], [ -0.331443045930908, 39.4368092902887 ], [ -0.331652330934221, 39.4364095886773 ], [ -0.331825267406212, 39.436079365327302 ], [ -0.331925757445452, 39.435881682230601 ], [ -0.331972378212082, 39.435787257909901 ], [ -0.331992538203677, 39.435745398041398 ], [ -0.332007710748819, 39.435713311055103 ], [ -0.332022912040069, 39.435680319334701 ], [ -0.332039268564753, 39.4356482642334 ], [ -0.332056682406554, 39.435617151996802 ], [ -0.33207411421463, 39.435586904920001 ], [ -0.332090320720665, 39.435557536186302 ], [ -0.332107681561837, 39.435529115871297 ], [ -0.332122677138885, 39.435501528804501 ], [ -0.332136568686433, 39.435473030066603 ], [ -0.332145794384424, 39.435444441122399 ], [ -0.332153905273117, 39.435413985135099 ], [ -0.332162204808034, 39.435379933830902 ], [ -0.332171842832692, 39.435340545056597 ], [ -0.332186135927176, 39.435300298020799 ], [ -0.332209673584257, 39.4352621157323 ], [ -0.332243499646295, 39.435228633276303 ], [ -0.332286322335897, 39.435202602995403 ], [ -0.332331150065188, 39.435183834794799 ], [ -0.332376824905808, 39.435174072913902 ], [ -0.33241993864957, 39.435171426729397 ], [ -0.332461625868641, 39.435175112932399 ], [ -0.33249965963945, 39.435182259850301 ], [ -0.332537563154546, 39.435193938721497 ], [ -0.332573039421752, 39.435208292913998 ], [ -0.332610688713604, 39.435225359197801 ], [ -0.332643557171535, 39.435246869314597 ], [ -0.332670319780496, 39.435276281889003 ], [ -0.332685097965246, 39.4353153633433 ], [ -0.332689249978464, 39.435358702665397 ], [ -0.332682986026004, 39.435401769294899 ], [ -0.332667543986265, 39.435441078247003 ], [ -0.332644212043386, 39.435473866101901 ], [ -0.33261882206019, 39.435499407842698 ], [ -0.332570098337522, 39.435528032148397 ], [ -0.33254152023336, 39.435546266720699 ], [ -0.332534375033614, 39.435581231683599 ], [ -0.332526333315164, 39.435609901746702 ], [ -0.332514601317572, 39.435642969124999 ], [ -0.332500469919832, 39.435677755038199 ], [ -0.332487703961346, 39.435708104758397 ], [ -0.332458603936005, 39.435739853865201 ], [ -0.332530864417457, 39.435764019004701 ], [ -0.332736857993605, 39.435846249102497 ], [ -0.333109682192705, 39.436000719675498 ], [ -0.33355219769156, 39.436185655976402 ], [ -0.333928359131944, 39.436343795286902 ], [ -0.334159858573913, 39.436433530182299 ], [ -0.334183998102216, 39.436190219086598 ], [ -0.334224961279193, 39.435786691073602 ], [ -0.334274420722084, 39.435313950752601 ], [ -0.334308980707718, 39.435009611728297 ], [ -0.334319893441791, 39.434913242167802 ], [ -0.33435159498816, 39.434692372698002 ], [ -0.334365549417772, 39.434599874180499 ], [ -0.334322855187254, 39.434592584971 ], [ -0.334289297721515, 39.434589122145297 ], [ -0.334251120220271, 39.434584647738397 ], [ -0.334205961910915, 39.434580901142297 ], [ -0.334159701368721, 39.434576242180398 ], [ -0.334111026155062, 39.434572413713703 ], [ -0.334064759324688, 39.434567736711998 ], [ -0.334019634252992, 39.434563124928601 ], [ -0.333977986559793, 39.434558554079899 ], [ -0.33393743570955, 39.434554930287497 ], [ -0.333899270784732, 39.434551362 ], [ -0.333864488915215, 39.434548776153697 ], [ -0.333829726808669, 39.434547056187697 ], [ -0.333798427707566, 39.434545432661899 ], [ -0.333768272161768, 39.434543854233901 ], [ -0.333738150751993, 39.434541375234701 ], [ -0.333708134445079, 39.434536168850499 ], [ -0.333677083278975, 39.434528223285596 ], [ -0.33364386807133, 39.4345157818004 ], [ -0.333608769096572, 39.434491528113497 ], [ -0.333572151070622, 39.434447461133203 ], [ -0.333549085029084, 39.434381160791602 ], [ -0.333606272678371, 39.4343140257253 ], [ -0.333825058264153, 39.434273103706197 ], [ -0.33389175278409, 39.433599460165603 ], [ -0.333013407947077, 39.433556035102498 ], [ -0.333005850420596, 39.434277064014502 ], [ -0.33302230486163, 39.434446602883497 ], [ -0.333176789937673, 39.434617816206398 ], [ -0.333310339776027, 39.434731539125004 ], [ -0.333349014943964, 39.434753122938403 ], [ -0.333375252936786, 39.434766346307597 ], [ -0.333404873984944, 39.434780529216603 ], [ -0.333441430925425, 39.434797622663901 ], [ -0.33348253513788, 39.434816556095797 ], [ -0.333525851002589, 39.434837382240602 ], [ -0.333570322100731, 39.434859120741002 ], [ -0.333613581371523, 39.434882620127297 ], [ -0.333649748443197, 39.434908687299703 ], [ -0.33367526508885, 39.434940783676097 ], [ -0.333686614404146, 39.434978866232001 ], [ -0.333682732783788, 39.435019329228297 ], [ -0.333666204680892, 39.435055884666802 ], [ -0.333637248386019, 39.435084038752201 ], [ -0.333599361040604, 39.435102985288601 ], [ -0.333557088119958, 39.435114635726997 ], [ -0.333513951918336, 39.435119069858899 ], [ -0.333472161392999, 39.4351181110152 ], [ -0.333431766849617, 39.435111761970902 ], [ -0.333396122597454, 39.435101939718599 ], [ -0.333361753953003, 39.435088531166002 ], [ -0.333328677984241, 39.435072463240097 ], [ -0.333295737661075, 39.435052829824002 ], [ -0.333259433147178, 39.435030376760103 ], [ -0.333219829121243, 39.435003325810797 ], [ -0.333174478572442, 39.434973432310699 ], [ -0.333126920863005, 39.434941711994597 ], [ -0.333083930188446, 39.434911044175102 ], [ -0.333047832287082, 39.434883148811402 ], [ -0.33301634723468, 39.434855415094503 ], [ -0.332983924341142, 39.434822241189202 ], [ -0.33295067409921, 39.434780926077103 ], [ -0.332918801872926, 39.434733368708798 ], [ -0.332890504043159, 39.434683163717402 ], [ -0.332872627568986, 39.434634122215201 ], [ -0.332860350294022, 39.434590595112503 ], [ -0.33285192230002, 39.4345372296929 ], [ -0.332849689986533, 39.434504748063297 ], [ -0.332846163200728, 39.434474961196798 ], [ -0.332841977051521, 39.434432508021203 ], [ -0.332836994994952, 39.434381067820297 ], [ -0.332829985440767, 39.4343205358078 ], [ -0.332823256160977, 39.434253710125603 ], [ -0.33281784111644, 39.434182441168502 ], [ -0.332813686408264, 39.434109362659001 ], [ -0.332811990389011, 39.434031833220303 ], [ -0.332811613994894, 39.433950761742402 ], [ -0.332812615616457, 39.433863406925099 ], [ -0.332814796725943, 39.433775156273903 ], [ -0.332816924834867, 39.433689655131502 ], [ -0.332819882088779, 39.433612236931403 ], [ -0.332820369873969, 39.433538361313197 ], [ -0.332820897185032, 39.433463614866099 ], [ -0.332819343997917, 39.433383394745398 ], [ -0.332816276251229, 39.433280636951402 ], [ -0.332811193583352, 39.433140915998401 ], [ -0.332805486586359, 39.432955218808999 ], [ -0.332799743656748, 39.432740648681303 ], [ -0.332794068100786, 39.432524328735703 ], [ -0.332792222062851, 39.432329684962902 ], [ -0.332791389324608, 39.432168435777797 ], [ -0.332792354115224, 39.4320522441582 ], [ -0.332791428850481, 39.431985546742297 ], [ -0.332791374053224, 39.431955803898198 ], [ -0.332771536556821, 39.431928341001601 ], [ -0.332731786105492, 39.4319039982961 ], [ -0.332704646204117, 39.431884443778799 ], [ -0.332674282249226, 39.4318585641997 ], [ -0.332646488374331, 39.431826360939397 ], [ -0.332625907072831, 39.431787201899098 ], [ -0.332619530830967, 39.431741080822597 ], [ -0.332628237302702, 39.431696241937097 ], [ -0.332652882582504, 39.4316589673019 ], [ -0.332693269041045, 39.431635561884903 ], [ -0.332741300162651, 39.431624984934601 ], [ -0.332788996212674, 39.431623366891301 ], [ -0.332833045102648, 39.4316261471225 ], [ -0.332902556739315, 39.431624977302299 ], [ -0.332902098598529, 39.431594706982999 ], [ -0.332901804849411, 39.431576100863701 ], [ -0.332867533223013, 39.431544082729303 ], [ -0.332844078210965, 39.431519209098497 ], [ -0.33280836029694, 39.431511213926598 ], [ -0.332765217807104, 39.431485887897097 ], [ -0.332760487278823, 39.431457848923699 ], [ -0.332764588088106, 39.431380455997498 ], [ -0.332766460177157, 39.431209360305303 ], [ -0.332761134065833, 39.430922758988302 ], [ -0.332750518674099, 39.430592785784498 ], [ -0.332741451977961, 39.430313327960903 ], [ -0.332735988424381, 39.430148613144503 ], [ -0.332685018913502, 39.430148976032399 ], [ -0.332644339604174, 39.430148948278102 ], [ -0.332590846725615, 39.430150449787298 ], [ -0.332523358094944, 39.430153407011097 ], [ -0.332444237179692, 39.430156960258799 ], [ -0.332355844752363, 39.430160372653297 ], [ -0.332262817018145, 39.430161820041299 ], [ -0.332165291419327, 39.430161371115098 ], [ -0.332067723599712, 39.430160938147601 ], [ -0.331972513857677, 39.430159639939099 ], [ -0.331883103639137, 39.430158513113398 ], [ -0.331808812965145, 39.4301577082379 ], [ -0.331748442584774, 39.430156323296998 ], [ -0.331686855885534, 39.430156702143599 ], [ -0.33160203965135, 39.430157450122699 ], [ -0.331482305902089, 39.430159202114602 ], [ -0.331343995891049, 39.430161450908798 ], [ -0.331213782395682, 39.430164771713699 ], [ -0.331110309051348, 39.430166901858001 ], [ -0.331031256408042, 39.430168664257501 ], [ -0.330967346665474, 39.430169007023302 ], [ -0.330913888821235, 39.430169585701002 ], [ -0.330866269127999, 39.430169417093502 ], [ -0.33082562305633, 39.4301684831605 ], [ -0.330790822322242, 39.430167683836103 ], [ -0.330758306902202, 39.430166939326398 ], [ -0.330727011394355, 39.430165296270403 ], [ -0.330694645992964, 39.430161860285097 ], [ -0.330661112781746, 39.430156591126298 ], [ -0.330627729589144, 39.430148643674301 ], [ -0.330596811373711, 39.430137124238598 ], [ -0.330567329564403, 39.430119326769201 ], [ -0.330539174566741, 39.430095231139198 ], [ -0.330512558383207, 39.430062202759302 ], [ -0.330493341622632, 39.430018516681898 ], [ -0.330489963058848, 39.4299686621615 ], [ -0.330564452260533, 39.429803702290997 ], [ -0.33075502086492, 39.429736328982202 ], [ -0.330929532981887, 39.429887357675398 ], [ -0.331714285044407, 39.429861033977197 ], [ -0.33286639326093, 39.429300827686298 ], [ -0.332848847366789, 39.428176989101402 ], [ -0.332843578747646, 39.427838987178802 ], [ -0.332829052989513, 39.427046008925402 ], [ -0.332828077419099, 39.426993092918799 ], [ -0.330663117821434, 39.426177279275201 ], [ -0.330445039209802, 39.426156886309897 ], [ -0.330228829093965, 39.426187086826097 ], [ -0.330033673691765, 39.426265298767802 ], [ -0.329862732378027, 39.426399519120402 ], [ -0.329752421956085, 39.42664393231 ], [ -0.329723950751478, 39.426778827783899 ], [ -0.329780579648671, 39.428119773988897 ], [ -0.329828556871352, 39.4294283519421 ], [ -0.329860515335891, 39.4302996936771 ], [ -0.329877106320883, 39.430469385158901 ], [ -0.329963908730149, 39.430625725793497 ], [ -0.330107241221961, 39.430753419699897 ], [ -0.330459485916223, 39.430813185330102 ], [ -0.330528738838093, 39.430823779056098 ], [ -0.330589667970558, 39.430840491855903 ], [ -0.330644455321435, 39.430866063743302 ], [ -0.330693169162636, 39.4308987302459 ], [ -0.330732336607348, 39.430938338706703 ], [ -0.330760790743977, 39.430983160733703 ], [ -0.330774050775899, 39.431032097259198 ], [ -0.330774369677802, 39.431083465691003 ], [ -0.33076316768623, 39.4311336711949 ], [ -0.330741689866094, 39.431179098131601 ], [ -0.330709988319725, 39.431217998708497 ], [ -0.3306647482637, 39.431247585058003 ], [ -0.330608343046984, 39.431264333836197 ], [ -0.330544187166045, 39.431270960076098 ], [ -0.330479305446317, 39.431266758138101 ], [ -0.330421601265732, 39.431256430222902 ], [ -0.330368800089971, 39.431239925677097 ], [ -0.330321897252353, 39.431220822668202 ], [ -0.330277332729412, 39.431201755040298 ], [ -0.330237370275701, 39.4311828303399 ], [ -0.330197458127628, 39.431163909797398 ], [ -0.330158622161244, 39.431146798806203 ], [ -0.330119785296563, 39.431129691973901 ], [ -0.330079794096745, 39.4311116532987 ], [ -0.330037619092484, 39.431090869752701 ], [ -0.329992105050311, 39.431065506796401 ], [ -0.329938846632061, 39.431030946856801 ], [ -0.329876652671683, 39.430986274038297 ], [ -0.329812452773252, 39.4309343386591 ], [ -0.329755216614921, 39.430880774773001 ], [ -0.329711883682268, 39.430829359009898 ], [ -0.329678982884974, 39.430779047821197 ], [ -0.329649544194793, 39.4307288337356 ], [ -0.329620146827112, 39.430677702339999 ], [ -0.329590765629146, 39.430624759949403 ], [ -0.329564976793939, 39.430570107862103 ], [ -0.329542835118848, 39.430511962867797 ], [ -0.32952655405262, 39.430451240846701 ], [ -0.329515174194589, 39.430384326108999 ], [ -0.329505219064622, 39.4303111097013 ], [ -0.329497928337779, 39.430228068889598 ], [ -0.329492344409988, 39.430131558800397 ], [ -0.329483822991188, 39.430019635877301 ], [ -0.329475617779367, 39.429899634154403 ], [ -0.329467521263727, 39.429777828877597 ], [ -0.329460464098863, 39.429658780800096 ], [ -0.329453511138562, 39.429537002856897 ], [ -0.329450411950809, 39.429405407196398 ], [ -0.329447962245058, 39.4292567012197 ], [ -0.329445925764305, 39.429097214288198 ], [ -0.329440589771512, 39.428933130794498 ], [ -0.329429320406258, 39.428772530151697 ], [ -0.329415613911679, 39.4286145672461 ], [ -0.329399443338227, 39.428460140663603 ], [ -0.329384271691415, 39.428309337162403 ], [ -0.32937039990677, 39.428155888271597 ], [ -0.329359162880911, 39.427994399059202 ], [ -0.329349514974751, 39.427821178020203 ], [ -0.329342367978344, 39.4276435698212 ], [ -0.329338549240082, 39.427469613779898 ], [ -0.32933894809206, 39.427307451294901 ], [ -0.32934119298194, 39.427157953278098 ], [ -0.329346562212392, 39.427017565709498 ], [ -0.32935398319498, 39.426884419996199 ], [ -0.329364604874894, 39.426758545323402 ], [ -0.329382971829182, 39.426642751997697 ], [ -0.329410234799726, 39.426537055335103 ], [ -0.329444068946604, 39.426442338016102 ], [ -0.329480824414777, 39.426362114668699 ], [ -0.329518162889566, 39.426296354117703 ], [ -0.329557506404043, 39.426240451008397 ], [ -0.3296023961171, 39.426190155241599 ], [ -0.329651802559429, 39.426143544731701 ], [ -0.329706937558316, 39.4260988729432 ], [ -0.329763130772583, 39.426057817727603 ], [ -0.329817921716715, 39.426022124248398 ], [ -0.329873690027855, 39.425990970242601 ], [ -0.329931675381132, 39.425962600149397 ], [ -0.32999541174886, 39.425937034095398 ], [ -0.330060095839226, 39.425915106151997 ], [ -0.330123523186486, 39.4258976531667 ], [ -0.330185549161907, 39.425885550845599 ], [ -0.330243885756449, 39.425877890875299 ], [ -0.330302137909364, 39.425873819065401 ], [ -0.330361492295117, 39.425870663898202 ], [ -0.33042310504554, 39.425869385039 ], [ -0.3304857688248, 39.425871729035997 ], [ -0.330552943943417, 39.425876865289901 ], [ -0.330622193272066, 39.4258874597664 ], [ -0.330691354565765, 39.4259016687692 ], [ -0.330762667324613, 39.425920426286197 ], [ -0.330839541553358, 39.425945603762301 ], [ -0.330928919432536, 39.425977374665301 ], [ -0.331037744041013, 39.426016829796197 ], [ -0.331161484276462, 39.426062010265198 ], [ -0.331298974125652, 39.426111993176299 ], [ -0.33144441137013, 39.426165768897597 ], [ -0.331595626578538, 39.426221506919198 ], [ -0.331747987138946, 39.426277233793897 ], [ -0.331895751020006, 39.426331062817702 ], [ -0.332034464374609, 39.426380226044799 ], [ -0.332157051173252, 39.4264244736829 ], [ -0.332257886165577, 39.426460110056702 ], [ -0.332340391932826, 39.426489932962802 ], [ -0.3324091382049, 39.426514942310703 ], [ -0.332471034822906, 39.426536176171098 ], [ -0.33252724959677, 39.426555474060699 ], [ -0.33258111976771, 39.426573830331101 ], [ -0.332633851773228, 39.426592178963801 ], [ -0.33268780279254, 39.4266096130401 ], [ -0.332739381361218, 39.426627015886702 ], [ -0.332788678209068, 39.426644361829801 ], [ -0.332833351428158, 39.426660684276499 ], [ -0.332874617337357, 39.426675133902499 ], [ -0.332909049762202, 39.426686733708202 ], [ -0.332938845981861, 39.4266964391851 ], [ -0.332993070987355, 39.426706705325799 ], [ -0.333039436632409, 39.426708655857603 ], [ -0.33307215686832, 39.426703979022001 ], [ -0.333105380160806, 39.426684926117602 ], [ -0.333127228086813, 39.4266611137962 ], [ -0.333151761975541, 39.426626548202599 ], [ -0.33316418837089, 39.426605208204002 ], [ -0.333176713580887, 39.426581182136097 ], [ -0.333191707361274, 39.426553594995703 ], [ -0.333210358183211, 39.426522511310701 ], [ -0.333234893868567, 39.426487908871998 ], [ -0.333264110674865, 39.426459241994102 ], [ -0.333394517308041, 39.426181487765298 ], [ -0.333404225401307, 39.426160291961097 ], [ -0.333414073631786, 39.426115462668498 ], [ -0.333429786064418, 39.426069001296703 ], [ -0.333448907603534, 39.426024384278499 ], [ -0.333469040645682, 39.425984292845897 ], [ -0.333486553302164, 39.425950490206603 ], [ -0.33350488881542, 39.425917627785999 ], [ -0.333509170186053, 39.425875328299597 ], [ -0.333504330063325, 39.425849980098498 ], [ -0.33349519240025, 39.425816452179099 ], [ -0.333489752202894, 39.425775793015198 ], [ -0.333496598263674, 39.425751024186098 ], [ -0.333501892035636, 39.4257319217541 ], [ -0.333537370997766, 39.425684989660702 ], [ -0.333586807982797, 39.425637492004597 ], [ -0.333639689108633, 39.425590953984901 ], [ -0.33368432998836, 39.425546925785099 ], [ -0.333720824945108, 39.425504517824599 ], [ -0.333751505107011, 39.425461089104097 ], [ -0.333777606555908, 39.4254166361522 ], [ -0.33380255816122, 39.425371287339601 ], [ -0.333825161570419, 39.425327655221501 ], [ -0.333849902071647, 39.425287670943597 ], [ -0.33387680212283, 39.425252276143802 ], [ -0.333906899278117, 39.425224106983002 ], [ -0.33394017287624, 39.425205055755796 ], [ -0.333975446124168, 39.4251932843083 ], [ -0.334008240021941, 39.425186801823202 ], [ -0.334061825426968, 39.425182643928402 ], [ -0.334112844345187, 39.425184700670798 ], [ -0.334146328149098, 39.425189968123803 ], [ -0.33419010305289, 39.425199975658899 ], [ -0.334249802391729, 39.425217600907999 ], [ -0.334324385916509, 39.425241800922798 ], [ -0.334409251558033, 39.4252707888865 ], [ -0.334503215336759, 39.425304455155803 ], [ -0.33460405482067, 39.425340106674398 ], [ -0.334712962074113, 39.425378633026298 ], [ -0.334826413904606, 39.425419055800198 ], [ -0.334945598783241, 39.4254614520164 ], [ -0.335068250260575, 39.42550389678 ], [ -0.335193232866043, 39.425546408132703 ], [ -0.335318217268173, 39.425588881988602 ], [ -0.335421169589623, 39.425625189794097 ], [ -0.33555797941411, 39.425668251337697 ], [ -0.335671534550869, 39.425705976744702 ], [ -0.335782798983663, 39.425742768139102 ], [ -0.335891693660713, 39.425780390808299 ], [ -0.335998345244511, 39.425817075996498 ], [ -0.336096900312636, 39.425852675210201 ], [ -0.336187347187027, 39.425886275971799 ], [ -0.336267453554161, 39.425917817914801 ], [ -0.336334960151141, 39.4259455059223 ], [ -0.336389779841346, 39.425970171291198 ], [ -0.336435281307126, 39.425994643747202 ], [ -0.336474967079731, 39.426020796125002 ], [ -0.33651213217968, 39.426050463785799 ], [ -0.33654455237826, 39.4260836557456 ], [ -0.336568808687586, 39.426117515913802 ], [ -0.336582622081687, 39.426152074127003 ], [ -0.336588256315149, 39.426186444276802 ], [ -0.336588142229117, 39.426220665221699 ], [ -0.33658413035308, 39.426264795692497 ], [ -0.336851211165149, 39.426091990856698 ], [ -0.33702937493375, 39.425991279721799 ], [ -0.337215115991769, 39.425899151991899 ], [ -0.337220000131988, 39.425897016165997 ], [ -0.337407694127463, 39.425815967836002 ], [ -0.337606487706574, 39.4257420332968 ], [ -0.337810718788083, 39.425677637067302 ], [ -0.337982909658383, 39.425632577088201 ], [ -0.337936892559636, 39.425606543222202 ], [ -0.337901357003621, 39.425593996058304 ], [ -0.337872736678663, 39.425583448722698 ], [ -0.337831603720135, 39.425565387100598 ], [ -0.337804231155112, 39.425552143943598 ], [ -0.337776886437865, 39.425538009811099 ], [ -0.337750661919766, 39.425525711746403 ], [ -0.337718527385429, 39.425515052681902 ], [ -0.337663466946701, 39.425496671845998 ], [ -0.337587780290786, 39.425471506698003 ], [ -0.337500611368871, 39.4254416347827 ], [ -0.337406580216495, 39.425409722078697 ], [ -0.337308002690476, 39.425375917079101 ], [ -0.337209379350371, 39.425342146064501 ], [ -0.337113012578275, 39.425310215967201 ], [ -0.337018947289943, 39.425279224711304 ], [ -0.336929464307838, 39.4252501687482 ], [ -0.33684452769941, 39.425222982159298 ], [ -0.336760816393023, 39.425194939277901 ], [ -0.336673733709396, 39.425164145040398 ], [ -0.336578650629819, 39.425128594742503 ], [ -0.336479125381195, 39.425088493079699 ], [ -0.336376299722202, 39.425043815063702 ], [ -0.336272356558986, 39.424997264851001 ], [ -0.336174329700221, 39.424949079755301 ], [ -0.336086713417318, 39.4249011347192 ], [ -0.336014062168694, 39.424856242858503 ], [ -0.335951749630699, 39.424816068872197 ], [ -0.335898376228121, 39.424783334984298 ], [ -0.335847075238846, 39.424758710136203 ], [ -0.335767159314563, 39.424731052189102 ], [ -0.335692426669431, 39.424702052898397 ], [ -0.33555955595745, 39.424653050862901 ], [ -0.335368259717681, 39.424582896225701 ], [ -0.335105857331629, 39.424488598844803 ], [ -0.334773493252931, 39.424371059324898 ], [ -0.334430783277095, 39.424250587807499 ], [ -0.334154518089535, 39.424154186711597 ], [ -0.334000953786684, 39.424100222774001 ], [ -0.333937868697518, 39.4240789618025 ], [ -0.333894170150546, 39.424067149917498 ], [ -0.333864258946525, 39.424059266305399 ], [ -0.333833309290027, 39.424048634079398 ], [ -0.333801312197912, 39.424034392778402 ], [ -0.33377300358838, 39.424015702757899 ], [ -0.333747298296537, 39.423989909078003 ], [ -0.333725321911411, 39.423956086735501 ], [ -0.333715200593114, 39.423917109243 ], [ -0.333721477122001, 39.423874895282403 ], [ -0.333750879879564, 39.423835071160703 ], [ -0.333798613658832, 39.423800982971201 ], [ -0.333861088791868, 39.423777214075301 ], [ -0.33393243029679, 39.423765347319303 ], [ -0.334005607059849, 39.423765214086401 ], [ -0.334073854766933, 39.423772165794801 ], [ -0.334133772396367, 39.423785273281403 ], [ -0.334185418338694, 39.423800847656501 ], [ -0.334228979443443, 39.423816274222801 ], [ -0.334264451219064, 39.423830594675302 ], [ -0.334288758732357, 39.423849417978303 ], [ -0.334302850604191, 39.423827895321899 ], [ -0.33432583489906, 39.423804066758102 ], [ -0.334343054704755, 39.423779261144297 ], [ -0.334353488636775, 39.423748893737198 ], [ -0.334359556756501, 39.423712079778703 ], [ -0.334362991015838, 39.4236833042009 ], [ -0.334367731425588, 39.4236501083221 ], [ -0.334380827964139, 39.423609767099002 ], [ -0.334369441817895, 39.423566630033697 ], [ -0.334356268922591, 39.423516623091402 ], [ -0.334369384325714, 39.423454638970398 ], [ -0.334363900110901, 39.423385161786101 ], [ -0.334352997258296, 39.423305637173002 ], [ -0.334336702717378, 39.423215192136098 ], [ -0.334312458984479, 39.423120028964 ], [ -0.334274317415852, 39.423023658919 ], [ -0.334203169048706, 39.422935794936201 ], [ -0.334179723918093, 39.422846960033297 ], [ -0.33410608721762, 39.422775677326797 ], [ -0.334051535225383, 39.4227140769854 ], [ -0.333997817768017, 39.422660578949397 ], [ -0.333943997902714, 39.422609794151803 ], [ -0.333887884638488, 39.422558064179299 ], [ -0.333833960568622, 39.422510000917399 ], [ -0.3337901847665, 39.422470255818297 ], [ -0.333758750019769, 39.4224425240999 ], [ -0.333737451862685, 39.422422184168603 ], [ -0.333714859233284, 39.422404581806397 ], [ -0.333687775925793, 39.422385034338298 ], [ -0.333652579034651, 39.422363489023802 ], [ -0.333611625739175, 39.422340943046898 ], [ -0.333566006594075, 39.422318277011698 ], [ -0.333515745853939, 39.422296422180899 ], [ -0.333464230167359, 39.422276295939398 ], [ -0.333412722565585, 39.4222571072007 ], [ -0.333362292043864, 39.422239712977898 ], [ -0.333308199090711, 39.4222259098756 ], [ -0.333254057628514, 39.422214722220097 ], [ -0.333197434121237, 39.422206231203397 ], [ -0.333143015977934, 39.422202288945201 ], [ -0.333093108275691, 39.422201143948499 ], [ -0.333046528831594, 39.422203651838203 ], [ -0.333005728249691, 39.422208161736997 ], [ -0.332968361927159, 39.422213614696197 ], [ -0.332912173204443, 39.422224889094103 ], [ -0.332881850572019, 39.422227809875501 ], [ -0.332873948092453, 39.422252865858702 ], [ -0.332865484165867, 39.422291400162699 ], [ -0.332861085115914, 39.422315649075202 ], [ -0.332857652653205, 39.422344369702799 ], [ -0.332852843073178, 39.422379405826803 ], [ -0.332847621166451, 39.422425208338097 ], [ -0.332841836914307, 39.422484518256901 ], [ -0.332835925101442, 39.422548365065403 ], [ -0.332830220799373, 39.422606794278003 ], [ -0.332827381224782, 39.422649974267401 ], [ -0.332823863422115, 39.422682346230602 ], [ -0.332816967055664, 39.4227109882927 ], [ -0.332804221758445, 39.422739513762401 ], [ -0.332785754192816, 39.422767021222697 ], [ -0.332758230710814, 39.422788914766102 ], [ -0.332724062390682, 39.422801617875699 ], [ -0.332683180960407, 39.422806990292401 ], [ -0.332642550160123, 39.4228069812713 ], [ -0.332603194967517, 39.422803404055102 ], [ -0.332566266124504, 39.422796228110201 ], [ -0.332534281608816, 39.422782872703898 ], [ -0.332507147097323, 39.4227633239542 ], [ -0.332485949551582, 39.422740347868697 ], [ -0.332471809170704, 39.422715686908298 ], [ -0.332464752005806, 39.422687593748698 ], [ -0.332466882809688, 39.422631777261998 ], [ -0.332475752774795, 39.422520305841203 ], [ -0.33249205001067, 39.422337793965298 ], [ -0.332510289404204, 39.422142939925699 ], [ -0.332511661131638, 39.4221283228148 ], [ -0.332527664618429, 39.421952131704899 ], [ -0.332536104290527, 39.421853250754999 ], [ -0.332537721258035, 39.421810928677402 ], [ -0.33251746155343, 39.421793344203302 ], [ -0.332495089909581, 39.421771206079697 ], [ -0.332469542721227, 39.421739994658203 ], [ -0.33245365960868, 39.421699997912697 ], [ -0.332453115229639, 39.421653128334803 ], [ -0.332472522433033, 39.421602265081503 ], [ -0.332514001242944, 39.421550025006297 ], [ -0.332573916177453, 39.4215009569118 ], [ -0.332646149709459, 39.421465680241297 ], [ -0.332716272200553, 39.421454672195502 ], [ -0.332775797266221, 39.421476770170898 ], [ -0.332822869885425, 39.421521095174199 ], [ -0.332855686241058, 39.421574984774999 ], [ -0.332876890973344, 39.421627739043302 ], [ -0.33288785131813, 39.421675716864698 ], [ -0.332893038190571, 39.4217217752091 ], [ -0.332896013410791, 39.421766011926103 ], [ -0.332896794046768, 39.421806545744197 ], [ -0.332897681582267, 39.421844423826798 ], [ -0.332898723628, 39.421876900949201 ], [ -0.332897499224256, 39.421896520035602 ], [ -0.33292246071107, 39.421894511772003 ], [ -0.332952850717144, 39.421889822122303 ], [ -0.332989140857987, 39.421882551013503 ], [ -0.333030182188378, 39.421871778279403 ], [ -0.333071405876747, 39.421857413012098 ], [ -0.333113912359371, 39.421839455903402 ], [ -0.333154152392518, 39.421819682745998 ], [ -0.333194532562845, 39.4217962538997 ], [ -0.333235052870387, 39.421769306761298 ], [ -0.333276919752511, 39.4217368899617 ], [ -0.333320214955953, 39.421698272771998 ], [ -0.333363607177415, 39.4216569471021 ], [ -0.333404749119114, 39.421613702654803 ], [ -0.333441235991022, 39.4215712936888 ], [ -0.333474213145102, 39.421528841672497 ], [ -0.333506045845515, 39.421486325787399 ], [ -0.333535535739663, 39.421442834189797 ], [ -0.333565041803493, 39.421400300903599 ], [ -0.333589832610358, 39.421360317842101 ], [ -0.333608603806539, 39.421324701066901 ], [ -0.333624006320406, 39.421286343878698 ], [ -0.333636317731393, 39.421237957748502 ], [ -0.333646875630913, 39.421173333906097 ], [ -0.333654214866799, 39.421103245854901 ], [ -0.333657843162209, 39.421039381761801 ], [ -0.333654970349924, 39.420992472184402 ], [ -0.333641930405291, 39.420939022791501 ], [ -0.333625443624862, 39.420913407012101 ], [ -0.333595930374522, 39.420896528059103 ], [ -0.333545206103684, 39.420885460243603 ], [ -0.333512811956219, 39.420882889156999 ], [ -0.333478104646895, 39.420878517268598 ], [ -0.333441296178127, 39.420869550732903 ], [ -0.333404827272562, 39.420851594063599 ], [ -0.333373306287543, 39.420824745795002 ], [ -0.333350311212909, 39.420789094742403 ], [ -0.333337965665965, 39.420747372980998 ], [ -0.333339615871133, 39.420704166136701 ], [ -0.333356332620253, 39.420661320815 ], [ -0.333386736999347, 39.420625065939603 ], [ -0.333426246702187, 39.420594459826198 ], [ -0.333468993034969, 39.420570199211603 ], [ -0.333511497720966, 39.420552245934999 ], [ -0.333556591351597, 39.420536158696102 ], [ -0.333577538267382, 39.420525829884397 ], [ -0.333611152327005, 39.420497783031202 ], [ -0.333618984737964, 39.420474548741801 ], [ -0.333623691910055, 39.420442240290903 ], [ -0.3336264632127, 39.420400827825901 ], [ -0.333627197136296, 39.4203504070965 ], [ -0.333627064185625, 39.420292767102602 ], [ -0.333624963924512, 39.420226966126698 ], [ -0.333619653084538, 39.420152991654398 ], [ -0.333611147835419, 39.420071670858398 ], [ -0.333600519867293, 39.419984977333499 ], [ -0.333586422605542, 39.419898180994799 ], [ -0.333571097346793, 39.419812240202099 ], [ -0.33355344904475, 39.419726250032198 ], [ -0.333534877274557, 39.419635735118 ], [ -0.333512996110857, 39.419539755814803 ], [ -0.333490027087373, 39.419441040770003 ], [ -0.33346818095796, 39.419344107689703 ], [ -0.333447297822569, 39.419251769922603 ], [ -0.333428680238291, 39.419161253004198 ], [ -0.333412532122733, 39.419067193952898 ], [ -0.333400086862812, 39.418966932074603 ], [ -0.333387937148569, 39.418860331324503 ], [ -0.333373511103448, 39.418751001020603 ], [ -0.333352276726758, 39.4186378988028 ], [ -0.333327714091922, 39.418521157201702 ], [ -0.333299913030517, 39.418397075923203 ], [ -0.333272420091249, 39.4182649207008 ], [ -0.333243922835494, 39.418129121843698 ], [ -0.333214211955792, 39.417995145805698 ], [ -0.333185370645282, 39.417868361230802 ], [ -0.333155184556783, 39.4177469540899 ], [ -0.333124914026656, 39.417626469734898 ], [ -0.333093608637307, 39.417503207846998 ], [ -0.333061572917651, 39.417369143163903 ], [ -0.333025634018073, 39.417215187863398 ], [ -0.332984757977715, 39.417038574880799 ], [ -0.332944118194259, 39.416855657934299 ], [ -0.332917827200841, 39.416741939152601 ], [ -0.332905230125611, 39.416688149220001 ], [ -0.332870998923382, 39.416550429092901 ], [ -0.332841643776531, 39.416437122046197 ], [ -0.332815310562283, 39.4163356370345 ], [ -0.332788846194025, 39.4162377280404 ], [ -0.332763592754755, 39.416138961127601 ], [ -0.332738347400325, 39.4160401926869 ], [ -0.332713088571173, 39.415940501780703 ], [ -0.332689055044061, 39.415839957110997 ], [ -0.332664008217323, 39.415735788219202 ], [ -0.332637880717277, 39.4156289021508 ], [ -0.33261191132072, 39.4155192711331 ], [ -0.332583589236431, 39.415408735654403 ], [ -0.332556428673823, 39.415299114006601 ], [ -0.332528044605802, 39.415190365247398 ], [ -0.332499702758577, 39.415081585782197 ], [ -0.332471282757938, 39.414973759716098 ], [ -0.332440584629727, 39.414865845343897 ], [ -0.332409937705483, 39.414755219995797 ], [ -0.332375888861299, 39.414642765054801 ], [ -0.332339596025498, 39.414529298754402 ], [ -0.332305583113897, 39.414415939147602 ], [ -0.332271588168605, 39.414303430220102 ], [ -0.332238579573492, 39.414193674971003 ], [ -0.332204441796062, 39.414084775967602 ], [ -0.332170153101652, 39.4139786070658 ], [ -0.332137053776699, 39.413872462293099 ], [ -0.332106173290477, 39.413768141940899 ], [ -0.332081133650249, 39.413663972729502 ], [ -0.332059491438444, 39.413561654322898 ], [ -0.332038994578605, 39.413459419048998 ], [ -0.332018477955829, 39.413358949226001 ], [ -0.33199901685351, 39.413259394678903 ], [ -0.331979534191627, 39.413161665281798 ], [ -0.33195890258449, 39.4130629849288 ], [ -0.331938274570641, 39.412965264972797 ], [ -0.331916455390675, 39.412866517020802 ], [ -0.331892501813638, 39.412765103154797 ], [ -0.331869743894238, 39.412660951877697 ], [ -0.331849450053642, 39.412553297658299 ], [ -0.331832815949522, 39.412442107166697 ], [ -0.331819821818941, 39.412326499654803 ], [ -0.331809210918826, 39.412208271962101 ], [ -0.331798715003039, 39.412088222218998 ], [ -0.33178818674789, 39.411969037042098 ], [ -0.331777506677499, 39.4118525952033 ], [ -0.33176551237182, 39.411740627655902 ], [ -0.331750049670815, 39.411628541247403 ], [ -0.331727825350691, 39.411511837879502 ], [ -0.331696587335024, 39.4113868078583 ], [ -0.331661818041934, 39.411263468309599 ], [ -0.331627566178471, 39.4111563768869 ], [ -0.331599376146556, 39.411073796309097 ], [ -0.331575359687423, 39.411003857734599 ], [ -0.331553661780031, 39.410933102887597 ], [ -0.331532440878098, 39.4108497419328 ], [ -0.331511638591045, 39.4107555391031 ], [ -0.331493275230012, 39.4106596808316 ], [ -0.33147823473721, 39.410566516742897 ], [ -0.331467778347295, 39.410475282000199 ], [ -0.331457289618052, 39.410384973701603 ], [ -0.33144683861802, 39.4102937387213 ], [ -0.331433055766621, 39.410198814709503 ], [ -0.331414952018716, 39.410094824090599 ], [ -0.331388000763565, 39.409979801248802 ], [ -0.331355454800824, 39.409859241698904 ], [ -0.3313205309975, 39.409738613228399 ], [ -0.331285453582305, 39.409623380886202 ], [ -0.331251322093087, 39.409514523328802 ], [ -0.331219330390856, 39.409409290007602 ], [ -0.3311907091676, 39.409306850142301 ], [ -0.331162033147089, 39.409207062155502 ], [ -0.331133268193398, 39.4091082130996 ], [ -0.331100972860614, 39.409011090052402 ], [ -0.331067532175831, 39.408913962011503 ], [ -0.331038707035001, 39.408816865068502 ], [ -0.331015720943505, 39.4087199769058 ], [ -0.330996241874877, 39.408622205748202 ], [ -0.330973279139605, 39.408523491207497 ], [ -0.330944589644371, 39.408422837282899 ], [ -0.330910255135909, 39.408319361101697 ], [ -0.330872536673748, 39.408212190197098 ], [ -0.330834954755512, 39.408101459203003 ], [ -0.330797442905883, 39.407988869984003 ], [ -0.330763474910037, 39.407874568982002 ], [ -0.330730690893766, 39.407760314295999 ], [ -0.330700300887692, 39.407644306865102 ], [ -0.330671086776319, 39.407527462176503 ], [ -0.330639687063908, 39.407406908797803 ], [ -0.330610679565068, 39.407284647065502 ], [ -0.330581708897142, 39.407161437689901 ], [ -0.330557431028286, 39.407037472928501 ], [ -0.330533100158801, 39.406913507252703 ], [ -0.33050656482364, 39.406787643017999 ], [ -0.330475439097343, 39.406659939906298 ], [ -0.330440873721828, 39.406531198197101 ], [ -0.330402915409508, 39.406400589829602 ], [ -0.330362690647712, 39.406268159909601 ], [ -0.330317979699411, 39.406131122319998 ], [ -0.330270083325069, 39.4059867818481 ], [ -0.3302171402155, 39.405822507903899 ], [ -0.330154894152823, 39.405596770807797 ], [ -0.330076199937325, 39.405256252225399 ], [ -0.330035950022677, 39.405063450116302 ], [ -0.33000283632467, 39.404896923693897 ], [ -0.329971381815003, 39.404746650876199 ], [ -0.329939631759624, 39.404605370657599 ], [ -0.329906588130191, 39.404466813161697 ], [ -0.329870198276371, 39.404326336161603 ], [ -0.329828264020565, 39.404177628042099 ], [ -0.329781917240116, 39.404022510116903 ], [ -0.329728908553525, 39.403860043199103 ], [ -0.329672661440332, 39.4036902737434 ], [ -0.329613127391493, 39.403516843761899 ], [ -0.32955243900755, 39.403342504045298 ], [ -0.329494082650038, 39.403168181940202 ], [ -0.329435571782326, 39.4029965859364 ], [ -0.329377078880923, 39.402825877303101 ], [ -0.329319666652794, 39.4026579232616 ], [ -0.329259951144274, 39.402488069666099 ], [ -0.329201486988978, 39.402316478930402 ], [ -0.329141978991287, 39.402141242858903 ], [ -0.329083755584446, 39.401963342242297 ], [ -0.329028906249837, 39.401788212875303 ], [ -0.328978535016925, 39.401617708832902 ], [ -0.328932570020442, 39.401452710323603 ], [ -0.328891058871169, 39.401293184067299 ], [ -0.328855134344645, 39.4011392272823 ], [ -0.328822593771786, 39.400988947062302 ], [ -0.32879000199496, 39.400838647082303 ], [ -0.328755152751828, 39.400686467710301 ], [ -0.328720316085123, 39.400535234136903 ], [ -0.328682980305292, 39.400388437965503 ], [ -0.328642991800398, 39.400248778102402 ], [ -0.328601769908657, 39.4001127067528 ], [ -0.328560436625809, 39.399978439950097 ], [ -0.32851805860227, 39.399841460111901 ], [ -0.328476775625093, 39.399707158079003 ], [ -0.328435232136458, 39.399578273032503 ], [ -0.328394606726056, 39.399456661196403 ], [ -0.328333588660378, 39.399340741995097 ], [ -0.328301985928656, 39.399214469113197 ], [ -0.328267991881694, 39.399078545686102 ], [ -0.328208853091578, 39.398939775207403 ], [ -0.328157406575273, 39.398796272293502 ], [ -0.328110563026463, 39.398655590198402 ], [ -0.32806923333687, 39.3985213053192 ], [ -0.32803221196739, 39.398396104147402 ], [ -0.328002869396932, 39.398282850205902 ], [ -0.327978982295213, 39.398178707842 ], [ -0.327958330026843, 39.398081836831999 ], [ -0.327939859766289, 39.397987741706899 ], [ -0.327923963179019, 39.397887382180201 ], [ -0.327905176711487, 39.397771640858103 ], [ -0.327906085806549, 39.3976321458303 ], [ -0.327867260619964, 39.397476996687601 ], [ -0.327824849358766, 39.397307560870601 ], [ -0.327803321232992, 39.397124247845198 ], [ -0.327767428147499, 39.396939684798298 ], [ -0.3277302477762, 39.396757766823697 ], [ -0.327690411984913, 39.396585680221698 ], [ -0.327649144279087, 39.3964198659326 ], [ -0.327605478071443, 39.3962557860442 ], [ -0.327558342570176, 39.396091646763203 ], [ -0.327508881330624, 39.395927470303398 ], [ -0.327440267110923, 39.395770418037102 ], [ -0.327400992766689, 39.3956134327548 ], [ -0.327361517199839, 39.395455614769098 ], [ -0.327320052762948, 39.395289999113501 ], [ -0.327275457697305, 39.3951116721353 ], [ -0.327230326337429, 39.394931305809898 ], [ -0.327188410946262, 39.394763820095001 ], [ -0.32715190610808, 39.394617780965 ], [ -0.327118074656159, 39.394482708017399 ], [ -0.32708317510739, 39.394343111305602 ], [ -0.327044606838975, 39.394188912172297 ], [ -0.327004301228806, 39.394027841330697 ], [ -0.326965809317177, 39.393874085801002 ], [ -0.326931324790067, 39.3937361012403 ], [ -0.326899970891708, 39.393610810256398 ], [ -0.326869074235805, 39.393487408028903 ], [ -0.326837431978244, 39.393360857969498 ], [ -0.326805003694823, 39.393231335006 ], [ -0.326772499952879, 39.393101400819702 ], [ -0.32674037440168, 39.392972808334797 ], [ -0.3267094705593, 39.392849411226798 ], [ -0.326656859826358, 39.392734143342402 ], [ -0.326626262309455, 39.392622671327103 ], [ -0.326597906987507, 39.392514789706098 ], [ -0.32657296706029, 39.392407023855398 ], [ -0.326570572151728, 39.392294280867297 ], [ -0.326542438713664, 39.392181829276197 ], [ -0.326513157228675, 39.392064665715203 ], [ -0.32648316787124, 39.391944716672498 ], [ -0.326452893747826, 39.391823748279698 ], [ -0.326423436193039, 39.391705971796902 ], [ -0.326395504875922, 39.391594484254099 ], [ -0.326371212634012, 39.391497250037297 ], [ -0.326368698249503, 39.391487270293702 ], [ -0.326342339882436, 39.391381830656499 ], [ -0.326315861141125, 39.391275947931703 ], [ -0.326288632306571, 39.391167156154303 ], [ -0.326233323034514, 39.3910578220001 ], [ -0.326197173030852, 39.3909399123173 ], [ -0.326157774719118, 39.390817385674403 ], [ -0.326114995148677, 39.390691168872401 ], [ -0.326068774132355, 39.390563098882801 ], [ -0.326019164670781, 39.390434026850201 ], [ -0.32596946986925, 39.390305877243598 ], [ -0.325953879607524, 39.390265908980801 ], [ -0.325919793034061, 39.390178614660897 ], [ -0.325871294788497, 39.390050456948401 ], [ -0.325824102693346, 39.389917864075898 ], [ -0.325777201652388, 39.389778926803203 ], [ -0.325732680248575, 39.389637392021697 ], [ -0.325692749235896, 39.389497734239903 ], [ -0.325659587028846, 39.389362733997501 ], [ -0.325630801413889, 39.389235082988797 ], [ -0.325625216587767, 39.389112429078601 ], [ -0.325589248942116, 39.389004723928402 ], [ -0.325555379760951, 39.388903103183999 ], [ -0.3255214234432, 39.388801237214302 ], [ -0.325513432030455, 39.388691865333698 ], [ -0.32548836364412, 39.3885876760218 ], [ -0.325464306760817, 39.388488015991101 ], [ -0.325442304324575, 39.388395649859497 ], [ -0.325420268650642, 39.388304129232303 ], [ -0.325396245903328, 39.388203580818001 ], [ -0.325365876558521, 39.388087572796401 ], [ -0.325330211645091, 39.387957052086101 ], [ -0.325289173907955, 39.387816478657903 ], [ -0.325242603446996, 39.387667684658901 ], [ -0.325191839650319, 39.387507940811297 ], [ -0.325133495869233, 39.3873336298184 ], [ -0.325067616121231, 39.387143832335703 ], [ -0.3249996819262, 39.386946774859098 ], [ -0.324931512372529, 39.386756018898197 ], [ -0.324867408593855, 39.386580674309201 ], [ -0.324809726871163, 39.386418977703002 ], [ -0.324756392096127, 39.3862655213103 ], [ -0.324710958902293, 39.386116708729901 ], [ -0.324670062200667, 39.3859725608202 ], [ -0.324631272946699, 39.385832924864403 ], [ -0.324594602818484, 39.385698783324898 ], [ -0.324556693015208, 39.385567265294902 ], [ -0.324517451908633, 39.385439317124501 ], [ -0.324477044788826, 39.385312260206497 ], [ -0.324433095611897, 39.385186936738798 ], [ -0.324387923827818, 39.385062464266397 ], [ -0.324341613878284, 39.384938004763796 ], [ -0.324292938664625, 39.3848143441895 ], [ -0.324244338909422, 39.384688926789998 ], [ -0.324195791256551, 39.384560781907702 ], [ -0.324146254558509, 39.384429903278601 ], [ -0.324095633593937, 39.384296322131597 ], [ -0.324044043347164, 39.384158179072898 ], [ -0.323992451303763, 39.384020058653199 ], [ -0.323944162365656, 39.383886551013902 ], [ -0.323901459152001, 39.3837585400507 ], [ -0.323862020416098, 39.383635991077803 ], [ -0.323825870412436, 39.383518041081203 ], [ -0.323789668306475, 39.383402814716597 ], [ -0.323753282944207, 39.383291168793903 ], [ -0.323719102945979, 39.3831840927445 ], [ -0.323686957631844, 39.3830833342098 ], [ -0.323658043557802, 39.382988982091 ], [ -0.323632367910329, 39.382901916128297 ], [ -0.323613355067361, 39.382822196061397 ], [ -0.323595247726168, 39.382749714294199 ], [ -0.3235768951449, 39.382682614209102 ], [ -0.323553758136458, 39.382619943199003 ], [ -0.323527015290434, 39.382560788923797 ], [ -0.323500222138772, 39.382501592244203 ], [ -0.323473619429961, 39.382438800952002 ], [ -0.323446137270459, 39.382367913671501 ], [ -0.323414737558014, 39.382278886827201 ], [ -0.323378318958087, 39.382168159795903 ], [ -0.323335446861177, 39.382044631792702 ], [ -0.32328806791643, 39.381918338021499 ], [ -0.323236898979562, 39.381799154058399 ], [ -0.323184416705704, 39.381684408811303 ], [ -0.323137651310341, 39.381570749326201 ], [ -0.323096899237449, 39.381452688216399 ], [ -0.32306201496003, 39.3813329563149 ], [ -0.323027124394398, 39.381213263785803 ], [ -0.322988737585663, 39.381094338998601 ], [ -0.322949058999569, 39.380978112938202 ], [ -0.322910529358729, 39.380862833081601 ], [ -0.322876539803319, 39.380749454859 ], [ -0.322844918206991, 39.3806352029587 ], [ -0.32281455335377, 39.380519192077301 ], [ -0.32278549734592, 39.380398705895402 ], [ -0.322754076073912, 39.3802790763392 ], [ -0.322724676909603, 39.380167569151503 ], [ -0.322694828587646, 39.380067808218797 ], [ -0.322665780664636, 39.379977028659702 ], [ -0.322637816109826, 39.379889004891403 ], [ -0.322612241073695, 39.379799229837801 ], [ -0.322587779948498, 39.379710367058102 ], [ -0.322563175092865, 39.379625148866701 ], [ -0.322539511671657, 39.379545304932599 ], [ -0.322514460353334, 39.379471780301699 ], [ -0.322488099291309, 39.379402687714503 ], [ -0.322458050645066, 39.3793380480151 ], [ -0.322426931206983, 39.379271559162902 ], [ -0.322392584122095, 39.3791987022231 ], [ -0.322357460892815, 39.379114993653602 ], [ -0.322321442941493, 39.379024978742201 ], [ -0.322286640410743, 39.378934126307001 ], [ -0.322251622284357, 39.378847726046601 ], [ -0.32221772166216, 39.3787631463167 ], [ -0.322184898119983, 39.378680401705402 ], [ -0.322152106018871, 39.378596766812102 ], [ -0.322122926043488, 39.378510525145401 ], [ -0.322099573439342, 39.378422605766801 ], [ -0.322083301356285, 39.378332126120903 ], [ -0.322068309372526, 39.378238089769397 ], [ -0.322051138974172, 39.378141313978603 ], [ -0.322027120718444, 39.378040759254901 ], [ -0.321995087693713, 39.377937331050703 ], [ -0.321959788394635, 39.377828417099501 ], [ -0.32192230618941, 39.377715840817899 ], [ -0.321884956036526, 39.377599668154403 ], [ -0.321851258433573, 39.377479981722601 ], [ -0.321819811110416, 39.377361233892202 ], [ -0.321791763012309, 39.3772443572268 ], [ -0.321766912018305, 39.377135701894801 ], [ -0.321741607375067, 39.377037833693997 ], [ -0.321718193685485, 39.376952590019698 ], [ -0.321696478710115, 39.376882735278102 ], [ -0.321674225643917, 39.3768281479976 ], [ -0.321653803344237, 39.376785354184101 ], [ -0.321633134007855, 39.376748843182703 ], [ -0.321613509412164, 39.3767150541712 ], [ -0.321592823007804, 39.3766803346602 ], [ -0.321569971663605, 39.376640175274801 ], [ -0.321542803016157, 39.376590915174702 ], [ -0.321511511101531, 39.376528962251498 ], [ -0.321480909991406, 39.376448939094601 ], [ -0.321451031126714, 39.376350078336898 ], [ -0.321420566560482, 39.376236740003399 ], [ -0.321387978376944, 39.376118001862999 ], [ -0.321353030319131, 39.376000060688497 ], [ -0.321318006802829, 39.375883942110399 ], [ -0.321283989399643, 39.3757714626866 ], [ -0.321252198920061, 39.375661725269403 ], [ -0.321221596911573, 39.3755520182334 ], [ -0.321188750013238, 39.375438661244203 ], [ -0.321151592998129, 39.375318857919503 ], [ -0.32111097297761, 39.375196303156201 ], [ -0.321067835877657, 39.375071101794902 ], [ -0.321045770559352, 39.375071242064998 ], [ -0.321009526232561, 39.374966144966599 ], [ -0.32097064085887, 39.374854071682002 ], [ -0.320932518154849, 39.374743321762203 ], [ -0.32089458230039, 39.374632689716698 ], [ -0.320856783888187, 39.374525880927401 ], [ -0.320819325039154, 39.374427525062302 ], [ -0.320782270431981, 39.374341030339302 ], [ -0.320746280328468, 39.3742628191794 ], [ -0.320712347366909, 39.374187868211301 ], [ -0.32068133393005, 39.3741124887081 ], [ -0.320655318719408, 39.374037036209799 ], [ -0.320636311266323, 39.373963352311101 ], [ -0.320625553042484, 39.373892921683598 ], [ -0.320620507205521, 39.3738273262231 ], [ -0.320618026058704, 39.373767806176197 ], [ -0.320615049041857, 39.373715190001398 ], [ -0.32061001667965, 39.3736678812419 ], [ -0.32060158599069, 39.373623552904498 ], [ -0.320588546944354, 39.373579082182601 ], [ -0.320570439603161, 39.373527969288702 ], [ -0.320546830979176, 39.373462922079 ], [ -0.320517419238475, 39.373379183021299 ], [ -0.320483629109054, 39.373282019950302 ], [ -0.320446962574094, 39.3731791867624 ], [ -0.320408888379082, 39.373075875657896 ], [ -0.320368927721999, 39.3729672048106 ], [ -0.320326699717109, 39.372845622980101 ], [ -0.320281960921031, 39.3727065676945 ], [ -0.320235312306624, 39.372557822037002 ], [ -0.320187566849295, 39.3724102663205 ], [ -0.320139468354039, 39.372272130987596 ], [ -0.320089796010402, 39.372141413342298 ], [ -0.320037494297927, 39.372013657225303 ], [ -0.319981172624542, 39.371883966170003 ], [ -0.319919515856728, 39.371747233952497 ], [ -0.319851537644205, 39.371598102919897 ], [ -0.319771368395007, 39.371418323734403 ], [ -0.319655482130081, 39.371138389837199 ], [ -0.319490541562453, 39.370714130951399 ], [ -0.319477624686989, 39.370675307033899 ], [ -0.319253272241395, 39.370156455728399 ], [ -0.31912817914315, 39.369955546055103 ], [ -0.319032063899341, 39.369761524839298 ], [ -0.318858263248042, 39.369390163180398 ], [ -0.318681381375332, 39.368989870145597 ], [ -0.31858151386858, 39.368731336314802 ], [ -0.318082223047139, 39.367351761206002 ], [ -0.317952856663068, 39.367016990346798 ], [ -0.317591508441721, 39.366018133133103 ], [ -0.317491819699692, 39.365715395925598 ], [ -0.317396659365031, 39.365466891775903 ], [ -0.317232031411094, 39.365007900202301 ], [ -0.316797972652348, 39.3638748349425 ], [ -0.316667476187662, 39.363555076156302 ], [ -0.316535604402253, 39.3632562078826 ], [ -0.316445604888884, 39.363015832053101 ], [ -0.316372817096369, 39.362779230159703 ], [ -0.316348041560821, 39.362704966950702 ], [ -0.316251051357906, 39.362456145800799 ], [ -0.316235071227306, 39.362410353911599 ], [ -0.316137899564711, 39.362105529961099 ], [ -0.316000521106628, 39.361704893046202 ], [ -0.315907974869421, 39.361478979874803 ], [ -0.315790615367454, 39.361167603692799 ], [ -0.315712408038817, 39.360922296336597 ], [ -0.315593475586766, 39.360576254052901 ], [ -0.31547736743799, 39.3602657538462 ], [ -0.315302798727139, 39.3597664707927 ], [ -0.315224967792619, 39.359492980168802 ], [ -0.315127541906778, 39.359164997126001 ], [ -0.3150349660252, 39.358870705326403 ], [ -0.314954363788001, 39.358666948789498 ], [ -0.314614796119045, 39.357911587837997 ], [ -0.314497968419693, 39.357608875921102 ], [ -0.314239470111861, 39.357020480789899 ], [ -0.31420282244154, 39.356963451791103 ], [ -0.314153097995604, 39.356843432702902 ], [ -0.314042333026131, 39.356548810916799 ], [ -0.313935435303961, 39.356300717303398 ], [ -0.313789166219505, 39.3559392987626 ], [ -0.313656249693438, 39.355637322910297 ], [ -0.313409109684039, 39.355040550206802 ], [ -0.313347584968532, 39.354844021003998 ], [ -0.313215350263762, 39.354452486306698 ], [ -0.31314082602779, 39.354287683298203 ], [ -0.313038850175051, 39.354032932794901 ], [ -0.311784110335676, 39.351001763205701 ], [ -0.31167318905934, 39.3507474848915 ], [ -0.311645610780115, 39.350692069304003 ], [ -0.311615219875744, 39.350617125686803 ], [ -0.311330179944504, 39.350039178333198 ], [ -0.311305620004626, 39.350048718033896 ], [ -0.311263177302396, 39.349978238974998 ], [ -0.311143661843729, 39.349752396246998 ], [ -0.311044709720253, 39.349533172902497 ], [ -0.310870522793402, 39.349167916763101 ], [ -0.310599476817679, 39.348566210829702 ], [ -0.310466960041887, 39.3482520831503 ], [ -0.309670137316902, 39.346412550051099 ], [ -0.309603045741581, 39.346268659870901 ], [ -0.309584343715676, 39.346223431187497 ], [ -0.309382865072174, 39.345766008231998 ], [ -0.309297971582907, 39.345620425822801 ], [ -0.309192055719332, 39.345408351192397 ], [ -0.309101466012803, 39.345193306061098 ], [ -0.307874108619885, 39.342167228905801 ], [ -0.307822256963389, 39.342083336999501 ], [ -0.307797775176959, 39.342037788808398 ], [ -0.307663786062425, 39.341764983270998 ], [ -0.307162354555667, 39.340687264718397 ], [ -0.30700119409876, 39.340319218770297 ], [ -0.306928309288191, 39.340111077036298 ], [ -0.30684638203594, 39.339842691663399 ], [ -0.306758410020186, 39.339601837177497 ], [ -0.306646223017607, 39.339324647912598 ], [ -0.306541783086029, 39.339104317057597 ], [ -0.306386502102658, 39.3387947469026 ], [ -0.306227862318439, 39.338458938071597 ], [ -0.30620199263486, 39.338346900694297 ], [ -0.306071115284505, 39.337836496043998 ], [ -0.306022482291643, 39.337728269219603 ], [ -0.305949167188064, 39.337616919891801 ], [ -0.305814309402637, 39.337385681150401 ], [ -0.305764115137853, 39.3372524539719 ], [ -0.305699385233402, 39.337037583150597 ], [ -0.305624072276612, 39.336844639827802 ], [ -0.305508390827591, 39.336579364296398 ], [ -0.305377312254585, 39.336304375264099 ], [ -0.305266370317017, 39.336076549873397 ], [ -0.305245773744166, 39.336011642179201 ], [ -0.30516497028435, 39.3357723940657 ], [ -0.305085145988204, 39.3355906571378 ], [ -0.304981960104808, 39.3353268317626 ], [ -0.304885898759892, 39.335124792214501 ], [ -0.304766476726023, 39.334821145728199 ], [ -0.304607207222772, 39.334527976345797 ], [ -0.304400220109935, 39.334079494146899 ], [ -0.304346500855974, 39.333914672274602 ], [ -0.304286259833019, 39.333682024703599 ], [ -0.303804644263101, 39.332006415157302 ], [ -0.302954141809993, 39.330082389761699 ], [ -0.299835674437142, 39.324010726305502 ], [ -0.291907753695585, 39.308536736991798 ], [ -0.298182520989447, 39.3100170869604 ], [ -0.298075858625884, 39.309742600955602 ], [ -0.297928661581726, 39.309363684043603 ], [ -0.291730570887248, 39.307704938268898 ], [ -0.28203029564968, 39.290488592012899 ], [ -0.275087978590106, 39.279372017732697 ], [ -0.273745602704824, 39.2790933596985 ], [ -0.275315626954451, 39.279102612158802 ], [ -0.276149082976737, 39.279061227103 ], [ -0.276509841004959, 39.279069672254302 ], [ -0.27697398074931, 39.279123164910203 ], [ -0.27797075767679, 39.279231745252403 ], [ -0.278694337163398, 39.279195387719 ], [ -0.278943712181242, 39.279247399860701 ], [ -0.279283508022295, 39.279396974101402 ], [ -0.291633968756545, 39.283153534225903 ], [ -0.291604672000173, 39.283631448111002 ], [ -0.292979970242279, 39.284040742008301 ], [ -0.303514254864345, 39.295889891276097 ], [ -0.305610595750723, 39.299280193225499 ], [ -0.312817799038157, 39.303627590757102 ], [ -0.31506599563174, 39.303966658709797 ], [ -0.316607696898748, 39.303620146754497 ], [ -0.318223933181526, 39.303256841763499 ], [ -0.31829498093733, 39.305647221805202 ], [ -0.318421302032607, 39.305672129190199 ], [ -0.318528550996042, 39.306000320851901 ], [ -0.318588836036455, 39.306513590162503 ], [ -0.318599095695305, 39.3072894011597 ], [ -0.318631314671302, 39.3074917657908 ], [ -0.318684051168372, 39.3076791592867 ], [ -0.318669251424058, 39.308066586750599 ], [ -0.318473386352784, 39.309535647111197 ], [ -0.318418136369536, 39.309790721037302 ], [ -0.318477630892503, 39.311792974195598 ], [ -0.320184201760234, 39.312020586091201 ], [ -0.32077444161431, 39.312099274914601 ], [ -0.322568220929828, 39.313980239232002 ], [ -0.322591676840206, 39.3140048371503 ], [ -0.329313495226801, 39.313221863347501 ], [ -0.332977858018009, 39.315667941340301 ], [ -0.334077515401705, 39.317249969851296 ], [ -0.335824609271903, 39.314595792726699 ], [ -0.336870158431095, 39.314549330068402 ], [ -0.337175029570559, 39.316304625077102 ], [ -0.347554909066623, 39.315395932935999 ], [ -0.350247177041134, 39.311042915813204 ], [ -0.353070491249288, 39.311205711331702 ], [ -0.354200750641439, 39.3116733953443 ], [ -0.355929886290794, 39.312261664857601 ], [ -0.359187043662058, 39.306769780289301 ], [ -0.361093796006016, 39.306632846969798 ], [ -0.361764197024449, 39.305764059767299 ], [ -0.363189112812969, 39.306418497916297 ], [ -0.36468608965692, 39.305154535739398 ], [ -0.367493242274794, 39.306659479903502 ], [ -0.36730854056755, 39.307260576877198 ], [ -0.367823850147133, 39.307748021149401 ], [ -0.375493726230058, 39.307310252169202 ], [ -0.37751075755496, 39.310111848337399 ], [ -0.380083581037708, 39.311087568824398 ], [ -0.376792394585163, 39.312266222173797 ], [ -0.381534761768463, 39.316652140336998 ], [ -0.384734721608938, 39.3176080280912 ], [ -0.385427835631016, 39.316441207960999 ], [ -0.39081220179842, 39.315112164729598 ], [ -0.391781460633814, 39.323036233292001 ], [ -0.394485543250918, 39.323302259296099 ], [ -0.395605483695411, 39.326255185338198 ], [ -0.396663523030312, 39.329316449073602 ], [ -0.398427083918003, 39.329291101224698 ], [ -0.398842303208621, 39.331876308658401 ], [ -0.396340273258465, 39.3320907110432 ], [ -0.396823584847636, 39.333427504804803 ], [ -0.397795756919484, 39.333801156687599 ], [ -0.396804351019083, 39.335507600130697 ], [ -0.392898247093331, 39.334798028120296 ], [ -0.392475571785838, 39.335562788747502 ], [ -0.394679290993066, 39.336208948320603 ], [ -0.393171395126829, 39.338055867243 ], [ -0.391043137996742, 39.338523418989297 ], [ -0.390641654845108, 39.339009911071898 ], [ -0.391069661653808, 39.339686747798602 ], [ -0.388020572068691, 39.3405643497467 ], [ -0.388111857071206, 39.3430776379573 ], [ -0.386746379211803, 39.343624131129602 ], [ -0.386400246654725, 39.347608489896999 ], [ -0.386272129827217, 39.351676556879603 ], [ -0.385252535691528, 39.353176743659802 ], [ -0.382643014232821, 39.354379388834197 ], [ -0.382684846080659, 39.355444494139697 ], [ -0.380902696354797, 39.356240541207903 ], [ -0.378301393582602, 39.3575333187677 ], [ -0.375279994566079, 39.357960749289099 ], [ -0.371987183061218, 39.359122339040198 ], [ -0.370219124308928, 39.3623143403101 ], [ -0.363635809071149, 39.359642921905298 ], [ -0.360638704991494, 39.362187571900002 ], [ -0.361044887230378, 39.363728295711198 ], [ -0.357984230937633, 39.364264017990003 ], [ -0.357983725186134, 39.364263565166901 ], [ -0.357983631761336, 39.364263572112101 ], [ -0.357296494230847, 39.364329032098198 ], [ -0.356536507822373, 39.364570329885602 ], [ -0.355737653108219, 39.364823987699303 ], [ -0.355734940196052, 39.364824848889597 ], [ -0.355733928693053, 39.364823939083699 ], [ -0.354194482197393, 39.365349168046002 ], [ -0.351621553611751, 39.367092401817203 ], [ -0.351840431724001, 39.367753356751102 ], [ -0.347270068561404, 39.369822573332598 ], [ -0.344125753962902, 39.365820682656398 ], [ -0.34111943227013, 39.366742984327502 ], [ -0.343133647376598, 39.370853177705001 ], [ -0.340933415429302, 39.371640615192398 ], [ -0.338780147405061, 39.372411189221701 ], [ -0.337073916998797, 39.373020734720299 ], [ -0.336951648203793, 39.372811052930302 ], [ -0.334273739799118, 39.368217947885697 ], [ -0.333068983120441, 39.368208294688699 ], [ -0.332463700078639, 39.368203450727798 ], [ -0.332463506042532, 39.368202911120903 ], [ -0.331039818251011, 39.3647564578458 ], [ -0.330953094893489, 39.364763120964597 ], [ -0.330318180922027, 39.3648119588143 ], [ -0.330143223240666, 39.364834990098998 ], [ -0.330143514294826, 39.364836027694203 ], [ -0.331077640917735, 39.368027531730696 ], [ -0.332977810407296, 39.374512407253597 ], [ -0.333049048605952, 39.374775290986797 ], [ -0.334258933766591, 39.378951586187497 ], [ -0.334341703638553, 39.3792372408777 ], [ -0.334643314791817, 39.379761087972902 ], [ -0.336475883361337, 39.382943713997399 ], [ -0.336789555295598, 39.383487772785102 ], [ -0.337761509975148, 39.385173553299502 ], [ -0.337761532433009, 39.3851735900977 ], [ -0.337768088337959, 39.385184960744503 ], [ -0.337768132355417, 39.385185037812398 ], [ -0.338054971612144, 39.385682520718198 ], [ -0.338370140139703, 39.386248252801899 ], [ -0.340313650646791, 39.387953647345697 ], [ -0.341616960596965, 39.389097216998898 ], [ -0.343506156267017, 39.391320465696097 ], [ -0.343841152409511, 39.391953555717002 ], [ -0.344567713404586, 39.393326613257599 ], [ -0.344675193235075, 39.393554281127898 ], [ -0.344692197445066, 39.393634962928402 ], [ -0.34480310255172, 39.3941607790549 ], [ -0.345125837588931, 39.3944810148312 ], [ -0.345351370420778, 39.394704789269902 ], [ -0.34547416293359, 39.3948337159486 ], [ -0.345891073751909, 39.395780116711201 ], [ -0.346029882327904, 39.396098583876203 ], [ -0.346403108972271, 39.3969719041772 ], [ -0.348835555420525, 39.398964257152997 ], [ -0.350429019410816, 39.401036498997499 ], [ -0.350661386625381, 39.401951662661197 ], [ -0.350357644668235, 39.4075120091006 ], [ -0.35004915601316, 39.410035060126603 ], [ -0.349632582961416, 39.4134415701268 ], [ -0.349632457197255, 39.413442597977202 ], [ -0.349431590306477, 39.4150850579055 ], [ -0.349426566029077, 39.415128540977797 ], [ -0.349241461876601, 39.416729289069998 ], [ -0.349532536689909, 39.418949376723702 ], [ -0.349853940423821, 39.421400654121797 ], [ -0.349938383857142, 39.4220883276801 ], [ -0.349942693075585, 39.422123366014702 ], [ -0.350218069829282, 39.422098742308499 ], [ -0.350577722929707, 39.422066571316499 ], [ -0.3506652493811, 39.422058751320499 ], [ -0.351294682731004, 39.4220009871363 ], [ -0.35139945414091, 39.421994373893703 ], [ -0.35335716072443, 39.4218227881328 ], [ -0.353357347573993, 39.421822774947898 ], [ -0.3534404129917, 39.421780180826701 ], [ -0.354198379089102, 39.421391510697099 ], [ -0.355412090174513, 39.420626374041198 ], [ -0.356797827738522, 39.419612873199398 ], [ -0.356798160115181, 39.419612385343299 ], [ -0.358299729146894, 39.419769792666102 ], [ -0.358494129964265, 39.419748084155998 ], [ -0.358675624685971, 39.4196952743361 ], [ -0.358948162763373, 39.4196065428672 ], [ -0.360045128794465, 39.419720052256999 ], [ -0.360111298698297, 39.419696241025598 ], [ -0.360292991947661, 39.419637086263698 ], [ -0.361058368247853, 39.419458346169797 ], [ -0.361618345656609, 39.419319213048801 ], [ -0.36188274859083, 39.419230311773298 ], [ -0.361979325568714, 39.419264141960703 ], [ -0.362645790169566, 39.419329871673099 ], [ -0.363360894949791, 39.419618145931302 ], [ -0.363947764324923, 39.419846596129503 ], [ -0.364239050242316, 39.419910133766301 ], [ -0.364353657306275, 39.419900058157502 ], [ -0.364767382698587, 39.419960082921598 ], [ -0.364863308397875, 39.4200128259209 ], [ -0.364902609691555, 39.420051684154103 ], [ -0.364908163076645, 39.420121401301202 ], [ -0.364766936235863, 39.420598642977097 ], [ -0.364655911653295, 39.420986520180001 ], [ -0.364618807638781, 39.421044365009102 ], [ -0.365488349884369, 39.421282625713303 ], [ -0.365680626186072, 39.421375540928601 ], [ -0.365935727065515, 39.421533160086398 ], [ -0.366770555713567, 39.4218937401102 ], [ -0.367717574957452, 39.4223074592391 ], [ -0.368018091962685, 39.422454536113499 ], [ -0.368018136878473, 39.422454559013303 ], [ -0.368188403557424, 39.422537888050201 ], [ -0.3687748776738, 39.422824900658497 ], [ -0.370108910905005, 39.423361233839401 ], [ -0.370461821250916, 39.423521055879696 ], [ -0.371499334081574, 39.4240363642026 ], [ -0.371439038261363, 39.425918087148098 ], [ -0.372480493797815, 39.426245791934797 ], [ -0.37276009263337, 39.426333769013098 ], [ -0.373468582219869, 39.426556709886 ], [ -0.37498621941703, 39.427034221829501 ], [ -0.377578027895002, 39.427598348050701 ], [ -0.37806196381329, 39.427703669794703 ], [ -0.378305110811224, 39.427756590118904 ], [ -0.378902213794058, 39.428130118328198 ], [ -0.38260640698667, 39.4304471637532 ], [ -0.383730230848148, 39.431150080014802 ], [ -0.388234583108699, 39.433089694787597 ], [ -0.389535314894037, 39.430313540281098 ], [ -0.390813108198558, 39.427586071166203 ], [ -0.391087783368022, 39.426999766055502 ], [ -0.391087921708575, 39.426999782014903 ], [ -0.391087968420991, 39.426999788259899 ], [ -0.391180837153389, 39.427012777178298 ], [ -0.391919396945695, 39.427116061857099 ], [ -0.392382194607016, 39.427181954861098 ], [ -0.392397407576361, 39.427182391316499 ], [ -0.392652756390803, 39.427189722240698 ], [ -0.392682345997963, 39.427190570865299 ], [ -0.393809454100096, 39.427222967087197 ], [ -0.393892276972654, 39.427227210902402 ], [ -0.39389871160503, 39.427227539804903 ], [ -0.393899970144763, 39.427227604336501 ], [ -0.393924774426385, 39.427228876925902 ], [ -0.39392482024047, 39.427228878313599 ], [ -0.394122506196827, 39.4272390076801 ], [ -0.394475799225035, 39.427352295780203 ], [ -0.394696447916697, 39.427423049922098 ], [ -0.395365785329833, 39.427852411004203 ], [ -0.395760424217316, 39.4281909679639 ], [ -0.396390125265155, 39.428731199656298 ], [ -0.396743879129107, 39.428901277974497 ], [ -0.397280167963837, 39.428850209074099 ], [ -0.398128080573979, 39.428659600317502 ], [ -0.398920233856152, 39.428481539073502 ], [ -0.400213717135444, 39.4280600476812 ], [ -0.400729093190346, 39.427945447216501 ], [ -0.401552836627781, 39.427972867968599 ], [ -0.40188951172155, 39.427996745760296 ], [ -0.401888397810582, 39.428037667996499 ], [ -0.401888377149349, 39.4280382217122 ], [ -0.402488649388509, 39.430320696023998 ], [ -0.402835359562287, 39.436932921124502 ], [ -0.414181590945504, 39.436144458230999 ], [ -0.418630112012851, 39.435835035187701 ], [ -0.420851183976411, 39.435143926246901 ], [ -0.420894024632322, 39.4351106137172 ], [ -0.421339720167268, 39.435413883839402 ], [ -0.424302398110257, 39.439198514675297 ], [ -0.425720672653869, 39.441748629893098 ], [ -0.426960969380145, 39.4439785372304 ], [ -0.428896898106231, 39.445662691298701 ], [ -0.428956690869868, 39.447195518978297 ], [ -0.431515517702141, 39.450286945166198 ], [ -0.431508375197319, 39.451764781723298 ], [ -0.426368322939446, 39.452498475914197 ], [ -0.425356186617227, 39.451879173756602 ], [ -0.420421259264574, 39.452096281224101 ], [ -0.419535332646559, 39.452805809928499 ], [ -0.416122834104785, 39.4539545739202 ], [ -0.41468782933733, 39.4589571331367 ], [ -0.41456126569697, 39.459398297178197 ], [ -0.414518263344315, 39.459490144794302 ], [ -0.414033751605921, 39.460524922979602 ], [ -0.414456691916425, 39.461104957814101 ], [ -0.414524029630117, 39.461399885811801 ], [ -0.414478562300326, 39.461682857940701 ], [ -0.414400565177476, 39.461962300874397 ], [ -0.414263961067158, 39.462227835849497 ], [ -0.414073005288889, 39.462472350117601 ], [ -0.41383289369828, 39.462689324679999 ], [ -0.413486092794629, 39.4629245412278 ], [ -0.412893774239003, 39.462959690101897 ], [ -0.412798371359226, 39.463163411880501 ], [ -0.412768924584205, 39.463226299015403 ], [ -0.412957084805307, 39.463219233344198 ], [ -0.413023587984095, 39.463216726931002 ], [ -0.412765534342326, 39.463473321727903 ], [ -0.412432109353255, 39.464090872246103 ], [ -0.41240505299521, 39.464233830178699 ], [ -0.4125464217698, 39.465876925131298 ], [ -0.411759266713878, 39.465919945148499 ], [ -0.411756340900998, 39.465930195105898 ], [ -0.411604258818324, 39.466462982763296 ], [ -0.412279526010667, 39.4667298473316 ], [ -0.412528792332329, 39.466784091011398 ], [ -0.412538142896117, 39.466786106302798 ], [ -0.412554904561025, 39.4667859072703 ], [ -0.413175621557726, 39.466777882859098 ], [ -0.41349460433196, 39.466773732301199 ], [ -0.413487886730266, 39.466820149185899 ], [ -0.413468013301245, 39.466958247764801 ], [ -0.413460937271742, 39.467007720048102 ], [ -0.414089526205274, 39.466975051063201 ], [ -0.414129261385253, 39.466972967815003 ], [ -0.414413165845962, 39.466958141660598 ], [ -0.414596146381134, 39.466948597135598 ], [ -0.414677666696533, 39.466943013833998 ], [ -0.41484186166247, 39.466950762216399 ], [ -0.415033209106207, 39.467062342157099 ], [ -0.415155504850657, 39.467279710874003 ], [ -0.415199336348333, 39.467359247008098 ], [ -0.415384492603108, 39.467695209021301 ], [ -0.417780481823859, 39.468543975126401 ], [ -0.417824176777576, 39.468639538100398 ], [ -0.418050018629925, 39.4687633918968 ], [ -0.418020369733957, 39.468840943002903 ], [ -0.417972907245913, 39.468965016271298 ], [ -0.417968481246513, 39.468976597938799 ], [ -0.417946854306059, 39.469033497941098 ], [ -0.418087843093277, 39.469058824879902 ], [ -0.417785386625311, 39.469202712257797 ], [ -0.417685052892899, 39.469244540226398 ], [ -0.417665291753283, 39.469252900685497 ], [ -0.417658503184684, 39.469255759163403 ], [ -0.41762542901255, 39.469269430203198 ], [ -0.417549408183314, 39.469301247918899 ], [ -0.417546361097893, 39.469302544704398 ], [ -0.417447529348628, 39.469343666662901 ], [ -0.41718182475558, 39.469443867138203 ], [ -0.417098487148352, 39.4694753727142 ], [ -0.417063557056848, 39.469486552086302 ], [ -0.416835619434971, 39.469559343131998 ], [ -0.416766063780845, 39.469578701222503 ], [ -0.416686849440762, 39.469590037994699 ], [ -0.416562648369601, 39.469607776142098 ], [ -0.416534330776898, 39.469610023662597 ], [ -0.416509688192021, 39.4696121158469 ], [ -0.416354858162892, 39.469624960899999 ], [ -0.416336826280188, 39.469626019821 ], [ -0.416227876805915, 39.469632858078803 ], [ -0.416180139433393, 39.469653125281098 ], [ -0.415895482184482, 39.4697740071692 ], [ -0.415860384108021, 39.469788481831301 ], [ -0.415838666437726, 39.469797521818997 ], [ -0.415762668066351, 39.4698288760599 ], [ -0.415748495346111, 39.469834794072497 ], [ -0.415380799628973, 39.469986687938203 ], [ -0.41489143069984, 39.470201114880901 ], [ -0.414704023266973, 39.470301739904798 ], [ -0.414480619442313, 39.470421728880297 ], [ -0.414381751760464, 39.470479104105401 ], [ -0.413980169794183, 39.470671549105198 ], [ -0.413659339185385, 39.470825289890001 ], [ -0.413505588032938, 39.470868290204997 ], [ -0.413356966260749, 39.470910035345 ], [ -0.413069741626768, 39.470992015213 ], [ -0.412655709010616, 39.4711079962429 ], [ -0.412649693891484, 39.4711097270946 ], [ -0.412363073823683, 39.4712215881475 ], [ -0.412166888053812, 39.471354692795501 ], [ -0.411679723590423, 39.4718601609692 ], [ -0.411627009551214, 39.471914836131297 ], [ -0.411282325976721, 39.472272486327903 ], [ -0.411024096265121, 39.4725248649276 ], [ -0.411022187345155, 39.472524930803999 ], [ -0.41097120435952, 39.472527303742297 ], [ -0.410031547707712, 39.472570859140802 ], [ -0.4099283977569, 39.472589464016004 ], [ -0.409335851029178, 39.4726247557102 ], [ -0.408926866944946, 39.472649104292103 ], [ -0.408804854169782, 39.472656386744397 ], [ -0.40789055336518, 39.4726736262241 ], [ -0.407430171273654, 39.472682100687798 ], [ -0.407243451950263, 39.472685515159299 ], [ -0.407148448820761, 39.4726872508258 ], [ -0.406971690915584, 39.472690503726703 ], [ -0.406956302774771, 39.472690787341399 ], [ -0.406961124931224, 39.472740379673702 ], [ -0.406968553998619, 39.472816556816703 ], [ -0.406986024434271, 39.472995505338197 ], [ -0.406994932128622, 39.473183707910302 ], [ -0.407011031735136, 39.473498676751298 ], [ -0.407016186268248, 39.473504679049697 ], [ -0.407027734111202, 39.473518130132099 ], [ -0.407059291028839, 39.4735516357836 ], [ -0.407080634999974, 39.473570508058998 ], [ -0.407083372166664, 39.473572559905399 ], [ -0.407102509875461, 39.473586680130303 ], [ -0.407124544651065, 39.473599771308997 ], [ -0.407148056256996, 39.473611456912302 ], [ -0.407178512738388, 39.473624686077997 ], [ -0.407209925925556, 39.473636436165599 ], [ -0.407257737858237, 39.473650308824901 ], [ -0.407352265778975, 39.473669058337201 ], [ -0.407495427590838, 39.473692365030097 ], [ -0.407616507016418, 39.473709016922697 ], [ -0.407913843087262, 39.473765388133202 ], [ -0.407955106301503, 39.473777511258902 ], [ -0.408284043307408, 39.473847171865103 ], [ -0.408320614620942, 39.473861032000698 ], [ -0.408431116384033, 39.473884254031702 ], [ -0.408452612170478, 39.473890121079499 ], [ -0.408520530195861, 39.473908625749097 ], [ -0.408755247403166, 39.473992273923002 ], [ -0.409007251789815, 39.474099039248998 ], [ -0.40900694995589, 39.474109677010503 ], [ -0.409011490041354, 39.474119520804102 ], [ -0.409019801254333, 39.474127805094597 ], [ -0.409031272740534, 39.474134276784099 ], [ -0.409045079846455, 39.474138089207401 ], [ -0.409053788114818, 39.474138211249297 ], [ -0.409063241984872, 39.474134990313303 ], [ -0.409073716341061, 39.474127291963697 ], [ -0.409131945137785, 39.474156760925297 ], [ -0.409170810748539, 39.474179437829797 ], [ -0.409198132109595, 39.474198902114999 ], [ -0.409257070575392, 39.474245250945401 ], [ -0.409290443886526, 39.474267156739401 ], [ -0.409325364096562, 39.474284524795799 ], [ -0.409422129720636, 39.474323784755697 ], [ -0.409458271639458, 39.474342986888601 ], [ -0.409497446270714, 39.4743677162488 ], [ -0.409534915001182, 39.474394695046499 ], [ -0.409617530362943, 39.474458508144401 ], [ -0.409663132440032, 39.474492163814404 ], [ -0.409866723022743, 39.474625577709197 ], [ -0.410025069057878, 39.474737664016203 ], [ -0.410058815169841, 39.474764911021602 ], [ -0.410085327148811, 39.474789374654598 ], [ -0.410118873834785, 39.4748259022819 ], [ -0.410150708331825, 39.474866240193101 ], [ -0.410150736179602, 39.474866281104397 ], [ -0.410171752265663, 39.474897000669003 ], [ -0.410194520066565, 39.474935313775902 ], [ -0.410211540446237, 39.4749692202303 ], [ -0.410225192143627, 39.4750016809055 ], [ -0.410234404366861, 39.475029264111797 ], [ -0.41024167263581, 39.475059186875399 ], [ -0.410246954729677, 39.475091352809102 ], [ -0.410250615364482, 39.475131325832699 ], [ -0.410253127054, 39.475232927673702 ], [ -0.410248330948696, 39.475333964238601 ], [ -0.410249974865685, 39.475402560986097 ], [ -0.410248364186356, 39.4754293903 ], [ -0.41024137439514, 39.475465007841599 ], [ -0.410223905756117, 39.475525058229202 ], [ -0.410213600283181, 39.475567984912203 ], [ -0.410195197396276, 39.475622519172802 ], [ -0.410190555801207, 39.475646235013599 ], [ -0.41019103370493, 39.475661555794701 ], [ -0.410193625344522, 39.475671302985504 ], [ -0.410200370793994, 39.475683258668603 ], [ -0.410210411263919, 39.475694941841802 ], [ -0.410227939191751, 39.475710184257501 ], [ -0.410240750066024, 39.475719050124702 ], [ -0.410261732016096, 39.475731120904697 ], [ -0.410281365594958, 39.475739567953198 ], [ -0.410305542852506, 39.475746341123603 ], [ -0.410350986826105, 39.475755933673497 ], [ -0.410499868211421, 39.475790856257497 ], [ -0.410541302105577, 39.475802112276 ], [ -0.410588649609259, 39.475816969135998 ], [ -0.410681706987848, 39.475849762248998 ], [ -0.410705685717737, 39.475857972139401 ], [ -0.410707520077544, 39.475858508833198 ], [ -0.410755289789395, 39.475874834308001 ], [ -0.41085982224744, 39.475908969820701 ], [ -0.411110054258048, 39.4760097266565 ], [ -0.411210883860491, 39.476046055330301 ], [ -0.411261944999541, 39.476067358685498 ], [ -0.411299069675287, 39.476088293144997 ], [ -0.411338150881712, 39.476115568744198 ], [ -0.41136996920907, 39.476142141918501 ], [ -0.411387886107412, 39.476159739022101 ], [ -0.411400627811409, 39.476174432856801 ], [ -0.411419941590038, 39.476201870677698 ], [ -0.411436290029881, 39.476230870022697 ], [ -0.411508889176206, 39.476373667801901 ], [ -0.411585346586664, 39.476534300131902 ], [ -0.411709980645826, 39.476805633130702 ], [ -0.411742629016502, 39.476872836094401 ], [ -0.411799837327056, 39.476981324238402 ], [ -0.411861582129786, 39.477088161250101 ], [ -0.411895065035366, 39.477140526088299 ], [ -0.411930381402455, 39.477192234940503 ], [ -0.412005662918213, 39.477293616740802 ], [ -0.412077408664995, 39.4773810827975 ], [ -0.412236909035267, 39.477558526717999 ], [ -0.412302039588324, 39.477639605671797 ], [ -0.412319144409656, 39.477663657809899 ], [ -0.412333374622077, 39.47768816272 ], [ -0.412342453894641, 39.4777091570162 ], [ -0.412347534765891, 39.477726224671301 ], [ -0.412351577184663, 39.477748256258501 ], [ -0.412353377408479, 39.477775416798501 ], [ -0.412352284158778, 39.4778074011966 ], [ -0.412348830136539, 39.477838932107403 ], [ -0.412329521747793, 39.477913994949098 ], [ -0.412323902785715, 39.477968003173899 ], [ -0.41232481008415, 39.478003891914597 ], [ -0.412329033962602, 39.478040110686102 ], [ -0.412333857915682, 39.478057674027397 ], [ -0.412341826870567, 39.478073971944298 ], [ -0.412356829634125, 39.478093071808303 ], [ -0.412442351045797, 39.478179014197899 ], [ -0.412461214768446, 39.478196816720001 ], [ -0.41248669817644, 39.478220888080202 ], [ -0.412525308665652, 39.4782544587245 ], [ -0.412570203768625, 39.4782892600997 ], [ -0.412679002325953, 39.478363843331401 ], [ -0.412750180337469, 39.478416678705798 ], [ -0.412812120972966, 39.4784643858249 ], [ -0.412869542184232, 39.478514541916603 ], [ -0.41291092397609, 39.478558006894701 ], [ -0.412987563744559, 39.478648531918999 ], [ -0.413072537183935, 39.478745367223297 ], [ -0.413226383557809, 39.4789174277877 ], [ -0.413250956972409, 39.478944910982598 ], [ -0.41301853765558, 39.479079291217097 ], [ -0.412748195959014, 39.479241758194199 ], [ -0.412466476201079, 39.479408064661101 ], [ -0.41232675673336, 39.479495761723598 ], [ -0.412265708124981, 39.4795369497674 ], [ -0.412253536851174, 39.479545403980801 ], [ -0.412210200325232, 39.479576411305899 ], [ -0.412139281926844, 39.479629536972702 ], [ -0.412049627366526, 39.479699957193297 ], [ -0.411830436640587, 39.479879943306699 ], [ -0.411732696344396, 39.4799629117393 ], [ -0.411554931427772, 39.480117380127602 ], [ -0.411344230679567, 39.480303328738003 ], [ -0.411244310172187, 39.480387338782201 ], [ -0.410281744684, 39.481419692907998 ], [ -0.412444726191422, 39.482000945113398 ], [ -0.413026529068325, 39.482157312193898 ], [ -0.413827910743414, 39.482372638324399 ], [ -0.414736321294681, 39.482616710869998 ], [ -0.418791513218248, 39.484213039263203 ], [ -0.419685925322445, 39.484565101196701 ], [ -0.421664489888571, 39.485698791285301 ], [ -0.422088315039616, 39.485941586187799 ], [ -0.425174392756554, 39.487696369114197 ], [ -0.426071205159197, 39.487958378987997 ], [ -0.424935533417466, 39.489121221948402 ], [ -0.42576364626045, 39.490310704733297 ], [ -0.42476549311395, 39.491217629655097 ], [ -0.427408881058898, 39.495381546226 ], [ -0.428018746406961, 39.496342121676697 ], [ -0.428169311235104, 39.496579292253003 ], [ -0.428257445845966, 39.496718103974203 ], [ -0.42862166508297, 39.497291766818797 ], [ -0.429002640594967, 39.497891740247297 ], [ -0.429114703630013, 39.498068238324898 ], [ -0.429158502788327, 39.498137250739802 ], [ -0.430160447723609, 39.499715240051302 ], [ -0.4303319091619, 39.500115967285097 ], [ -0.430549216120692, 39.5022522809167 ], [ -0.43074244283999, 39.504151565164399 ], [ -0.430838917409938, 39.504330726944303 ], [ -0.431490906558329, 39.505427502809098 ], [ -0.431566635435075, 39.505615210071298 ], [ -0.431722307185617, 39.505646142005901 ], [ -0.431988201323186, 39.505918290176403 ], [ -0.432431829834678, 39.506081673799301 ], [ -0.429941255201042, 39.506386045191697 ], [ -0.429331497650797, 39.506483629228597 ], [ -0.428970199735086, 39.506557033065903 ], [ -0.42838458710306, 39.5066781682536 ], [ -0.42785446520277, 39.5066884128982 ], [ -0.42734522104799, 39.506698252773496 ], [ -0.427270713879996, 39.506706215745602 ], [ -0.427282389283739, 39.506893263887399 ], [ -0.427096650920645, 39.506898690808598 ], [ -0.427098646977229, 39.507013679059199 ], [ -0.426293836432719, 39.5070437647991 ], [ -0.426299104153532, 39.507403068951902 ], [ -0.425834741626967, 39.507421505098797 ], [ -0.425169355004465, 39.507339507872103 ], [ -0.424413066960008, 39.507246308137702 ], [ -0.424342752229469, 39.507217113799399 ], [ -0.424348788009867, 39.507053570662698 ], [ -0.423606677177235, 39.507181229046303 ], [ -0.423344593693086, 39.506987835032199 ], [ -0.420710976723501, 39.505768030799899 ], [ -0.416833848855558, 39.504052195836799 ], [ -0.416957641193273, 39.504006989728801 ], [ -0.417051879856478, 39.503972558875297 ], [ -0.416612618055577, 39.503741747300701 ], [ -0.415852665783093, 39.503361297659197 ], [ -0.415516574594271, 39.503193037013901 ], [ -0.414900339292522, 39.502876254945299 ], [ -0.414388781077552, 39.502963336714501 ], [ -0.414220837441928, 39.5029220911536 ], [ -0.413637678108941, 39.502491878795098 ], [ -0.413601067269534, 39.502500437654 ], [ -0.413387203553216, 39.502392538978597 ], [ -0.413362502577861, 39.502406046163301 ], [ -0.412697304601549, 39.502067730841603 ], [ -0.412131788180723, 39.502303639083301 ], [ -0.411529773209928, 39.5014041818959 ], [ -0.411554018739454, 39.501381619226798 ], [ -0.411598692856841, 39.501340051799303 ], [ -0.411870329025724, 39.5013554778239 ], [ -0.411688137211371, 39.500887288305798 ], [ -0.411948245300202, 39.500821808854496 ], [ -0.411540588027617, 39.500104245238397 ], [ -0.41261880082887, 39.4980027271043 ], [ -0.411408143117093, 39.497407057945097 ], [ -0.409376964224804, 39.498577963948399 ], [ -0.408519611219297, 39.498181632315301 ], [ -0.406801339795005, 39.498728837080499 ], [ -0.40502098220812, 39.4981372840125 ], [ -0.404939086396934, 39.498278626886098 ], [ -0.404802633203594, 39.498513931754601 ], [ -0.404395506835361, 39.499216214915499 ], [ -0.40425844009267, 39.499452670734101 ], [ -0.404163821442126, 39.499615869232699 ], [ -0.403664945642344, 39.499435570980197 ], [ -0.402364684574252, 39.498965639757103 ], [ -0.40233902419813, 39.498956358870203 ], [ -0.401822442604124, 39.498769640112002 ], [ -0.401777991268917, 39.498823720173398 ], [ -0.401959856994824, 39.498913875697099 ], [ -0.401950777722227, 39.4989306629585 ], [ -0.401945689664467, 39.498940054063198 ], [ -0.401881964974834, 39.498939326925097 ], [ -0.40176153682785, 39.498937962761097 ], [ -0.401677900979952, 39.498945595979002 ], [ -0.40166011613395, 39.4989672610875 ], [ -0.40149839422999, 39.498987629957099 ], [ -0.401471047716116, 39.498990968967803 ], [ -0.401291597560004, 39.4990128780587 ], [ -0.401131586048351, 39.499682058928201 ], [ -0.401059766639706, 39.499766873892803 ], [ -0.401080584198076, 39.499786618680197 ], [ -0.401123715009816, 39.499829298871603 ], [ -0.401136677699366, 39.4998406237819 ], [ -0.401135945572431, 39.4998410667135 ], [ -0.401068306923112, 39.499880954116399 ], [ -0.400897056588906, 39.499885262819603 ], [ -0.399759512758124, 39.499895504999799 ], [ -0.399738211007786, 39.4999725223201 ], [ -0.399300749430701, 39.499915829928199 ], [ -0.399276865922272, 39.499921398106203 ], [ -0.399192218571342, 39.500143823340601 ], [ -0.399173650394438, 39.500147501944497 ], [ -0.398107731037864, 39.499891178968198 ], [ -0.397811669676401, 39.500028811245699 ], [ -0.397656566559455, 39.500100906974403 ], [ -0.397655796703243, 39.500102386180302 ], [ -0.397016159390042, 39.5013646710537 ], [ -0.397649123119006, 39.501857445937603 ], [ -0.397610815362049, 39.502056158842699 ], [ -0.397173655618923, 39.504324224794999 ], [ -0.398437258236895, 39.505351935972399 ], [ -0.396515762742474, 39.508245209131204 ], [ -0.399341511385062, 39.508873239971201 ], [ -0.400079654359081, 39.509037272985502 ], [ -0.400865610164079, 39.510107769921802 ], [ -0.401009614595686, 39.5106068540778 ], [ -0.401020134765994, 39.510643322694101 ], [ -0.399254566143658, 39.511206239903501 ], [ -0.4000437576803, 39.514360113795199 ], [ -0.400184102375466, 39.514464878080098 ], [ -0.400276386304587, 39.5145337709533 ], [ -0.401548414221637, 39.515483292961001 ], [ -0.400593178986165, 39.5192653177482 ], [ -0.399443549221534, 39.521094805799599 ], [ -0.398241768661408, 39.522759887880902 ], [ -0.396465927803796, 39.5226412600584 ], [ -0.39594265376088, 39.522953292040803 ], [ -0.396661815332963, 39.523625364692599 ], [ -0.397382364802129, 39.525209612859499 ], [ -0.398016601443846, 39.525553872897802 ], [ -0.399316064807983, 39.526259208009002 ], [ -0.399822169350875, 39.526533909831301 ], [ -0.399921653276999, 39.5266528137061 ], [ -0.401759724925937, 39.528849185340697 ], [ -0.405488914639617, 39.529625103288403 ], [ -0.407551551634862, 39.530760667747799 ], [ -0.407591382036233, 39.530907536284801 ], [ -0.408186177247089, 39.533100216334297 ], [ -0.410746506062542, 39.535888100837298 ], [ -0.411427342809657, 39.540117694213002 ], [ -0.412812194634795, 39.541688257732801 ], [ -0.413883616172491, 39.542903209674002 ], [ -0.415675008664321, 39.545727354310003 ], [ -0.422980850563177, 39.549222929037697 ], [ -0.426712180063875, 39.552484032022598 ], [ -0.428603001684607, 39.553598539987298 ], [ -0.429471872888663, 39.553794429956604 ], [ -0.430195300560029, 39.553957520875699 ], [ -0.431869131428913, 39.557184235780099 ], [ -0.432495418878682, 39.5600724817726 ], [ -0.432538055617018, 39.561134765068203 ], [ -0.432440003605434, 39.561155182192998 ], [ -0.432177119722405, 39.561209942248098 ], [ -0.426977810995095, 39.562292672697097 ], [ -0.426977399566691, 39.562292280719198 ], [ -0.42063766161989, 39.555637525911997 ], [ -0.416252223845047, 39.551190519036702 ], [ -0.412158943353449, 39.548519570011102 ], [ -0.406617776253218, 39.544903303699598 ], [ -0.405441261708755, 39.542223386888303 ], [ -0.405700608026214, 39.542097742975002 ], [ -0.405599560133177, 39.541753941127801 ], [ -0.405429842324852, 39.541535299197797 ], [ -0.405272108940738, 39.541377549964203 ], [ -0.404458119410653, 39.541072889918397 ], [ -0.404218713895863, 39.5410069509457 ], [ -0.403024079433814, 39.5407984382066 ], [ -0.402793336373301, 39.540763445059 ], [ -0.402609938121513, 39.540735632307403 ], [ -0.402063439933604, 39.540652762738802 ], [ -0.40170706927724, 39.5405986882189 ], [ -0.401282409591291, 39.540534241688597 ], [ -0.401029263445899, 39.540489387688503 ], [ -0.401053059817777, 39.540423831949802 ], [ -0.400955881866969, 39.5404009556635 ], [ -0.400980209143198, 39.540295634035999 ], [ -0.401037871102953, 39.540046115245403 ], [ -0.401428757727492, 39.538354479164497 ], [ -0.402938672108174, 39.536865224885901 ], [ -0.399268766711641, 39.533883394683997 ], [ -0.399902331413563, 39.5321774896967 ], [ -0.397299132297795, 39.530235755133603 ], [ -0.396366592099659, 39.528413102705201 ], [ -0.395159109034092, 39.527772770346402 ], [ -0.395070357280658, 39.527725710267099 ] ] ] ] } },
    { "type": "Feature", "properties": { "OBJECTID": 7209, "Codigo": "46186", "Texto": "Paiporta", "Cod_Prov": "46", "Cod_CCAA": "10", "FechaId": "01012017", "NUTS_0": "ES", "NUTS_1": "ES5", "NUTS_2": "ES52", "NUTS_3": "ES523", "PAD_2C02": 25241, "PAD_2C03": 1489, "PAD_2C04": 1605, "PAD_2C05": 1460, "PAD_2C06": 1168, "PAD_2C07": 1016, "PAD_2C08": 1252, "PAD_2C09": 1885, "PAD_2C10": 2708, "PAD_2C11": 2740, "PAD_2C12": 2183, "PAD_2C13": 1723, "PAD_2C14": 1385, "PAD_2C15": 1217, "PAD_2C16": 1027, "PAD_2C17": 858, "PAD_2C18": 669, "PAD_2C19": 465, "PAD_2C20": 391, "PAD_2C21": 12538, "PAD_2C22": 772, "PAD_2C23": 794, "PAD_2C24": 744, "PAD_2C25": 600, "PAD_2C26": 523, "PAD_2C27": 620, "PAD_2C28": 928, "PAD_2C29": 1389, "PAD_2C30": 1437, "PAD_2C31": 1114, "PAD_2C32": 885, "PAD_2C33": 655, "PAD_2C34": 580, "PAD_2C35": 493, "PAD_2C36": 367, "PAD_2C37": 309, "PAD_2C38": 193, "PAD_2C39": 135, "PAD_2C40": 12703, "PAD_2C41": 717, "PAD_2C42": 811, "PAD_2C43": 716, "PAD_2C44": 568, "PAD_2C45": 493, "PAD_2C46": 632, "PAD_2C47": 957, "PAD_2C48": 1319, "PAD_2C49": 1303, "PAD_2C50": 1069, "PAD_2C51": 838, "PAD_2C52": 730, "PAD_2C53": 637, "PAD_2C54": 534, "PAD_2C55": 491, "PAD_2C56": 360, "PAD_2C57": 272, "PAD_2C58": 256, "PAD_3C03": 23957, "PAD_3C04": 1284, "PAD_3C05": 383, "PAD_3C06": 6, "PAD_3C07": 88, "PAD_3C08": 23, "PAD_3C09": 66, "PAD_3C10": 7, "PAD_3C100": 39, "PAD_3C101": 12, "PAD_3C102": 2, "PAD_3C103": 20, "PAD_3C104": 11, "PAD_3C105": 7, "PAD_3C106": 4, "PAD_3C107": 18, "PAD_3C108": 16, "PAD_3C109": 74, "PAD_3C11": 11, "PAD_3C110": 38, "PAD_3C111": 15, "PAD_3C112": 1, "PAD_3C12": 14, "PAD_3C13": 155, "PAD_3C14": 88, "PAD_3C15": 10, "PAD_3C16": 29, "PAD_3C17": 289, "PAD_3C18": 57, "PAD_3C19": 159, "PAD_3C20": 10, "PAD_3C21": 17, "PAD_3C22": 354, "PAD_3C23": 29, "PAD_3C24": 17, "PAD_3C25": 32, "PAD_3C26": 77, "PAD_3C27": 21, "PAD_3C28": 3, "PAD_3C29": 29, "PAD_3C30": 15, "PAD_3C31": 11, "PAD_3C32": 9, "PAD_3C33": 29, "PAD_3C34": 27, "PAD_3C35": 169, "PAD_3C36": 76, "PAD_3C37": 45, "PAD_3C38": 1, "PAD_3C39": 12538, "PAD_3C40": 11902, "PAD_3C41": 636, "PAD_3C42": 193, "PAD_3C43": 4, "PAD_3C44": 39, "PAD_3C45": 16, "PAD_3C46": 36, "PAD_3C47": 2, "PAD_3C48": 6, "PAD_3C49": 5, "PAD_3C50": 79, "PAD_3C51": 41, "PAD_3C52": 4, "PAD_3C53": 12, "PAD_3C54": 176, "PAD_3C55": 39, "PAD_3C56": 90, "PAD_3C57": 5, "PAD_3C58": 16, "PAD_3C59": 131, "PAD_3C60": 11, "PAD_3C61": 7, "PAD_3C62": 8, "PAD_3C63": 38, "PAD_3C64": 9, "PAD_3C65": 1, "PAD_3C66": 9, "PAD_3C67": 4, "PAD_3C68": 4, "PAD_3C69": 5, "PAD_3C70": 11, "PAD_3C71": 11, "PAD_3C72": 95, "PAD_3C73": 38, "PAD_3C74": 30, "PAD_3C75": 0, "PAD_3C76": 12703, "PAD_3C77": 12055, "PAD_3C78": 648, "PAD_3C79": 190, "PAD_3C80": 2, "PAD_3C81": 49, "PAD_3C82": 7, "PAD_3C83": 30, "PAD_3C84": 5, "PAD_3C85": 5, "PAD_3C86": 9, "PAD_3C87": 76, "PAD_3C88": 47, "PAD_3C89": 6, "PAD_3C90": 17, "PAD_3C91": 113, "PAD_3C92": 18, "PAD_3C93": 69, "PAD_3C94": 5, "PAD_3C95": 1, "PAD_3C96": 223, "PAD_3C97": 18, "PAD_3C98": 10, "PAD_3C99": 24, "PAD_3_COD_PROV": "46", "PAD_3_COD_CCAA": "10", "Shape__Area": 6601454.0110320998, "Shape__Length": 11372.4563079244 }, "geometry": { "type": "Polygon", "coordinates": [ [ [ -0.402488649388509, 39.430320696023998 ], [ -0.401888377149349, 39.4280382217122 ], [ -0.401888397810582, 39.428037667996499 ], [ -0.40188951172155, 39.427996745760296 ], [ -0.401901452128303, 39.427557789845601 ], [ -0.401919997847346, 39.426876282045001 ], [ -0.401925083210182, 39.426834581274697 ], [ -0.401936764003806, 39.426738779112704 ], [ -0.40198681902974, 39.426328251843799 ], [ -0.401992176582096, 39.426184205762702 ], [ -0.402164829186471, 39.425602524826999 ], [ -0.402168325429541, 39.4255661448437 ], [ -0.402221725781599, 39.4250092160542 ], [ -0.40257854829057, 39.424127452823797 ], [ -0.402997922289364, 39.423091033860402 ], [ -0.403013166699741, 39.423053368797497 ], [ -0.403168296766167, 39.422670089992003 ], [ -0.403541613242043, 39.420750579038497 ], [ -0.403617759835406, 39.419014720192102 ], [ -0.403617754445524, 39.419013629272598 ], [ -0.403616457278248, 39.418970499772101 ], [ -0.40358141399901, 39.417805632996703 ], [ -0.403589539260756, 39.417350250794101 ], [ -0.403590345947883, 39.4173050792513 ], [ -0.40359218120602, 39.417202270681699 ], [ -0.403455742385701, 39.4168118691952 ], [ -0.403381773308602, 39.4159911026698 ], [ -0.403391873965633, 39.415945921918301 ], [ -0.403688560554542, 39.414618947925099 ], [ -0.403722648924632, 39.414585422237103 ], [ -0.403723761937269, 39.414580441998098 ], [ -0.404496736188112, 39.413820187970103 ], [ -0.405218340279403, 39.4131104828258 ], [ -0.405603477686118, 39.412888077069297 ], [ -0.405668928039408, 39.412850280873599 ], [ -0.405683803242212, 39.4128898690551 ], [ -0.405746248730844, 39.413056061995498 ], [ -0.406740548104763, 39.415702319282502 ], [ -0.406747387877329, 39.4157205160149 ], [ -0.411828412736226, 39.414626060862602 ], [ -0.412734384361508, 39.414933403755199 ], [ -0.416789304993884, 39.413953791015103 ], [ -0.419089497872729, 39.416777903877197 ], [ -0.42008211200716, 39.4183273487238 ], [ -0.420747064743397, 39.4193652826659 ], [ -0.421010914315406, 39.419469675142501 ], [ -0.420843297666525, 39.423716071913802 ], [ -0.420843188970377, 39.423719001653801 ], [ -0.421856113115083, 39.424017230074298 ], [ -0.423925183844374, 39.424568695974799 ], [ -0.424501807035347, 39.425200577276698 ], [ -0.424613357132384, 39.425325189078698 ], [ -0.425474703149321, 39.426287688042301 ], [ -0.425568839404558, 39.426392868824799 ], [ -0.425636928109823, 39.426471662713297 ], [ -0.426236613749111, 39.427165432002901 ], [ -0.426020244631455, 39.4281962240876 ], [ -0.426001025175955, 39.428273030061398 ], [ -0.425886558249209, 39.428730303173197 ], [ -0.425455182758194, 39.430453531956701 ], [ -0.42544474972447, 39.4304951639512 ], [ -0.423534307101303, 39.430398026292501 ], [ -0.422319034743904, 39.430725662135799 ], [ -0.419733172214819, 39.431422736183798 ], [ -0.419732742820107, 39.431422856913002 ], [ -0.419845148113314, 39.432162921152099 ], [ -0.421751425248507, 39.434342010125398 ], [ -0.421716222967449, 39.434380521093203 ], [ -0.421578982849919, 39.434529984187201 ], [ -0.421424942439939, 39.434697780276402 ], [ -0.420894024632322, 39.4351106137172 ], [ -0.420851183976411, 39.435143926246901 ], [ -0.418630112012851, 39.435835035187701 ], [ -0.414181590945504, 39.436144458230999 ], [ -0.402835359562287, 39.436932921124502 ], [ -0.402488649388509, 39.430320696023998 ] ] ] } },
    { "type": "Feature", "properties": { "OBJECTID": 7117, "Codigo": "46094", "Texto": "Catarroja", "Cod_Prov": "46", "Cod_CCAA": "10", "FechaId": "01012017", "NUTS_0": "ES", "NUTS_1": "ES5", "NUTS_2": "ES52", "NUTS_3": "ES523", "PAD_2C02": 27752, "PAD_2C03": 1588, "PAD_2C04": 1990, "PAD_2C05": 1622, "PAD_2C06": 1186, "PAD_2C07": 1251, "PAD_2C08": 1227, "PAD_2C09": 1642, "PAD_2C10": 2820, "PAD_2C11": 3050, "PAD_2C12": 2399, "PAD_2C13": 1831, "PAD_2C14": 1554, "PAD_2C15": 1331, "PAD_2C16": 1189, "PAD_2C17": 1004, "PAD_2C18": 819, "PAD_2C19": 638, "PAD_2C20": 611, "PAD_2C21": 13711, "PAD_2C22": 815, "PAD_2C23": 1023, "PAD_2C24": 859, "PAD_2C25": 623, "PAD_2C26": 648, "PAD_2C27": 627, "PAD_2C28": 767, "PAD_2C29": 1420, "PAD_2C30": 1591, "PAD_2C31": 1255, "PAD_2C32": 917, "PAD_2C33": 760, "PAD_2C34": 639, "PAD_2C35": 535, "PAD_2C36": 482, "PAD_2C37": 339, "PAD_2C38": 250, "PAD_2C39": 161, "PAD_2C40": 14041, "PAD_2C41": 773, "PAD_2C42": 967, "PAD_2C43": 763, "PAD_2C44": 563, "PAD_2C45": 603, "PAD_2C46": 600, "PAD_2C47": 875, "PAD_2C48": 1400, "PAD_2C49": 1459, "PAD_2C50": 1144, "PAD_2C51": 914, "PAD_2C52": 794, "PAD_2C53": 692, "PAD_2C54": 654, "PAD_2C55": 522, "PAD_2C56": 480, "PAD_2C57": 388, "PAD_2C58": 450, "PAD_3C03": 25817, "PAD_3C04": 1935, "PAD_3C05": 510, "PAD_3C06": 12, "PAD_3C07": 75, "PAD_3C08": 24, "PAD_3C09": 78, "PAD_3C10": 5, "PAD_3C100": 61, "PAD_3C101": 16, "PAD_3C102": 6, "PAD_3C103": 37, "PAD_3C104": 7, "PAD_3C105": 4, "PAD_3C106": 8, "PAD_3C107": 12, "PAD_3C108": 26, "PAD_3C109": 80, "PAD_3C11": 10, "PAD_3C110": 40, "PAD_3C111": 27, "PAD_3C112": 0, "PAD_3C12": 14, "PAD_3C13": 259, "PAD_3C14": 46, "PAD_3C15": 14, "PAD_3C16": 13, "PAD_3C17": 730, "PAD_3C18": 135, "PAD_3C19": 514, "PAD_3C20": 8, "PAD_3C21": 34, "PAD_3C22": 456, "PAD_3C23": 41, "PAD_3C24": 73, "PAD_3C25": 11, "PAD_3C26": 96, "PAD_3C27": 29, "PAD_3C28": 11, "PAD_3C29": 73, "PAD_3C30": 11, "PAD_3C31": 4, "PAD_3C32": 12, "PAD_3C33": 22, "PAD_3C34": 39, "PAD_3C35": 193, "PAD_3C36": 80, "PAD_3C37": 86, "PAD_3C38": 0, "PAD_3C39": 13711, "PAD_3C40": 12730, "PAD_3C41": 981, "PAD_3C42": 249, "PAD_3C43": 5, "PAD_3C44": 39, "PAD_3C45": 11, "PAD_3C46": 47, "PAD_3C47": 2, "PAD_3C48": 2, "PAD_3C49": 4, "PAD_3C50": 120, "PAD_3C51": 17, "PAD_3C52": 2, "PAD_3C53": 5, "PAD_3C54": 413, "PAD_3C55": 79, "PAD_3C56": 285, "PAD_3C57": 3, "PAD_3C58": 21, "PAD_3C59": 189, "PAD_3C60": 22, "PAD_3C61": 34, "PAD_3C62": 3, "PAD_3C63": 35, "PAD_3C64": 13, "PAD_3C65": 5, "PAD_3C66": 36, "PAD_3C67": 4, "PAD_3C68": 0, "PAD_3C69": 4, "PAD_3C70": 10, "PAD_3C71": 13, "PAD_3C72": 113, "PAD_3C73": 40, "PAD_3C74": 59, "PAD_3C75": 0, "PAD_3C76": 14041, "PAD_3C77": 13087, "PAD_3C78": 954, "PAD_3C79": 261, "PAD_3C80": 7, "PAD_3C81": 36, "PAD_3C82": 13, "PAD_3C83": 31, "PAD_3C84": 3, "PAD_3C85": 8, "PAD_3C86": 10, "PAD_3C87": 139, "PAD_3C88": 29, "PAD_3C89": 12, "PAD_3C90": 8, "PAD_3C91": 317, "PAD_3C92": 56, "PAD_3C93": 229, "PAD_3C94": 5, "PAD_3C95": 13, "PAD_3C96": 267, "PAD_3C97": 19, "PAD_3C98": 39, "PAD_3C99": 8, "PAD_3_COD_PROV": "46", "PAD_3_COD_CCAA": "10", "Shape__Area": 21832176.946136501, "Shape__Length": 31095.230659583802 }, "geometry": { "type": "Polygon", "coordinates": [ [ [ -0.419089497872729, 39.416777903877197 ], [ -0.416789304993884, 39.413953791015103 ], [ -0.412734384361508, 39.414933403755199 ], [ -0.411828412736226, 39.414626060862602 ], [ -0.406747387877329, 39.4157205160149 ], [ -0.406740548104763, 39.415702319282502 ], [ -0.405746248730844, 39.413056061995498 ], [ -0.405683803242212, 39.4128898690551 ], [ -0.405668928039408, 39.412850280873599 ], [ -0.405277818632689, 39.412436177335302 ], [ -0.404664259412161, 39.411981458955601 ], [ -0.401717598430686, 39.4097976146736 ], [ -0.40106525085452, 39.4090160831825 ], [ -0.401013880694969, 39.4089545282893 ], [ -0.399227410970932, 39.406814155200301 ], [ -0.399116000112745, 39.406720468181398 ], [ -0.397001517749217, 39.404942235156703 ], [ -0.396840805551628, 39.404807092659901 ], [ -0.395736852424245, 39.403878576199702 ], [ -0.378515907679185, 39.400789061151201 ], [ -0.369948807765181, 39.398253433820102 ], [ -0.365504244674978, 39.395089894163299 ], [ -0.363339436892624, 39.392169349685602 ], [ -0.357162082009846, 39.378659614332797 ], [ -0.354198794110761, 39.375050655689897 ], [ -0.348489633967532, 39.371021525670898 ], [ -0.347270068561404, 39.369822573332598 ], [ -0.351840431724001, 39.367753356751102 ], [ -0.351621553611751, 39.367092401817203 ], [ -0.354194482197393, 39.365349168046002 ], [ -0.355733928693053, 39.364823939083699 ], [ -0.355734940196052, 39.364824848889597 ], [ -0.355734264662968, 39.364825055158498 ], [ -0.356304732597628, 39.365333475052502 ], [ -0.357185113915394, 39.366118084293703 ], [ -0.366357255224382, 39.374291049898197 ], [ -0.366362755608876, 39.374294624742198 ], [ -0.36727496693213, 39.3748883879556 ], [ -0.367496405242907, 39.3751221260639 ], [ -0.367833179151357, 39.375477586673398 ], [ -0.368668718366779, 39.376100123247298 ], [ -0.369317753854513, 39.376745410119803 ], [ -0.370441308221396, 39.377271586826303 ], [ -0.370469853087864, 39.377284962753798 ], [ -0.371317267133051, 39.3779109023288 ], [ -0.371463758999688, 39.378019121774201 ], [ -0.37227417862484, 39.379622988014901 ], [ -0.373051616604326, 39.380559476297499 ], [ -0.373908427027352, 39.381236463247198 ], [ -0.376296661092261, 39.3824085481575 ], [ -0.376313582657286, 39.382416848218597 ], [ -0.376352345860104, 39.382431816654901 ], [ -0.379906771928529, 39.383804113810697 ], [ -0.384280804692522, 39.385237639093603 ], [ -0.387728395920841, 39.386367395147303 ], [ -0.388610154355957, 39.386693507761301 ], [ -0.391051435734998, 39.387633135834697 ], [ -0.391070865396286, 39.3876406208825 ], [ -0.39103393026506, 39.388630729894203 ], [ -0.391035420570111, 39.388631501924102 ], [ -0.391751305986347, 39.3890071969102 ], [ -0.391916480115953, 39.389550537772003 ], [ -0.391916754102101, 39.3895514319819 ], [ -0.392334024246525, 39.389641261835102 ], [ -0.392757515224283, 39.389732432189803 ], [ -0.392758459353666, 39.389736551931797 ], [ -0.393037026923253, 39.390954849072898 ], [ -0.39307084490045, 39.390982619696999 ], [ -0.393305630379735, 39.391254867867502 ], [ -0.393538271580448, 39.391524651802698 ], [ -0.393917125271733, 39.392262825764 ], [ -0.393925396060543, 39.392974178047197 ], [ -0.393925400552128, 39.392974673726201 ], [ -0.393926697719404, 39.392974446019302 ], [ -0.394287691106231, 39.392910729717798 ], [ -0.395251496269513, 39.393116335029902 ], [ -0.395750607427868, 39.393222805054002 ], [ -0.397014325928533, 39.393635530107602 ], [ -0.397023910054299, 39.393638658964697 ], [ -0.397035342912925, 39.393643270679199 ], [ -0.398373699735592, 39.394182355299897 ], [ -0.399460431260687, 39.394541659890301 ], [ -0.399505110767956, 39.394556432734902 ], [ -0.399600997839702, 39.3945881353321 ], [ -0.40073350840998, 39.395170349265101 ], [ -0.400954121169024, 39.395283763067503 ], [ -0.400956661604649, 39.395285066785 ], [ -0.400956736164808, 39.395285104966298 ], [ -0.401050939793727, 39.395332596228798 ], [ -0.401050984709482, 39.395332619137598 ], [ -0.401424035284051, 39.395520763664102 ], [ -0.401509165928552, 39.395567609852101 ], [ -0.401594701713277, 39.395614680930002 ], [ -0.401959277581463, 39.395802991998103 ], [ -0.403067750133043, 39.396593485720203 ], [ -0.404082157396258, 39.397417889021298 ], [ -0.404260085806286, 39.397629051861301 ], [ -0.40429557914147, 39.397671682951596 ], [ -0.405185666755908, 39.398740794176398 ], [ -0.405185700891897, 39.398740830967398 ], [ -0.405250545780677, 39.398818716900102 ], [ -0.405250589798101, 39.398818771739499 ], [ -0.405355330665307, 39.398944573302899 ], [ -0.405727402076206, 39.399391461832302 ], [ -0.40681353442497, 39.400719019939601 ], [ -0.406815994012223, 39.4007220249201 ], [ -0.406986284945696, 39.401301129950497 ], [ -0.406986294827164, 39.401301166046103 ], [ -0.406986444845812, 39.401301678325403 ], [ -0.406986486168312, 39.401301813683702 ], [ -0.407125324388745, 39.401773944814202 ], [ -0.408107573761432, 39.401932180954397 ], [ -0.409511350394655, 39.402158306134297 ], [ -0.410335713669654, 39.402291095091002 ], [ -0.410565203580349, 39.402328059883203 ], [ -0.410990225287361, 39.402139340923299 ], [ -0.411411212660409, 39.401957444838402 ], [ -0.411485870745347, 39.401925199302497 ], [ -0.411489714636461, 39.4019247120168 ], [ -0.412862603596985, 39.401748642686002 ], [ -0.413817995139285, 39.401794653111402 ], [ -0.414253581932361, 39.401815627952203 ], [ -0.41448531313968, 39.401829768977301 ], [ -0.416216304708439, 39.4018842853366 ], [ -0.416251559091762, 39.401885393183399 ], [ -0.416255473949746, 39.4018855160462 ], [ -0.41629991989507, 39.401886914043402 ], [ -0.416299965709155, 39.401886914737403 ], [ -0.417408139121735, 39.401921800796799 ], [ -0.418815043688785, 39.401871985181302 ], [ -0.42328639364247, 39.402169387334901 ], [ -0.423291083746549, 39.402169878089502 ], [ -0.424092541778424, 39.402254137914802 ], [ -0.42469760113975, 39.402317745727302 ], [ -0.424907420640635, 39.4022953869312 ], [ -0.427410987608258, 39.402107602191798 ], [ -0.427785564420462, 39.402025800827197 ], [ -0.428745617320802, 39.4018128250136 ], [ -0.42885069236126, 39.401797124251601 ], [ -0.429417559848288, 39.401539408845601 ], [ -0.430020209927998, 39.4012554350359 ], [ -0.430054573182533, 39.401243036895202 ], [ -0.430067252902797, 39.4012384659435 ], [ -0.430742309889353, 39.401219095100998 ], [ -0.431485455581175, 39.4011977507949 ], [ -0.431487284551099, 39.401198399821801 ], [ -0.432104365167516, 39.401418618130599 ], [ -0.432711752962051, 39.401954537784697 ], [ -0.434430426831609, 39.4032176898261 ], [ -0.435365722162709, 39.403046139062504 ], [ -0.435532441394623, 39.403015562714501 ], [ -0.435833354556909, 39.402960369769502 ], [ -0.437018626777075, 39.403572095267002 ], [ -0.437478998088835, 39.403556067274899 ], [ -0.438285987946203, 39.403527951817502 ], [ -0.450087994860164, 39.400877663162397 ], [ -0.450088364966068, 39.400878521825497 ], [ -0.450302330192025, 39.401368815344497 ], [ -0.450528385843383, 39.402479756721299 ], [ -0.450528808949883, 39.402481852310999 ], [ -0.450772687176454, 39.402793228184699 ], [ -0.449953606893685, 39.4032986151947 ], [ -0.447842268633631, 39.404820368216797 ], [ -0.439672996626372, 39.4096917758636 ], [ -0.438225868195823, 39.410554558205 ], [ -0.435820279577955, 39.412491881918299 ], [ -0.435170726660626, 39.412874920339398 ], [ -0.429575727118666, 39.416174162072203 ], [ -0.428171757347634, 39.416773737152901 ], [ -0.426380272329336, 39.4181107119948 ], [ -0.422789983718154, 39.419086863795798 ], [ -0.421010914315406, 39.419469675142501 ], [ -0.420747064743397, 39.4193652826659 ], [ -0.42008211200716, 39.4183273487238 ], [ -0.419089497872729, 39.416777903877197 ] ] ] } },
    { "type": "Feature", "properties": { "OBJECTID": 7228, "Codigo": "46205", "Texto": "Puçol", "Cod_Prov": "46", "Cod_CCAA": "10", "FechaId": "01012017", "NUTS_0": "ES", "NUTS_1": "ES5", "NUTS_2": "ES52", "NUTS_3": "ES523", "PAD_2C02": 19531, "PAD_2C03": 943, "PAD_2C04": 1164, "PAD_2C05": 1156, "PAD_2C06": 991, "PAD_2C07": 945, "PAD_2C08": 991, "PAD_2C09": 1240, "PAD_2C10": 1670, "PAD_2C11": 1744, "PAD_2C12": 1694, "PAD_2C13": 1474, "PAD_2C14": 1357, "PAD_2C15": 1046, "PAD_2C16": 906, "PAD_2C17": 773, "PAD_2C18": 517, "PAD_2C19": 475, "PAD_2C20": 445, "PAD_2C21": 9639, "PAD_2C22": 491, "PAD_2C23": 596, "PAD_2C24": 581, "PAD_2C25": 527, "PAD_2C26": 464, "PAD_2C27": 507, "PAD_2C28": 624, "PAD_2C29": 834, "PAD_2C30": 883, "PAD_2C31": 840, "PAD_2C32": 703, "PAD_2C33": 679, "PAD_2C34": 536, "PAD_2C35": 442, "PAD_2C36": 380, "PAD_2C37": 219, "PAD_2C38": 193, "PAD_2C39": 140, "PAD_2C40": 9892, "PAD_2C41": 452, "PAD_2C42": 568, "PAD_2C43": 575, "PAD_2C44": 464, "PAD_2C45": 481, "PAD_2C46": 484, "PAD_2C47": 616, "PAD_2C48": 836, "PAD_2C49": 861, "PAD_2C50": 854, "PAD_2C51": 771, "PAD_2C52": 678, "PAD_2C53": 510, "PAD_2C54": 464, "PAD_2C55": 393, "PAD_2C56": 298, "PAD_2C57": 282, "PAD_2C58": 305, "PAD_3C03": 17672, "PAD_3C04": 1859, "PAD_3C05": 862, "PAD_3C06": 50, "PAD_3C07": 54, "PAD_3C08": 55, "PAD_3C09": 112, "PAD_3C10": 37, "PAD_3C100": 23, "PAD_3C101": 4, "PAD_3C102": 1, "PAD_3C103": 34, "PAD_3C104": 4, "PAD_3C105": 3, "PAD_3C106": 7, "PAD_3C107": 8, "PAD_3C108": 21, "PAD_3C109": 56, "PAD_3C11": 21, "PAD_3C110": 30, "PAD_3C111": 0, "PAD_3C112": 1, "PAD_3C12": 93, "PAD_3C13": 345, "PAD_3C14": 174, "PAD_3C15": 47, "PAD_3C16": 100, "PAD_3C17": 249, "PAD_3C18": 68, "PAD_3C19": 152, "PAD_3C20": 3, "PAD_3C21": 2, "PAD_3C22": 453, "PAD_3C23": 28, "PAD_3C24": 18, "PAD_3C25": 47, "PAD_3C26": 42, "PAD_3C27": 9, "PAD_3C28": 2, "PAD_3C29": 79, "PAD_3C30": 5, "PAD_3C31": 5, "PAD_3C32": 9, "PAD_3C33": 13, "PAD_3C34": 37, "PAD_3C35": 119, "PAD_3C36": 60, "PAD_3C37": 6, "PAD_3C38": 2, "PAD_3C39": 9639, "PAD_3C40": 8715, "PAD_3C41": 924, "PAD_3C42": 429, "PAD_3C43": 28, "PAD_3C44": 21, "PAD_3C45": 31, "PAD_3C46": 67, "PAD_3C47": 19, "PAD_3C48": 11, "PAD_3C49": 41, "PAD_3C50": 164, "PAD_3C51": 75, "PAD_3C52": 19, "PAD_3C53": 45, "PAD_3C54": 144, "PAD_3C55": 36, "PAD_3C56": 88, "PAD_3C57": 2, "PAD_3C58": 2, "PAD_3C59": 212, "PAD_3C60": 17, "PAD_3C61": 7, "PAD_3C62": 20, "PAD_3C63": 19, "PAD_3C64": 5, "PAD_3C65": 1, "PAD_3C66": 45, "PAD_3C67": 1, "PAD_3C68": 2, "PAD_3C69": 2, "PAD_3C70": 5, "PAD_3C71": 16, "PAD_3C72": 63, "PAD_3C73": 30, "PAD_3C74": 6, "PAD_3C75": 1, "PAD_3C76": 9892, "PAD_3C77": 8957, "PAD_3C78": 935, "PAD_3C79": 433, "PAD_3C80": 22, "PAD_3C81": 33, "PAD_3C82": 24, "PAD_3C83": 45, "PAD_3C84": 18, "PAD_3C85": 10, "PAD_3C86": 52, "PAD_3C87": 181, "PAD_3C88": 99, "PAD_3C89": 28, "PAD_3C90": 55, "PAD_3C91": 105, "PAD_3C92": 32, "PAD_3C93": 64, "PAD_3C94": 1, "PAD_3C95": 0, "PAD_3C96": 241, "PAD_3C97": 11, "PAD_3C98": 11, "PAD_3C99": 27, "PAD_3_COD_PROV": "46", "PAD_3_COD_CCAA": "10", "Shape__Area": 30555862.233352698, "Shape__Length": 25851.989862409398 }, "geometry": { "type": "Polygon", "coordinates": [ [ [ -0.295742640083915, 39.628714008119701 ], [ -0.268463819651297, 39.613506971233498 ], [ -0.261028361636711, 39.614798495333098 ], [ -0.260856496854857, 39.614828341280699 ], [ -0.260700019315518, 39.614855493891703 ], [ -0.259970243250065, 39.615640614053703 ], [ -0.25890142323343, 39.614937451987402 ], [ -0.25889172681826, 39.614931079917397 ], [ -0.259687364665407, 39.614552903988901 ], [ -0.266582809430097, 39.602987529257 ], [ -0.268061913393197, 39.598247758954201 ], [ -0.271805807629764, 39.598572875071604 ], [ -0.300120970388222, 39.601027742893997 ], [ -0.30060280155381, 39.601069458975999 ], [ -0.306828325898747, 39.602097961826203 ], [ -0.313200184905163, 39.604452660309498 ], [ -0.317467316353698, 39.607422452254397 ], [ -0.317670202657252, 39.607563632167697 ], [ -0.320990940089348, 39.609874496262798 ], [ -0.337006452622648, 39.620152413941199 ], [ -0.34435345712447, 39.626251637144797 ], [ -0.346844171895319, 39.628319033916199 ], [ -0.351752442640236, 39.632392529865299 ], [ -0.353377814789428, 39.633761211040799 ], [ -0.345635081743711, 39.6384115131629 ], [ -0.345035715904656, 39.638771450783501 ], [ -0.345012634591768, 39.638785314668702 ], [ -0.343230958278043, 39.6398551892432 ], [ -0.335762012866291, 39.638376791343099 ], [ -0.327766423831011, 39.636793572818199 ], [ -0.32669560326624, 39.636581480993001 ], [ -0.315460995641956, 39.633727068712702 ], [ -0.313111446626452, 39.633129940186798 ], [ -0.296724845439144, 39.628963811160602 ], [ -0.295742640083915, 39.628714008119701 ] ] ] } },
{ "type": "Feature", "properties": { "OBJECTID": 7251, "Codigo": "46228", "Texto": "Serra", "Cod_Prov": "46", "Cod_CCAA": "10", "FechaId": "01012017", "NUTS_0": "ES", "NUTS_1": "ES5", "NUTS_2": "ES52", "NUTS_3": "ES523", "PAD_2C02": 3068, "PAD_2C03": 117, "PAD_2C04": 182, "PAD_2C05": 166, "PAD_2C06": 179, "PAD_2C07": 173, "PAD_2C08": 154, "PAD_2C09": 160, "PAD_2C10": 217, "PAD_2C11": 266, "PAD_2C12": 280, "PAD_2C13": 288, "PAD_2C14": 245, "PAD_2C15": 184, "PAD_2C16": 155, "PAD_2C17": 117, "PAD_2C18": 74, "PAD_2C19": 65, "PAD_2C20": 46, "PAD_2C21": 1573, "PAD_2C22": 53, "PAD_2C23": 97, "PAD_2C24": 85, "PAD_2C25": 100, "PAD_2C26": 97, "PAD_2C27": 61, "PAD_2C28": 79, "PAD_2C29": 107, "PAD_2C30": 140, "PAD_2C31": 150, "PAD_2C32": 143, "PAD_2C33": 139, "PAD_2C34": 101, "PAD_2C35": 79, "PAD_2C36": 57, "PAD_2C37": 36, "PAD_2C38": 30, "PAD_2C39": 19, "PAD_2C40": 1495, "PAD_2C41": 64, "PAD_2C42": 85, "PAD_2C43": 81, "PAD_2C44": 79, "PAD_2C45": 76, "PAD_2C46": 93, "PAD_2C47": 81, "PAD_2C48": 110, "PAD_2C49": 126, "PAD_2C50": 130, "PAD_2C51": 145, "PAD_2C52": 106, "PAD_2C53": 83, "PAD_2C54": 76, "PAD_2C55": 60, "PAD_2C56": 38, "PAD_2C57": 35, "PAD_2C58": 27, "PAD_3C03": 2885, "PAD_3C04": 183, "PAD_3C05": 125, "PAD_3C06": 2, "PAD_3C07": 4, "PAD_3C08": 16, "PAD_3C09": 6, "PAD_3C10": 6, "PAD_3C100": 4, "PAD_3C101": 0, "PAD_3C102": 0, "PAD_3C103": 0, "PAD_3C104": 0, "PAD_3C105": 2, "PAD_3C106": 0, "PAD_3C107": 0, "PAD_3C108": 4, "PAD_3C109": 2, "PAD_3C11": 1, "PAD_3C110": 0, "PAD_3C111": 0, "PAD_3C112": 0, "PAD_3C12": 10, "PAD_3C13": 70, "PAD_3C14": 11, "PAD_3C15": 4, "PAD_3C16": 3, "PAD_3C17": 11, "PAD_3C18": 2, "PAD_3C19": 9, "PAD_3C20": 0, "PAD_3C21": 0, "PAD_3C22": 32, "PAD_3C23": 10, "PAD_3C24": 1, "PAD_3C25": 1, "PAD_3C26": 5, "PAD_3C27": 0, "PAD_3C28": 0, "PAD_3C29": 0, "PAD_3C30": 0, "PAD_3C31": 2, "PAD_3C32": 0, "PAD_3C33": 0, "PAD_3C34": 4, "PAD_3C35": 4, "PAD_3C36": 0, "PAD_3C37": 1, "PAD_3C38": 0, "PAD_3C39": 1573, "PAD_3C40": 1478, "PAD_3C41": 95, "PAD_3C42": 71, "PAD_3C43": 2, "PAD_3C44": 1, "PAD_3C45": 7, "PAD_3C46": 5, "PAD_3C47": 4, "PAD_3C48": 1, "PAD_3C49": 7, "PAD_3C50": 38, "PAD_3C51": 4, "PAD_3C52": 1, "PAD_3C53": 1, "PAD_3C54": 5, "PAD_3C55": 2, "PAD_3C56": 3, "PAD_3C57": 0, "PAD_3C58": 0, "PAD_3C59": 13, "PAD_3C60": 7, "PAD_3C61": 1, "PAD_3C62": 0, "PAD_3C63": 1, "PAD_3C64": 0, "PAD_3C65": 0, "PAD_3C66": 0, "PAD_3C67": 0, "PAD_3C68": 0, "PAD_3C69": 0, "PAD_3C70": 0, "PAD_3C71": 0, "PAD_3C72": 2, "PAD_3C73": 0, "PAD_3C74": 1, "PAD_3C75": 0, "PAD_3C76": 1495, "PAD_3C77": 1407, "PAD_3C78": 88, "PAD_3C79": 54, "PAD_3C80": 0, "PAD_3C81": 3, "PAD_3C82": 9, "PAD_3C83": 1, "PAD_3C84": 2, "PAD_3C85": 0, "PAD_3C86": 3, "PAD_3C87": 32, "PAD_3C88": 7, "PAD_3C89": 3, "PAD_3C90": 2, "PAD_3C91": 6, "PAD_3C92": 0, "PAD_3C93": 6, "PAD_3C94": 0, "PAD_3C95": 0, "PAD_3C96": 19, "PAD_3C97": 3, "PAD_3C98": 0, "PAD_3C99": 1, "PAD_3_COD_PROV": "46", "PAD_3_COD_CCAA": "10", "Shape__Area": 96862754.542160004, "Shape__Length": 45139.360318194202 }, "geometry": { "type": "Polygon", "coordinates": [ [ [ -0.456176067085189, 39.714697835022299 ], [ -0.456175546062306, 39.714697765229602 ], [ -0.452992270631623, 39.715618820047403 ], [ -0.450981327189417, 39.716061141840697 ], [ -0.448378545790266, 39.716418333237598 ], [ -0.44695667618887, 39.717332934729498 ], [ -0.445519763399746, 39.717706658983403 ], [ -0.445090568119919, 39.718904416179697 ], [ -0.439128254644821, 39.717367574728499 ], [ -0.426951802072666, 39.717007995338598 ], [ -0.417124855396887, 39.7177715252651 ], [ -0.41701924855378, 39.7177872002664 ], [ -0.415196678233388, 39.718800584127301 ], [ -0.415089438253091, 39.718861235817997 ], [ -0.414227917963017, 39.718815024813402 ], [ -0.408346679238925, 39.7185576410157 ], [ -0.404832775274636, 39.7139658017879 ], [ -0.401335364378956, 39.706770742892701 ], [ -0.399488057150625, 39.702234055861602 ], [ -0.397337457122763, 39.699879634879103 ], [ -0.393898125005158, 39.696135946808603 ], [ -0.391451567820431, 39.693288277208701 ], [ -0.389227411940503, 39.6907338667841 ], [ -0.390521649804623, 39.6882586048037 ], [ -0.391125268268204, 39.687092074237 ], [ -0.392482711595735, 39.684483080321101 ], [ -0.396302090367304, 39.679028550035703 ], [ -0.3988664292622, 39.674383607947803 ], [ -0.399042334666199, 39.674045215177699 ], [ -0.399042576313018, 39.6740451667781 ], [ -0.402291935409278, 39.673425038239799 ], [ -0.403140124700527, 39.673263143992301 ], [ -0.405646845653092, 39.672569218899099 ], [ -0.409041579111767, 39.671629371921497 ], [ -0.409051071609395, 39.671629582812997 ], [ -0.414154816658448, 39.671743457195298 ], [ -0.41679226494272, 39.671751497332302 ], [ -0.419306782373628, 39.671759119834803 ], [ -0.419672044554696, 39.6717967303452 ], [ -0.421315831268922, 39.671965931753299 ], [ -0.421923458913616, 39.671916752085799 ], [ -0.422800378124301, 39.671845769734801 ], [ -0.422800785959417, 39.671845760746002 ], [ -0.423511340772743, 39.671546255050799 ], [ -0.424032189364395, 39.6713326463017 ], [ -0.425279548645418, 39.671017981030502 ], [ -0.427668415124284, 39.670413358267098 ], [ -0.429247763886515, 39.670503304655803 ], [ -0.430774271947147, 39.670590241011602 ], [ -0.434097869615135, 39.669925107240097 ], [ -0.435899321441497, 39.669442403878399 ], [ -0.435964092668414, 39.669444925667001 ], [ -0.436981810223466, 39.669484369138402 ], [ -0.437670417397774, 39.669524965956697 ], [ -0.4377146046283, 39.6695275693356 ], [ -0.437715247822022, 39.669527065255103 ], [ -0.440340604782596, 39.667420163975102 ], [ -0.440609687939428, 39.667204207992498 ], [ -0.44113809944741, 39.666783456822003 ], [ -0.443743329654049, 39.664946570287697 ], [ -0.4439505188878, 39.664800471139003 ], [ -0.443950744364938, 39.664800218735799 ], [ -0.444096265152746, 39.664641526747701 ], [ -0.445958488906413, 39.6634482748849 ], [ -0.448063344025048, 39.6624082692244 ], [ -0.449781139342278, 39.6615594750862 ], [ -0.451701761674221, 39.660358430061699 ], [ -0.451983534432785, 39.660127996278703 ], [ -0.452002135847348, 39.660112797115801 ], [ -0.452352812083145, 39.659913189707702 ], [ -0.452383142800376, 39.659895924101797 ], [ -0.45239393066862, 39.659892729072098 ], [ -0.454021052736024, 39.659409423114198 ], [ -0.454913751752991, 39.6592217612666 ], [ -0.455623699305179, 39.658931039861898 ], [ -0.457487696333217, 39.658598732671699 ], [ -0.457812130982902, 39.658540889769299 ], [ -0.458908575092814, 39.658345398257303 ], [ -0.459593394071562, 39.658063732214899 ], [ -0.459594896953039, 39.658063120855402 ], [ -0.459602916213595, 39.6575627212599 ], [ -0.459667475438097, 39.653533222855998 ], [ -0.459773861120588, 39.6515806263115 ], [ -0.459897026434228, 39.650763504324999 ], [ -0.460582520946093, 39.648589333174002 ], [ -0.46089840183765, 39.647803365337602 ], [ -0.460941431139752, 39.6476963012786 ], [ -0.460987992617573, 39.647614633756703 ], [ -0.461503528572591, 39.646710390010298 ], [ -0.462858933622741, 39.644332898095598 ], [ -0.463554369789817, 39.643158926977499 ], [ -0.463554514418583, 39.643158965714598 ], [ -0.463554639284413, 39.643158747818902 ], [ -0.463554895304252, 39.6431589020752 ], [ -0.463554992322306, 39.643158958105502 ], [ -0.469368118984941, 39.644799331303197 ], [ -0.470140727621465, 39.645023370108603 ], [ -0.48695783023898, 39.6497940479533 ], [ -0.486957967681202, 39.649794092219999 ], [ -0.492823200223578, 39.650326309808698 ], [ -0.49282386318027, 39.650326343008402 ], [ -0.496998366644895, 39.648641734677803 ], [ -0.500330135388715, 39.647055897219303 ], [ -0.500401305315391, 39.647021358196596 ], [ -0.501501926591406, 39.646452358272498 ], [ -0.501529776161821, 39.646437959857202 ], [ -0.503061074937874, 39.645646207025798 ], [ -0.506511902796169, 39.6439816989175 ], [ -0.50851299441464, 39.643096718080301 ], [ -0.510933506744321, 39.641878594727402 ], [ -0.510933902901374, 39.6418789281485 ], [ -0.511227335792296, 39.642125947117101 ], [ -0.515084544417134, 39.645372699837303 ], [ -0.516639705142053, 39.646692113995698 ], [ -0.516860169679076, 39.646879158283603 ], [ -0.51682787614292, 39.6471307162616 ], [ -0.516122594440323, 39.648277768893898 ], [ -0.516005240328239, 39.648626586939898 ], [ -0.515956100685581, 39.649021959103401 ], [ -0.516011798928114, 39.649419534048803 ], [ -0.516384259309557, 39.650409464654402 ], [ -0.516420499144729, 39.650698561924798 ], [ -0.516060979893306, 39.651627753810402 ], [ -0.515411281448913, 39.653172409000703 ], [ -0.515181736740962, 39.654050393751703 ], [ -0.515088697328682, 39.6546970391855 ], [ -0.515119137640393, 39.6551481351352 ], [ -0.515336217325453, 39.655594182169899 ], [ -0.51626573738758, 39.656325815765904 ], [ -0.516260581956171, 39.656469820687398 ], [ -0.516001839306561, 39.656860665766999 ], [ -0.515071236774499, 39.657786652314499 ], [ -0.514060240414396, 39.659172548322701 ], [ -0.514029386877654, 39.659214840709303 ], [ -0.51380590579791, 39.659597419171 ], [ -0.513746395105296, 39.659956471961202 ], [ -0.513793353638434, 39.660272794106199 ], [ -0.513999172043081, 39.660709638028599 ], [ -0.514210793564444, 39.660984428232098 ], [ -0.514432725948658, 39.661295493343601 ], [ -0.514434040183912, 39.661583805130903 ], [ -0.514115113105231, 39.6623517759393 ], [ -0.51352284036369, 39.662942664842802 ], [ -0.512471822261035, 39.664298504241103 ], [ -0.510968790772048, 39.666230181801403 ], [ -0.510238224189149, 39.6667730629459 ], [ -0.50959952112383, 39.667353926850502 ], [ -0.506916626171, 39.669350313242298 ], [ -0.502732755972872, 39.678377168859797 ], [ -0.500044082157848, 39.688913528878203 ], [ -0.494089180682135, 39.694938034139497 ], [ -0.490037693410798, 39.702796115010401 ], [ -0.487818531265501, 39.7051353778539 ], [ -0.486940483770828, 39.7055487707553 ], [ -0.486752027105683, 39.705598710187303 ], [ -0.48599453801374, 39.705582337162099 ], [ -0.485782735032664, 39.705631845319097 ], [ -0.485661688844776, 39.7057553259827 ], [ -0.485656457056547, 39.705899323932698 ], [ -0.485974711297103, 39.706771067707699 ], [ -0.485862269172981, 39.706975821050698 ], [ -0.485528854065379, 39.7071667650862 ], [ -0.484721586628574, 39.707554661962199 ], [ -0.484525643403853, 39.707811683915303 ], [ -0.484382702577543, 39.708213977915001 ], [ -0.484316679997402, 39.709707989949202 ], [ -0.484130506849713, 39.710019237837002 ], [ -0.483866534208535, 39.710220703838203 ], [ -0.483582212929539, 39.710340660177003 ], [ -0.48186948860209, 39.710609824682599 ], [ -0.481110540646094, 39.710953693153101 ], [ -0.480820971409222, 39.711217621246597 ], [ -0.479355888351086, 39.713654188186297 ], [ -0.476219495096755, 39.716495821122301 ], [ -0.471822178898927, 39.724787091776498 ], [ -0.470723653392473, 39.726438437791899 ], [ -0.470723480017633, 39.726438689969903 ], [ -0.467204797914349, 39.724082810117899 ], [ -0.463670409666647, 39.720573329018599 ], [ -0.461003950290279, 39.715353110785898 ], [ -0.456176067085189, 39.714697835022299 ] ] ] } },
{ "type": "Feature", "properties": { "OBJECTID": 7093, "Codigo": "46070", "Texto": "Bétera", "Cod_Prov": "46", "Cod_CCAA": "10", "FechaId": "01012017", "NUTS_0": "ES", "NUTS_1": "ES5", "NUTS_2": "ES52", "NUTS_3": "ES523", "PAD_2C02": 23178, "PAD_2C03": 1134, "PAD_2C04": 1579, "PAD_2C05": 1676, "PAD_2C06": 1214, "PAD_2C07": 1168, "PAD_2C08": 1071, "PAD_2C09": 1256, "PAD_2C10": 1924, "PAD_2C11": 2293, "PAD_2C12": 2137, "PAD_2C13": 1953, "PAD_2C14": 1536, "PAD_2C15": 1220, "PAD_2C16": 951, "PAD_2C17": 699, "PAD_2C18": 542, "PAD_2C19": 426, "PAD_2C20": 399, "PAD_2C21": 11610, "PAD_2C22": 577, "PAD_2C23": 836, "PAD_2C24": 866, "PAD_2C25": 613, "PAD_2C26": 602, "PAD_2C27": 554, "PAD_2C28": 622, "PAD_2C29": 966, "PAD_2C30": 1128, "PAD_2C31": 1088, "PAD_2C32": 984, "PAD_2C33": 808, "PAD_2C34": 605, "PAD_2C35": 497, "PAD_2C36": 332, "PAD_2C37": 256, "PAD_2C38": 157, "PAD_2C39": 119, "PAD_2C40": 11568, "PAD_2C41": 557, "PAD_2C42": 743, "PAD_2C43": 810, "PAD_2C44": 601, "PAD_2C45": 566, "PAD_2C46": 517, "PAD_2C47": 634, "PAD_2C48": 958, "PAD_2C49": 1165, "PAD_2C50": 1049, "PAD_2C51": 969, "PAD_2C52": 728, "PAD_2C53": 615, "PAD_2C54": 454, "PAD_2C55": 367, "PAD_2C56": 286, "PAD_2C57": 269, "PAD_2C58": 280, "PAD_3C03": 21771, "PAD_3C04": 1407, "PAD_3C05": 639, "PAD_3C06": 21, "PAD_3C07": 36, "PAD_3C08": 108, "PAD_3C09": 112, "PAD_3C10": 17, "PAD_3C100": 26, "PAD_3C101": 17, "PAD_3C102": 11, "PAD_3C103": 19, "PAD_3C104": 1, "PAD_3C105": 3, "PAD_3C106": 5, "PAD_3C107": 4, "PAD_3C108": 29, "PAD_3C109": 41, "PAD_3C11": 30, "PAD_3C110": 31, "PAD_3C111": 5, "PAD_3C112": 1, "PAD_3C12": 50, "PAD_3C13": 180, "PAD_3C14": 85, "PAD_3C15": 41, "PAD_3C16": 18, "PAD_3C17": 265, "PAD_3C18": 36, "PAD_3C19": 186, "PAD_3C20": 15, "PAD_3C21": 1, "PAD_3C22": 340, "PAD_3C23": 23, "PAD_3C24": 45, "PAD_3C25": 32, "PAD_3C26": 43, "PAD_3C27": 31, "PAD_3C28": 15, "PAD_3C29": 37, "PAD_3C30": 4, "PAD_3C31": 7, "PAD_3C32": 6, "PAD_3C33": 8, "PAD_3C34": 39, "PAD_3C35": 76, "PAD_3C36": 54, "PAD_3C37": 11, "PAD_3C38": 2, "PAD_3C39": 11610, "PAD_3C40": 10935, "PAD_3C41": 675, "PAD_3C42": 322, "PAD_3C43": 8, "PAD_3C44": 16, "PAD_3C45": 55, "PAD_3C46": 68, "PAD_3C47": 3, "PAD_3C48": 17, "PAD_3C49": 23, "PAD_3C50": 88, "PAD_3C51": 29, "PAD_3C52": 16, "PAD_3C53": 3, "PAD_3C54": 160, "PAD_3C55": 28, "PAD_3C56": 107, "PAD_3C57": 8, "PAD_3C58": 1, "PAD_3C59": 128, "PAD_3C60": 9, "PAD_3C61": 14, "PAD_3C62": 10, "PAD_3C63": 17, "PAD_3C64": 14, "PAD_3C65": 4, "PAD_3C66": 18, "PAD_3C67": 3, "PAD_3C68": 4, "PAD_3C69": 1, "PAD_3C70": 4, "PAD_3C71": 10, "PAD_3C72": 35, "PAD_3C73": 23, "PAD_3C74": 6, "PAD_3C75": 1, "PAD_3C76": 11568, "PAD_3C77": 10836, "PAD_3C78": 732, "PAD_3C79": 317, "PAD_3C80": 13, "PAD_3C81": 20, "PAD_3C82": 53, "PAD_3C83": 44, "PAD_3C84": 14, "PAD_3C85": 13, "PAD_3C86": 27, "PAD_3C87": 92, "PAD_3C88": 56, "PAD_3C89": 25, "PAD_3C90": 15, "PAD_3C91": 105, "PAD_3C92": 8, "PAD_3C93": 79, "PAD_3C94": 7, "PAD_3C95": 0, "PAD_3C96": 212, "PAD_3C97": 14, "PAD_3C98": 31, "PAD_3C99": 22, "PAD_3_COD_PROV": "46", "PAD_3_COD_CCAA": "10", "Shape__Area": 126646290.48999, "Shape__Length": 45467.6667914262 }, "geometry": { "type": "Polygon", "coordinates": [ [ [ -0.408089926357652, 39.574894275983901 ], [ -0.409813867948057, 39.572216602771903 ], [ -0.412205052978664, 39.569270003937199 ], [ -0.413459460441414, 39.5677219210149 ], [ -0.413961800144937, 39.567101951881902 ], [ -0.414095059827428, 39.566960807226799 ], [ -0.415756281044688, 39.565169001821303 ], [ -0.418752332298812, 39.562217655282801 ], [ -0.42092331330382, 39.560166880772599 ], [ -0.422359896411242, 39.560658201032098 ], [ -0.424207147045756, 39.561690139055003 ], [ -0.42564080074701, 39.562577806969699 ], [ -0.426110322298272, 39.562471077137303 ], [ -0.426977399566691, 39.562292280719198 ], [ -0.426977810995095, 39.562292672697097 ], [ -0.432177119722405, 39.561209942248098 ], [ -0.432440003605434, 39.561155182192998 ], [ -0.432538055617018, 39.561134765068203 ], [ -0.435539096114254, 39.560490503039198 ], [ -0.439576131289287, 39.559623692081999 ], [ -0.438729601186344, 39.5570204182984 ], [ -0.43933337416016, 39.5563046756738 ], [ -0.441005065242057, 39.554322901794201 ], [ -0.441008520162627, 39.5543189781013 ], [ -0.443883557568226, 39.551043996104298 ], [ -0.446111219572692, 39.548687684151403 ], [ -0.447786500322491, 39.547111921756098 ], [ -0.448739037018816, 39.546441359328298 ], [ -0.448742047273356, 39.546439245211502 ], [ -0.449537087740834, 39.545962576748899 ], [ -0.4500026980273, 39.545683427736499 ], [ -0.450002745638013, 39.545683402106299 ], [ -0.450003013335981, 39.545683249710898 ], [ -0.450003138201811, 39.545683181133001 ], [ -0.462270765283706, 39.552618364272199 ], [ -0.465077378014091, 39.555396117332897 ], [ -0.465779294627661, 39.556090774050197 ], [ -0.46685707623754, 39.557157334827401 ], [ -0.468572515273784, 39.558854913333498 ], [ -0.468789559026193, 39.558967741302098 ], [ -0.469781934208763, 39.559156876693201 ], [ -0.473112389615626, 39.559791581933801 ], [ -0.4746444142304, 39.5602302958522 ], [ -0.475562027123467, 39.560601612189799 ], [ -0.475563105101784, 39.560602207096601 ], [ -0.476155048161623, 39.560938818261697 ], [ -0.476820618938797, 39.5615208493113 ], [ -0.478450491647581, 39.5631147889031 ], [ -0.478452694316663, 39.563116534777002 ], [ -0.478823863819011, 39.563411217027699 ], [ -0.479666532064531, 39.5638995683045 ], [ -0.480374262574616, 39.5643096890851 ], [ -0.481857464652008, 39.565277845199198 ], [ -0.481905934151498, 39.565309485313598 ], [ -0.482001727798446, 39.565372027283601 ], [ -0.482077101840671, 39.565420872057601 ], [ -0.482375605721375, 39.565614356802001 ], [ -0.482373977075771, 39.565659362147201 ], [ -0.482262430571989, 39.565846113692601 ], [ -0.48210573743698, 39.565995909986299 ], [ -0.482008417552364, 39.566110920877797 ], [ -0.481940856158161, 39.566370698810999 ], [ -0.481868680118336, 39.5667565149936 ], [ -0.48174577441779, 39.567258374678602 ], [ -0.481675555806973, 39.567590180219199 ], [ -0.481558513410283, 39.567929951203602 ], [ -0.481376237154302, 39.568142236763201 ], [ -0.481171314370028, 39.568335984673901 ], [ -0.481011681947383, 39.568566733222497 ], [ -0.480933743215045, 39.568790284104502 ], [ -0.480923642557981, 39.569069329753603 ], [ -0.480896049007405, 39.569510175950903 ], [ -0.480889099640359, 39.570023536218301 ], [ -0.480933596789651, 39.570104019104598 ], [ -0.48095465599484, 39.570142078910898 ], [ -0.481154883285152, 39.570296866874401 ], [ -0.481158449596829, 39.570299638101602 ], [ -0.481576418630529, 39.570651065788098 ], [ -0.481962121975883, 39.570929709249299 ], [ -0.482088678429733, 39.570999023886003 ], [ -0.482167595427444, 39.571042266905302 ], [ -0.482703922889716, 39.571017859312903 ], [ -0.483311016935134, 39.570967936176203 ], [ -0.483767592864824, 39.5708967581132 ], [ -0.484272950009365, 39.5707635539584 ], [ -0.484683301329478, 39.570682353759999 ], [ -0.485072960855316, 39.5705286489695 ], [ -0.485501494975079, 39.570267631874998 ], [ -0.485954520762773, 39.569971161736099 ], [ -0.486304178308995, 39.569636367821602 ], [ -0.486571769364148, 39.5693178363437 ], [ -0.487084548389574, 39.569657148066 ], [ -0.487377195254636, 39.569850787181302 ], [ -0.487444690173519, 39.569895458778802 ], [ -0.487444735089274, 39.569895487169802 ], [ -0.487458520635632, 39.569904595848399 ], [ -0.48782979613917, 39.569615318201201 ], [ -0.488109368923575, 39.569288060111901 ], [ -0.488222963586206, 39.569331660820502 ], [ -0.488258583583848, 39.569345326718903 ], [ -0.488511267096869, 39.569440868827897 ], [ -0.488739626926915, 39.569562928176303 ], [ -0.488817166807309, 39.569622650045503 ], [ -0.488932187994597, 39.5697112463344 ], [ -0.489082756415996, 39.5697325459059 ], [ -0.489234244712255, 39.569726817132697 ], [ -0.489570571259683, 39.5697610831253 ], [ -0.489916670579102, 39.5697380281607 ], [ -0.489978968744043, 39.5697338747486 ], [ -0.490101091113654, 39.569898694665703 ], [ -0.49023516017823, 39.570054712986902 ], [ -0.490287436737886, 39.570218023267898 ], [ -0.490412856822907, 39.5703727826711 ], [ -0.490465788254381, 39.5704380982204 ], [ -0.490687762859425, 39.570593890279099 ], [ -0.490783628371574, 39.570661186047097 ], [ -0.491032418586141, 39.570864754932103 ], [ -0.491427194017548, 39.571215629947801 ], [ -0.49159127579575, 39.571507480980998 ], [ -0.491698814915047, 39.571753001314299 ], [ -0.491855815273897, 39.571918589891702 ], [ -0.491967571085136, 39.572047130300497 ], [ -0.492148522326064, 39.572195153703603 ], [ -0.49239630283426, 39.572425748843401 ], [ -0.49274778575715, 39.572685607675503 ], [ -0.492962830758085, 39.572850237080203 ], [ -0.493084590208334, 39.5729434367015 ], [ -0.49309894798151, 39.572954433247297 ], [ -0.49340329001325, 39.573231280978298 ], [ -0.493540214822099, 39.573307115317199 ], [ -0.493894053127678, 39.573503110959003 ], [ -0.494166824767092, 39.573641268321403 ], [ -0.494339947190316, 39.573728937163096 ], [ -0.494623585749718, 39.573933249705398 ], [ -0.495112094991096, 39.5742681128851 ], [ -0.495313358937258, 39.574400021713402 ], [ -0.495680736650791, 39.574640770049903 ], [ -0.495718337433632, 39.574630770160098 ], [ -0.495721945067809, 39.5746298118545 ], [ -0.495962851667448, 39.574565781227399 ], [ -0.496105317284994, 39.5744877809949 ], [ -0.496367099833515, 39.5743312498726 ], [ -0.496712195734742, 39.574122470301802 ], [ -0.497151958795557, 39.573870687068101 ], [ -0.497639566128415, 39.573583884780298 ], [ -0.497997575311851, 39.573339347257701 ], [ -0.49819691865992, 39.573298583187899 ], [ -0.498432480283596, 39.573222608276197 ], [ -0.498807635610865, 39.573149617663503 ], [ -0.499230260612721, 39.573050579723798 ], [ -0.499830919127433, 39.572856315274997 ], [ -0.500219589608166, 39.572729569776499 ], [ -0.500382144250403, 39.572663604802798 ], [ -0.500788852003689, 39.572498551874901 ], [ -0.503891458721887, 39.574538288075203 ], [ -0.505140000185824, 39.575754271814198 ], [ -0.506708217923388, 39.577148368255799 ], [ -0.507494152168855, 39.5782823262916 ], [ -0.50763534217869, 39.5785646232234 ], [ -0.509381759617472, 39.583439967116099 ], [ -0.509970130975752, 39.585542659050297 ], [ -0.509970282791028, 39.585543122204498 ], [ -0.509970325011858, 39.585543248896897 ], [ -0.510464937407282, 39.586955211094001 ], [ -0.51124838331939, 39.589191715783997 ], [ -0.513216219306047, 39.595702368993699 ], [ -0.513922472985803, 39.597771573245197 ], [ -0.514262808714344, 39.5996527302229 ], [ -0.514949586020431, 39.600964761737302 ], [ -0.515400766668488, 39.602277153226801 ], [ -0.515457775553053, 39.602442967186597 ], [ -0.515457817773883, 39.602443089695299 ], [ -0.515481759672824, 39.602512723729497 ], [ -0.515481769554292, 39.602512759720703 ], [ -0.515827224781659, 39.6035175710321 ], [ -0.515835689606574, 39.603542239185501 ], [ -0.518043386553883, 39.609229170206298 ], [ -0.518812042603145, 39.611840138864402 ], [ -0.519172706308237, 39.613456967289203 ], [ -0.519173489639173, 39.613460451656799 ], [ -0.519173247992354, 39.613461871008802 ], [ -0.518593893922905, 39.616970593992498 ], [ -0.517946944323298, 39.6200828792987 ], [ -0.51720577402676, 39.623220127941202 ], [ -0.516752752730651, 39.624814026857202 ], [ -0.515899022630739, 39.628489452230397 ], [ -0.515063555280518, 39.631651732008798 ], [ -0.51505868012347, 39.631663267179498 ], [ -0.514388889061099, 39.633249856120997 ], [ -0.513817585693238, 39.6345619088668 ], [ -0.513605444047323, 39.635223993095998 ], [ -0.513545398857101, 39.635411394245601 ], [ -0.512860020227929, 39.637550372714102 ], [ -0.511682077362147, 39.640182791241401 ], [ -0.511216776994446, 39.6414610658043 ], [ -0.510934155327959, 39.641877923734597 ], [ -0.510933895714831, 39.641878324255003 ], [ -0.510933822053002, 39.641878434934199 ], [ -0.510933506744321, 39.641878594727402 ], [ -0.50851299441464, 39.643096718080301 ], [ -0.506511902796169, 39.6439816989175 ], [ -0.503061074937874, 39.645646207025798 ], [ -0.501529776161821, 39.646437959857202 ], [ -0.501501926591406, 39.646452358272498 ], [ -0.500401305315391, 39.647021358196596 ], [ -0.500330135388715, 39.647055897219303 ], [ -0.496998366644895, 39.648641734677803 ], [ -0.49282386318027, 39.650326343008402 ], [ -0.492823200223578, 39.650326309808698 ], [ -0.486957967681202, 39.649794092219999 ], [ -0.48695783023898, 39.6497940479533 ], [ -0.470140727621465, 39.645023370108603 ], [ -0.469368118984941, 39.644799331303197 ], [ -0.463554992322306, 39.643158958105502 ], [ -0.463554895304252, 39.6431589020752 ], [ -0.463554639284413, 39.643158747818902 ], [ -0.463534142424574, 39.643145678227498 ], [ -0.461562195747165, 39.6418901593211 ], [ -0.459713737776919, 39.640768536910102 ], [ -0.456956952798736, 39.639095637098102 ], [ -0.453753740158605, 39.637160550235897 ], [ -0.452378708716137, 39.636211491856997 ], [ -0.447409154004235, 39.632570789817898 ], [ -0.437587478642524, 39.626255302146497 ], [ -0.437097912084063, 39.625947183948 ], [ -0.436329367425875, 39.625441812333101 ], [ -0.424099230634045, 39.617398204945403 ], [ -0.420830397859039, 39.615397705159701 ], [ -0.410135248325778, 39.608898359893701 ], [ -0.409716884033355, 39.608249421071299 ], [ -0.408849602847361, 39.607224283868597 ], [ -0.408846813578407, 39.607220992280702 ], [ -0.395713365971132, 39.592522205336302 ], [ -0.395713904061993, 39.5925218287585 ], [ -0.395715027854429, 39.592521061758198 ], [ -0.397039782387047, 39.5916150470836 ], [ -0.400008659603839, 39.588510478189903 ], [ -0.400665496061501, 39.587759423106498 ], [ -0.402198878030656, 39.585982994797803 ], [ -0.403785933439754, 39.583703269138603 ], [ -0.40397050219636, 39.583437125104297 ], [ -0.405120923376733, 39.581625065804502 ], [ -0.406221160173791, 39.578658713175003 ], [ -0.406971999936052, 39.576630528313999 ], [ -0.407812815855458, 39.575324665059803 ], [ -0.408089926357652, 39.574894275983901 ] ] ] } },
{ "type": "Feature", "properties": { "OBJECTID": 7158, "Codigo": "46135", "Texto": "Godella", "Cod_Prov": "46", "Cod_CCAA": "10", "FechaId": "01012017", "NUTS_0": "ES", "NUTS_1": "ES5", "NUTS_2": "ES52", "NUTS_3": "ES523", "PAD_2C02": 13031, "PAD_2C03": 514, "PAD_2C04": 815, "PAD_2C05": 923, "PAD_2C06": 761, "PAD_2C07": 721, "PAD_2C08": 660, "PAD_2C09": 621, "PAD_2C10": 870, "PAD_2C11": 1006, "PAD_2C12": 1042, "PAD_2C13": 981, "PAD_2C14": 904, "PAD_2C15": 908, "PAD_2C16": 772, "PAD_2C17": 536, "PAD_2C18": 381, "PAD_2C19": 304, "PAD_2C20": 312, "PAD_2C21": 6302, "PAD_2C22": 271, "PAD_2C23": 403, "PAD_2C24": 471, "PAD_2C25": 395, "PAD_2C26": 374, "PAD_2C27": 338, "PAD_2C28": 313, "PAD_2C29": 401, "PAD_2C30": 489, "PAD_2C31": 491, "PAD_2C32": 473, "PAD_2C33": 447, "PAD_2C34": 415, "PAD_2C35": 380, "PAD_2C36": 270, "PAD_2C37": 158, "PAD_2C38": 121, "PAD_2C39": 92, "PAD_2C40": 6729, "PAD_2C41": 243, "PAD_2C42": 412, "PAD_2C43": 452, "PAD_2C44": 366, "PAD_2C45": 347, "PAD_2C46": 322, "PAD_2C47": 308, "PAD_2C48": 469, "PAD_2C49": 517, "PAD_2C50": 551, "PAD_2C51": 508, "PAD_2C52": 457, "PAD_2C53": 493, "PAD_2C54": 392, "PAD_2C55": 266, "PAD_2C56": 223, "PAD_2C57": 183, "PAD_2C58": 220, "PAD_3C03": 12239, "PAD_3C04": 792, "PAD_3C05": 399, "PAD_3C06": 22, "PAD_3C07": 13, "PAD_3C08": 58, "PAD_3C09": 64, "PAD_3C10": 0, "PAD_3C100": 19, "PAD_3C101": 7, "PAD_3C102": 2, "PAD_3C103": 8, "PAD_3C104": 11, "PAD_3C105": 3, "PAD_3C106": 1, "PAD_3C107": 2, "PAD_3C108": 5, "PAD_3C109": 25, "PAD_3C11": 4, "PAD_3C110": 10, "PAD_3C111": 2, "PAD_3C112": 1, "PAD_3C12": 42, "PAD_3C13": 132, "PAD_3C14": 71, "PAD_3C15": 18, "PAD_3C16": 36, "PAD_3C17": 68, "PAD_3C18": 7, "PAD_3C19": 24, "PAD_3C20": 7, "PAD_3C21": 3, "PAD_3C22": 192, "PAD_3C23": 15, "PAD_3C24": 17, "PAD_3C25": 16, "PAD_3C26": 29, "PAD_3C27": 12, "PAD_3C28": 4, "PAD_3C29": 14, "PAD_3C30": 16, "PAD_3C31": 3, "PAD_3C32": 3, "PAD_3C33": 7, "PAD_3C34": 10, "PAD_3C35": 59, "PAD_3C36": 27, "PAD_3C37": 4, "PAD_3C38": 3, "PAD_3C39": 6302, "PAD_3C40": 5931, "PAD_3C41": 371, "PAD_3C42": 197, "PAD_3C43": 9, "PAD_3C44": 8, "PAD_3C45": 28, "PAD_3C46": 37, "PAD_3C47": 0, "PAD_3C48": 3, "PAD_3C49": 22, "PAD_3C50": 64, "PAD_3C51": 35, "PAD_3C52": 9, "PAD_3C53": 17, "PAD_3C54": 29, "PAD_3C55": 3, "PAD_3C56": 12, "PAD_3C57": 2, "PAD_3C58": 2, "PAD_3C59": 74, "PAD_3C60": 8, "PAD_3C61": 6, "PAD_3C62": 4, "PAD_3C63": 10, "PAD_3C64": 5, "PAD_3C65": 2, "PAD_3C66": 6, "PAD_3C67": 5, "PAD_3C68": 0, "PAD_3C69": 2, "PAD_3C70": 5, "PAD_3C71": 5, "PAD_3C72": 34, "PAD_3C73": 17, "PAD_3C74": 2, "PAD_3C75": 2, "PAD_3C76": 6729, "PAD_3C77": 6308, "PAD_3C78": 421, "PAD_3C79": 202, "PAD_3C80": 13, "PAD_3C81": 5, "PAD_3C82": 30, "PAD_3C83": 27, "PAD_3C84": 0, "PAD_3C85": 1, "PAD_3C86": 20, "PAD_3C87": 68, "PAD_3C88": 36, "PAD_3C89": 9, "PAD_3C90": 19, "PAD_3C91": 39, "PAD_3C92": 4, "PAD_3C93": 12, "PAD_3C94": 5, "PAD_3C95": 1, "PAD_3C96": 118, "PAD_3C97": 7, "PAD_3C98": 11, "PAD_3C99": 12, "PAD_3_COD_PROV": "46", "PAD_3_COD_CCAA": "10", "Shape__Area": 14038693.850326501, "Shape__Length": 20844.519551216599 }, "geometry": { "type": "Polygon", "coordinates": [ [ [ -0.423267336782011, 39.541146672162803 ], [ -0.423016685258191, 39.540517995132099 ], [ -0.422934769684069, 39.540528780679097 ], [ -0.422794910977466, 39.5401955148849 ], [ -0.42110261433958, 39.539206616273702 ], [ -0.420972728729287, 39.539130707235998 ], [ -0.415382327663269, 39.535863710664103 ], [ -0.415089036706155, 39.535016876180897 ], [ -0.414949459172244, 39.534435305886497 ], [ -0.414574975784805, 39.533225289014702 ], [ -0.414305669845793, 39.532418415781002 ], [ -0.414223782119447, 39.531935100876403 ], [ -0.414169868829346, 39.531728940809799 ], [ -0.414062584831591, 39.531318858823298 ], [ -0.413702308300381, 39.530149191164199 ], [ -0.413591198377822, 39.5296483267879 ], [ -0.413256663071072, 39.528509062183502 ], [ -0.413257349383955, 39.528438597172801 ], [ -0.41171397904714, 39.527496107702198 ], [ -0.410121128606167, 39.5265233251287 ], [ -0.408559023005787, 39.525569269295097 ], [ -0.404191486857936, 39.521344608907498 ], [ -0.399443549221534, 39.521094805799599 ], [ -0.400593178986165, 39.5192653177482 ], [ -0.401548414221637, 39.515483292961001 ], [ -0.400276386304587, 39.5145337709533 ], [ -0.400184102375466, 39.514464878080098 ], [ -0.4000437576803, 39.514360113795199 ], [ -0.399254566143658, 39.511206239903501 ], [ -0.401020134765994, 39.510643322694101 ], [ -0.406435978799257, 39.5139091586801 ], [ -0.406720222823136, 39.513421816662301 ], [ -0.406737319559628, 39.5134018207143 ], [ -0.406949289627331, 39.513575753320403 ], [ -0.407610968902679, 39.5140887928913 ], [ -0.40842320581966, 39.514727893806899 ], [ -0.408790834163149, 39.515017146684201 ], [ -0.40879003735749, 39.515025137809403 ], [ -0.409173412269634, 39.515355457174302 ], [ -0.409523869316472, 39.5156524600974 ], [ -0.409844593924045, 39.5159534070172 ], [ -0.410073366979123, 39.516102198766397 ], [ -0.410371781028317, 39.516249735866801 ], [ -0.410981164879403, 39.516550956011699 ], [ -0.411651234419474, 39.516891125263903 ], [ -0.412023879853853, 39.517083612306401 ], [ -0.412206571131492, 39.517179031661598 ], [ -0.412308078063646, 39.517232120280703 ], [ -0.412540773163285, 39.517353687993001 ], [ -0.412651723185694, 39.517410402194599 ], [ -0.412885910387012, 39.517530210100098 ], [ -0.412897053089809, 39.517531603004599 ], [ -0.412905684103054, 39.517530172678804 ], [ -0.412912885896684, 39.517527454782602 ], [ -0.412918149125945, 39.517517757117197 ], [ -0.412919968214401, 39.517509789147397 ], [ -0.412920807240856, 39.517487204680997 ], [ -0.41298106623012, 39.517457975145398 ], [ -0.413467097019639, 39.5181129822546 ], [ -0.413619355172111, 39.518324949029001 ], [ -0.413652066424851, 39.518424367936198 ], [ -0.413777305948489, 39.518893925726601 ], [ -0.413858522633337, 39.519198426015897 ], [ -0.413866116092435, 39.519226859982098 ], [ -0.414219497155525, 39.5193165129661 ], [ -0.414092411593985, 39.518817564141301 ], [ -0.414099843356305, 39.518818873863097 ], [ -0.41445034801389, 39.518881876991898 ], [ -0.414540218169843, 39.519303891218897 ], [ -0.414553703678904, 39.519431053103702 ], [ -0.415014180093525, 39.519572245258502 ], [ -0.416655373371531, 39.520075410879102 ], [ -0.417047274194026, 39.519069371891902 ], [ -0.417079151810193, 39.519037001085898 ], [ -0.417144613841579, 39.518884027982601 ], [ -0.417422243570029, 39.518627858660103 ], [ -0.417915734867976, 39.518172541908797 ], [ -0.418705670209715, 39.517648347009498 ], [ -0.418937111261172, 39.517494763790701 ], [ -0.421188642401082, 39.518742454678303 ], [ -0.42398105456345, 39.520289677834903 ], [ -0.423982063371524, 39.5202902536845 ], [ -0.424224276121577, 39.520795052248502 ], [ -0.424504266622599, 39.521378690221702 ], [ -0.425833402238895, 39.5231167180632 ], [ -0.4269644395721, 39.523776258972198 ], [ -0.42696450335246, 39.523776295697203 ], [ -0.427218281911809, 39.523924296693302 ], [ -0.427561944101836, 39.524124709976398 ], [ -0.431358081660399, 39.526293333335801 ], [ -0.43253656441367, 39.526852461088403 ], [ -0.432544875626649, 39.5268564112787 ], [ -0.432549600765048, 39.526861402195699 ], [ -0.438477417136643, 39.533143595914098 ], [ -0.439410692156671, 39.534132544876897 ], [ -0.440991798921956, 39.535807876152703 ], [ -0.441817699214389, 39.536682960148497 ], [ -0.441947463552107, 39.536820468277099 ], [ -0.444600051143863, 39.539630845073297 ], [ -0.444605096980826, 39.539636177298803 ], [ -0.450002424939482, 39.545683111169602 ], [ -0.4500026980273, 39.545683427736499 ], [ -0.449537087740834, 39.545962576748899 ], [ -0.448742047273356, 39.546439245211502 ], [ -0.448739037018816, 39.546441359328298 ], [ -0.447786500322491, 39.547111921756098 ], [ -0.446111219572692, 39.548687684151403 ], [ -0.443883557568226, 39.551043996104298 ], [ -0.441008520162627, 39.5543189781013 ], [ -0.441005065242057, 39.554322901794201 ], [ -0.43933337416016, 39.5563046756738 ], [ -0.438729601186344, 39.5570204182984 ], [ -0.439576131289287, 39.559623692081999 ], [ -0.435539096114254, 39.560490503039198 ], [ -0.432538055617018, 39.561134765068203 ], [ -0.432495418878682, 39.5600724817726 ], [ -0.431869131428913, 39.557184235780099 ], [ -0.430195300560029, 39.553957520875699 ], [ -0.429471872888663, 39.553794429956604 ], [ -0.429304343376401, 39.553240357922697 ], [ -0.428995328308527, 39.552616974842103 ], [ -0.428472853766261, 39.551939749049403 ], [ -0.427590479086836, 39.551115369785798 ], [ -0.427400443183428, 39.550861269890902 ], [ -0.427400054212918, 39.550860751785301 ], [ -0.427322138836771, 39.5507565702123 ], [ -0.42697139163407, 39.549948919267699 ], [ -0.42659414862208, 39.548916992201697 ], [ -0.426245646309293, 39.547948541900801 ], [ -0.426119991763962, 39.547663362728997 ], [ -0.425500848615643, 39.546258120863698 ], [ -0.424756059905163, 39.544573453919803 ], [ -0.423919008825093, 39.542617919711397 ], [ -0.423267336782011, 39.541146672162803 ] ] ] } },
{ "type": "Feature", "properties": { "OBJECTID": 7256, "Codigo": "46233", "Texto": "Sollana", "Cod_Prov": "46", "Cod_CCAA": "10", "FechaId": "01012017", "NUTS_0": "ES", "NUTS_1": "ES5", "NUTS_2": "ES52", "NUTS_3": "ES523", "PAD_2C02": 4886, "PAD_2C03": 190, "PAD_2C04": 245, "PAD_2C05": 239, "PAD_2C06": 207, "PAD_2C07": 223, "PAD_2C08": 249, "PAD_2C09": 314, "PAD_2C10": 422, "PAD_2C11": 382, "PAD_2C12": 409, "PAD_2C13": 392, "PAD_2C14": 358, "PAD_2C15": 272, "PAD_2C16": 209, "PAD_2C17": 201, "PAD_2C18": 175, "PAD_2C19": 195, "PAD_2C20": 204, "PAD_2C21": 2388, "PAD_2C22": 101, "PAD_2C23": 121, "PAD_2C24": 126, "PAD_2C25": 104, "PAD_2C26": 111, "PAD_2C27": 122, "PAD_2C28": 154, "PAD_2C29": 217, "PAD_2C30": 212, "PAD_2C31": 207, "PAD_2C32": 188, "PAD_2C33": 178, "PAD_2C34": 128, "PAD_2C35": 108, "PAD_2C36": 92, "PAD_2C37": 72, "PAD_2C38": 81, "PAD_2C39": 66, "PAD_2C40": 2498, "PAD_2C41": 89, "PAD_2C42": 124, "PAD_2C43": 113, "PAD_2C44": 103, "PAD_2C45": 112, "PAD_2C46": 127, "PAD_2C47": 160, "PAD_2C48": 205, "PAD_2C49": 170, "PAD_2C50": 202, "PAD_2C51": 204, "PAD_2C52": 180, "PAD_2C53": 144, "PAD_2C54": 101, "PAD_2C55": 109, "PAD_2C56": 103, "PAD_2C57": 114, "PAD_2C58": 138, "PAD_3C03": 4581, "PAD_3C04": 305, "PAD_3C05": 186, "PAD_3C06": 5, "PAD_3C07": 12, "PAD_3C08": 6, "PAD_3C09": 8, "PAD_3C10": 6, "PAD_3C100": 4, "PAD_3C101": 7, "PAD_3C102": 0, "PAD_3C103": 1, "PAD_3C104": 1, "PAD_3C105": 0, "PAD_3C106": 1, "PAD_3C107": 0, "PAD_3C108": 2, "PAD_3C109": 3, "PAD_3C11": 6, "PAD_3C110": 3, "PAD_3C111": 0, "PAD_3C112": 0, "PAD_3C12": 0, "PAD_3C13": 138, "PAD_3C14": 29, "PAD_3C15": 3, "PAD_3C16": 24, "PAD_3C17": 24, "PAD_3C18": 5, "PAD_3C19": 11, "PAD_3C20": 1, "PAD_3C21": 2, "PAD_3C22": 51, "PAD_3C23": 8, "PAD_3C24": 7, "PAD_3C25": 7, "PAD_3C26": 8, "PAD_3C27": 9, "PAD_3C28": 1, "PAD_3C29": 1, "PAD_3C30": 2, "PAD_3C31": 2, "PAD_3C32": 1, "PAD_3C33": 0, "PAD_3C34": 2, "PAD_3C35": 15, "PAD_3C36": 7, "PAD_3C37": 6, "PAD_3C38": 0, "PAD_3C39": 2388, "PAD_3C40": 2245, "PAD_3C41": 143, "PAD_3C42": 90, "PAD_3C43": 3, "PAD_3C44": 6, "PAD_3C45": 2, "PAD_3C46": 6, "PAD_3C47": 1, "PAD_3C48": 4, "PAD_3C49": 0, "PAD_3C50": 66, "PAD_3C51": 11, "PAD_3C52": 0, "PAD_3C53": 11, "PAD_3C54": 12, "PAD_3C55": 3, "PAD_3C56": 4, "PAD_3C57": 0, "PAD_3C58": 2, "PAD_3C59": 18, "PAD_3C60": 3, "PAD_3C61": 1, "PAD_3C62": 3, "PAD_3C63": 4, "PAD_3C64": 2, "PAD_3C65": 1, "PAD_3C66": 0, "PAD_3C67": 1, "PAD_3C68": 2, "PAD_3C69": 0, "PAD_3C70": 0, "PAD_3C71": 0, "PAD_3C72": 12, "PAD_3C73": 4, "PAD_3C74": 6, "PAD_3C75": 0, "PAD_3C76": 2498, "PAD_3C77": 2336, "PAD_3C78": 162, "PAD_3C79": 96, "PAD_3C80": 2, "PAD_3C81": 6, "PAD_3C82": 4, "PAD_3C83": 2, "PAD_3C84": 5, "PAD_3C85": 2, "PAD_3C86": 0, "PAD_3C87": 72, "PAD_3C88": 18, "PAD_3C89": 3, "PAD_3C90": 13, "PAD_3C91": 12, "PAD_3C92": 2, "PAD_3C93": 7, "PAD_3C94": 1, "PAD_3C95": 0, "PAD_3C96": 33, "PAD_3C97": 5, "PAD_3C98": 6, "PAD_3C99": 4, "PAD_3_COD_PROV": "46", "PAD_3_COD_CCAA": "10", "Shape__Area": 65563800.166046098, "Shape__Length": 46088.715402572103 }, "geometry": { "type": "Polygon", "coordinates": [ [ [ -0.395605483695411, 39.326255185338198 ], [ -0.394485543250918, 39.323302259296099 ], [ -0.391781460633814, 39.323036233292001 ], [ -0.39081220179842, 39.315112164729598 ], [ -0.385427835631016, 39.316441207960999 ], [ -0.384734721608938, 39.3176080280912 ], [ -0.381534761768463, 39.316652140336998 ], [ -0.376792394585163, 39.312266222173797 ], [ -0.380083581037708, 39.311087568824398 ], [ -0.37751075755496, 39.310111848337399 ], [ -0.375493726230058, 39.307310252169202 ], [ -0.367823850147133, 39.307748021149401 ], [ -0.36730854056755, 39.307260576877198 ], [ -0.367493242274794, 39.306659479903502 ], [ -0.36468608965692, 39.305154535739398 ], [ -0.363189112812969, 39.306418497916297 ], [ -0.361764197024449, 39.305764059767299 ], [ -0.361093796006016, 39.306632846969798 ], [ -0.359187043662058, 39.306769780289301 ], [ -0.355929886290794, 39.312261664857601 ], [ -0.354200750641439, 39.3116733953443 ], [ -0.353070491249288, 39.311205711331702 ], [ -0.350247177041134, 39.311042915813204 ], [ -0.347554909066623, 39.315395932935999 ], [ -0.337175029570559, 39.316304625077102 ], [ -0.336870158431095, 39.314549330068402 ], [ -0.335824609271903, 39.314595792726699 ], [ -0.334077515401705, 39.317249969851296 ], [ -0.332977858018009, 39.315667941340301 ], [ -0.33303966121125, 39.314351791840501 ], [ -0.334000279151897, 39.305545123885501 ], [ -0.335666669275289, 39.303195954773301 ], [ -0.338229233099187, 39.301959597223501 ], [ -0.336369273100039, 39.300554386301101 ], [ -0.342563603446734, 39.2974190641687 ], [ -0.343073397370472, 39.295916091021198 ], [ -0.339589448627661, 39.295132670123799 ], [ -0.341923799945203, 39.2913488018525 ], [ -0.342143042773441, 39.289552015827503 ], [ -0.341633736634894, 39.289225067345903 ], [ -0.345681027875521, 39.286119325154701 ], [ -0.345195127341715, 39.286082868988402 ], [ -0.347463438112841, 39.278826121889303 ], [ -0.348586899953223, 39.2785477057569 ], [ -0.349967568324111, 39.278821268257403 ], [ -0.350570401660129, 39.276042207705203 ], [ -0.353373047430232, 39.273952276136797 ], [ -0.353653001998637, 39.268679955661398 ], [ -0.352752139990679, 39.267668515760398 ], [ -0.353356619040314, 39.262699131057303 ], [ -0.354198814771994, 39.262189018205298 ], [ -0.355500927267904, 39.261461315665898 ], [ -0.355795529765347, 39.2594775841076 ], [ -0.357606165967166, 39.259093613896297 ], [ -0.35750092204342, 39.256641896223599 ], [ -0.356403708077295, 39.255003801023598 ], [ -0.356202056058953, 39.2514322002623 ], [ -0.356613311084247, 39.251593578246698 ], [ -0.356415794909441, 39.250057558677099 ], [ -0.357787262735191, 39.246873641737999 ], [ -0.357786977969244, 39.246873046236203 ], [ -0.358062919763282, 39.246935004144397 ], [ -0.362830861982714, 39.248005475747803 ], [ -0.364462270810634, 39.248375816000603 ], [ -0.364467756822075, 39.248372579767498 ], [ -0.367139942958406, 39.246796751690297 ], [ -0.367893972638193, 39.246462458314703 ], [ -0.36936565382211, 39.245216455925302 ], [ -0.369367011176491, 39.245215175844301 ], [ -0.370398603211113, 39.2442398057579 ], [ -0.370824755897037, 39.243997177910799 ], [ -0.371951381603896, 39.243599354780201 ], [ -0.371951839744683, 39.243599198940601 ], [ -0.373591318138796, 39.243131719109499 ], [ -0.37551461924695, 39.242508441680002 ], [ -0.375514965098333, 39.242508171043703 ], [ -0.375696175952389, 39.242440612823401 ], [ -0.376219561386378, 39.242245068264801 ], [ -0.378607375039711, 39.241902455234801 ], [ -0.378991740793587, 39.241848083987001 ], [ -0.379006112041519, 39.241848260006599 ], [ -0.379860240095111, 39.241858601330698 ], [ -0.380991822705687, 39.241649861297397 ], [ -0.381817871220175, 39.2414472632749 ], [ -0.382640424389856, 39.241245521813603 ], [ -0.383748148644787, 39.2411719421711 ], [ -0.383755355828334, 39.241171460025797 ], [ -0.384686996812841, 39.241354576194297 ], [ -0.385590462138487, 39.241347849832799 ], [ -0.385590913991094, 39.2413478421797 ], [ -0.385277099224661, 39.2419984943053 ], [ -0.38529156299906, 39.2420007018506 ], [ -0.38726999820777, 39.242304490864797 ], [ -0.388509440636174, 39.242363436843199 ], [ -0.388704111846471, 39.2423726927613 ], [ -0.389477348405366, 39.242453108020499 ], [ -0.389672438230578, 39.242494511215803 ], [ -0.390948729551952, 39.242765405824997 ], [ -0.392728457419806, 39.242886363688399 ], [ -0.393466659682633, 39.242974966965001 ], [ -0.393982907103352, 39.243112655072999 ], [ -0.395251304928331, 39.243123117961197 ], [ -0.395256974196113, 39.243123168052797 ], [ -0.39525981736396, 39.243122754101201 ], [ -0.396002512999835, 39.243013726123799 ], [ -0.397320654135389, 39.242457630919503 ], [ -0.398705797014686, 39.2425966808756 ], [ -0.398747223722332, 39.242517810286003 ], [ -0.398818002881871, 39.242382990873203 ], [ -0.399565784778879, 39.242525845885801 ], [ -0.400407505301795, 39.242587827114498 ], [ -0.400443871799425, 39.242590500079402 ], [ -0.400745765023711, 39.242341689187803 ], [ -0.401124990617528, 39.242029134860502 ], [ -0.403987612407575, 39.242002930963302 ], [ -0.405105251368305, 39.242152622264001 ], [ -0.406812170782376, 39.242381204948899 ], [ -0.407298707323394, 39.242383040965301 ], [ -0.408346304641435, 39.242252168840601 ], [ -0.40919585667698, 39.2421460267757 ], [ -0.410464553640959, 39.242317183672 ], [ -0.410475529257096, 39.242318662087499 ], [ -0.410496212068201, 39.242324104743503 ], [ -0.411634454788291, 39.242623711068603 ], [ -0.412363195994555, 39.242919886915303 ], [ -0.412502017146976, 39.242976311788702 ], [ -0.412788409941012, 39.2430628277992 ], [ -0.413178058687084, 39.2431805347628 ], [ -0.412658983369836, 39.246583443891097 ], [ -0.412684423658669, 39.246615631728098 ], [ -0.413267922554859, 39.247353728001698 ], [ -0.413849102000943, 39.248110772753598 ], [ -0.413886690207391, 39.2481597442493 ], [ -0.413887121398732, 39.248160307043896 ], [ -0.413671040640277, 39.249487204852002 ], [ -0.413572840406672, 39.250090254133802 ], [ -0.413573674941575, 39.250097799130003 ], [ -0.413877769936614, 39.252826759740103 ], [ -0.414022615191337, 39.254244396061502 ], [ -0.414017328605885, 39.255334387893903 ], [ -0.413855949858383, 39.255943039949102 ], [ -0.413855862721798, 39.255943371745403 ], [ -0.414327580653897, 39.257296163274603 ], [ -0.414327591433662, 39.257296198749003 ], [ -0.411932410696665, 39.258143847328 ], [ -0.409661228011619, 39.259084312886998 ], [ -0.408318294272573, 39.259991318942703 ], [ -0.408318465850785, 39.259991823216097 ], [ -0.40861298929645, 39.260799702226201 ], [ -0.40861246108709, 39.260800500708001 ], [ -0.408310793339942, 39.261253385157602 ], [ -0.407791018235088, 39.262033678154701 ], [ -0.407752553272939, 39.262048339216499 ], [ -0.407567725801535, 39.262118755949899 ], [ -0.406532103924567, 39.2625461263167 ], [ -0.405861448682888, 39.262819448044702 ], [ -0.405914575947095, 39.262951615100597 ], [ -0.406084359332441, 39.263373983106703 ], [ -0.405923339012714, 39.263424894863803 ], [ -0.403023891685921, 39.264341771026601 ], [ -0.401968397278229, 39.264678567132798 ], [ -0.401971971674747, 39.264691710053903 ], [ -0.402794599404587, 39.267724036774503 ], [ -0.402974556210529, 39.268764375131802 ], [ -0.402976066278516, 39.268773080236201 ], [ -0.402916016596709, 39.269456471027198 ], [ -0.402694287231772, 39.269811877894 ], [ -0.401805310833345, 39.271999458108198 ], [ -0.401801785844168, 39.272008141252499 ], [ -0.401796998722002, 39.272012998138102 ], [ -0.401247784926967, 39.272572345819299 ], [ -0.399909737124768, 39.273650588774302 ], [ -0.399907202079025, 39.273653006033499 ], [ -0.399393094445292, 39.2741435347859 ], [ -0.398911085413278, 39.274952569855799 ], [ -0.397109384753588, 39.277281631972798 ], [ -0.396672656201802, 39.278118700106702 ], [ -0.396623632441803, 39.278206514817903 ], [ -0.396622967688484, 39.278207715719901 ], [ -0.396670125647645, 39.278211983198403 ], [ -0.39872572613926, 39.278398277816102 ], [ -0.398725490780654, 39.278398825765301 ], [ -0.397924498974405, 39.280010421655398 ], [ -0.397923959985247, 39.280011518223901 ], [ -0.399071175078379, 39.280334430112497 ], [ -0.398617075803953, 39.2814912260867 ], [ -0.39797038581744, 39.283138579982399 ], [ -0.397752925246711, 39.283691866787301 ], [ -0.397752770736477, 39.283692268678898 ], [ -0.398889038061282, 39.284312240241803 ], [ -0.40051773038378, 39.2850963648633 ], [ -0.401503258607273, 39.285406669820397 ], [ -0.401709066232121, 39.285483329791603 ], [ -0.401702477987808, 39.285505344965102 ], [ -0.401484189170421, 39.286235019975997 ], [ -0.401020282089685, 39.287721339835201 ], [ -0.400984348580023, 39.287836463276498 ], [ -0.400337354962925, 39.287839963977298 ], [ -0.400010685304827, 39.287841725799701 ], [ -0.400010331368604, 39.287841736228799 ], [ -0.39988909024628, 39.288298452758298 ], [ -0.399754828942225, 39.291610692797803 ], [ -0.399755209827894, 39.291610719912001 ], [ -0.40041250622297, 39.291688408296999 ], [ -0.400412788293959, 39.291688450706403 ], [ -0.400005522686875, 39.294859464705901 ], [ -0.400068686827752, 39.294899860885899 ], [ -0.400764341285455, 39.295344852739802 ], [ -0.400767606661538, 39.2953476022507 ], [ -0.401315333744777, 39.2958075921591 ], [ -0.401449698355064, 39.295936715310098 ], [ -0.40317792401106, 39.298425653295197 ], [ -0.40317723590155, 39.298426228199197 ], [ -0.402591588235237, 39.298917068001103 ], [ -0.402591811915714, 39.298917442694098 ], [ -0.403202067132618, 39.299966689196502 ], [ -0.403201918910597, 39.2999667760905 ], [ -0.402413744266835, 39.300421715288401 ], [ -0.40197039423311, 39.300677612117703 ], [ -0.40196983727761, 39.300677933274997 ], [ -0.402612743560148, 39.301781838275097 ], [ -0.402613055275574, 39.3017823631019 ], [ -0.402164910034844, 39.302303664287201 ], [ -0.402164734863343, 39.302303863094203 ], [ -0.403023203576411, 39.303232871931499 ], [ -0.403024259995197, 39.3032358331442 ], [ -0.403453938568629, 39.304440656809803 ], [ -0.40374640307568, 39.306564234936403 ], [ -0.403837316175698, 39.307241931343498 ], [ -0.404341713021207, 39.307712636929899 ], [ -0.405358375055803, 39.3109513897355 ], [ -0.406594346393955, 39.312023929200301 ], [ -0.406594358970381, 39.312024203738297 ], [ -0.406704542729866, 39.317512711153597 ], [ -0.406900254189236, 39.318804913832402 ], [ -0.406900308986459, 39.318805321082301 ], [ -0.406311085127001, 39.319684055218303 ], [ -0.406070704940127, 39.3200404692492 ], [ -0.406066030107398, 39.3200473902901 ], [ -0.406065654611578, 39.320047953897301 ], [ -0.405700804757278, 39.320151968184099 ], [ -0.405303736825278, 39.320265184860801 ], [ -0.405261898689228, 39.320277648809501 ], [ -0.405163593352729, 39.320306929871997 ], [ -0.405163040888847, 39.3203071022198 ], [ -0.405196467200577, 39.320364655935201 ], [ -0.405740925314478, 39.321301919278703 ], [ -0.406001725106074, 39.321776205106602 ], [ -0.406569857421015, 39.322775776805301 ], [ -0.406872781911235, 39.323308736654702 ], [ -0.406872960675958, 39.323309057013198 ], [ -0.406840713852217, 39.323322894972897 ], [ -0.406613670952349, 39.323420397855699 ], [ -0.406035801798069, 39.323677781102603 ], [ -0.405705290045486, 39.325554352984398 ], [ -0.405683565188648, 39.325677702945399 ], [ -0.405212980930419, 39.325543420838002 ], [ -0.395605483695411, 39.326255185338198 ] ] ] } },
{ "type": "Feature", "properties": { "OBJECTID": 7217, "Codigo": "46194", "Texto": "Picassent", "Cod_Prov": "46", "Cod_CCAA": "10", "FechaId": "01012017", "NUTS_0": "ES", "NUTS_1": "ES5", "NUTS_2": "ES52", "NUTS_3": "ES523", "PAD_2C02": 20658, "PAD_2C03": 1135, "PAD_2C04": 1221, "PAD_2C05": 1126, "PAD_2C06": 999, "PAD_2C07": 954, "PAD_2C08": 1029, "PAD_2C09": 1352, "PAD_2C10": 1934, "PAD_2C11": 1946, "PAD_2C12": 1773, "PAD_2C13": 1527, "PAD_2C14": 1338, "PAD_2C15": 1020, "PAD_2C16": 980, "PAD_2C17": 832, "PAD_2C18": 571, "PAD_2C19": 485, "PAD_2C20": 436, "PAD_2C21": 10439, "PAD_2C22": 588, "PAD_2C23": 647, "PAD_2C24": 580, "PAD_2C25": 513, "PAD_2C26": 471, "PAD_2C27": 541, "PAD_2C28": 674, "PAD_2C29": 1030, "PAD_2C30": 997, "PAD_2C31": 944, "PAD_2C32": 789, "PAD_2C33": 673, "PAD_2C34": 506, "PAD_2C35": 469, "PAD_2C36": 386, "PAD_2C37": 270, "PAD_2C38": 209, "PAD_2C39": 152, "PAD_2C40": 10219, "PAD_2C41": 547, "PAD_2C42": 574, "PAD_2C43": 546, "PAD_2C44": 486, "PAD_2C45": 483, "PAD_2C46": 488, "PAD_2C47": 678, "PAD_2C48": 904, "PAD_2C49": 949, "PAD_2C50": 829, "PAD_2C51": 738, "PAD_2C52": 665, "PAD_2C53": 514, "PAD_2C54": 511, "PAD_2C55": 446, "PAD_2C56": 301, "PAD_2C57": 276, "PAD_2C58": 284, "PAD_3C03": 19545, "PAD_3C04": 1113, "PAD_3C05": 515, "PAD_3C06": 18, "PAD_3C07": 105, "PAD_3C08": 33, "PAD_3C09": 27, "PAD_3C10": 13, "PAD_3C100": 22, "PAD_3C101": 9, "PAD_3C102": 0, "PAD_3C103": 10, "PAD_3C104": 6, "PAD_3C105": 3, "PAD_3C106": 1, "PAD_3C107": 7, "PAD_3C108": 12, "PAD_3C109": 32, "PAD_3C11": 14, "PAD_3C110": 15, "PAD_3C111": 14, "PAD_3C112": 0, "PAD_3C12": 34, "PAD_3C13": 210, "PAD_3C14": 86, "PAD_3C15": 17, "PAD_3C16": 43, "PAD_3C17": 246, "PAD_3C18": 84, "PAD_3C19": 145, "PAD_3C20": 9, "PAD_3C21": 3, "PAD_3C22": 197, "PAD_3C23": 23, "PAD_3C24": 20, "PAD_3C25": 13, "PAD_3C26": 45, "PAD_3C27": 14, "PAD_3C28": 0, "PAD_3C29": 22, "PAD_3C30": 9, "PAD_3C31": 6, "PAD_3C32": 2, "PAD_3C33": 12, "PAD_3C34": 15, "PAD_3C35": 68, "PAD_3C36": 31, "PAD_3C37": 27, "PAD_3C38": 1, "PAD_3C39": 10439, "PAD_3C40": 9886, "PAD_3C41": 553, "PAD_3C42": 252, "PAD_3C43": 13, "PAD_3C44": 52, "PAD_3C45": 13, "PAD_3C46": 18, "PAD_3C47": 5, "PAD_3C48": 5, "PAD_3C49": 18, "PAD_3C50": 98, "PAD_3C51": 39, "PAD_3C52": 10, "PAD_3C53": 15, "PAD_3C54": 136, "PAD_3C55": 53, "PAD_3C56": 75, "PAD_3C57": 4, "PAD_3C58": 3, "PAD_3C59": 89, "PAD_3C60": 13, "PAD_3C61": 9, "PAD_3C62": 5, "PAD_3C63": 23, "PAD_3C64": 5, "PAD_3C65": 0, "PAD_3C66": 12, "PAD_3C67": 3, "PAD_3C68": 3, "PAD_3C69": 1, "PAD_3C70": 5, "PAD_3C71": 3, "PAD_3C72": 36, "PAD_3C73": 16, "PAD_3C74": 13, "PAD_3C75": 1, "PAD_3C76": 10219, "PAD_3C77": 9659, "PAD_3C78": 560, "PAD_3C79": 263, "PAD_3C80": 5, "PAD_3C81": 53, "PAD_3C82": 20, "PAD_3C83": 9, "PAD_3C84": 8, "PAD_3C85": 9, "PAD_3C86": 16, "PAD_3C87": 112, "PAD_3C88": 47, "PAD_3C89": 7, "PAD_3C90": 28, "PAD_3C91": 110, "PAD_3C92": 31, "PAD_3C93": 70, "PAD_3C94": 5, "PAD_3C95": 0, "PAD_3C96": 108, "PAD_3C97": 10, "PAD_3C98": 11, "PAD_3C99": 8, "PAD_3_COD_PROV": "46", "PAD_3_COD_CCAA": "10", "Shape__Area": 143644829.01838699, "Shape__Length": 49599.965396939602 }, "geometry": { "type": "Polygon", "coordinates": [ [ [ -0.465700271628725, 39.3987956766953 ], [ -0.465502778810145, 39.396935582142198 ], [ -0.465483924968963, 39.396755005333198 ], [ -0.465167505986545, 39.395234618867697 ], [ -0.464690319110984, 39.394305336298203 ], [ -0.464689509728932, 39.3943026600992 ], [ -0.464596965288353, 39.393997011110997 ], [ -0.464553164333411, 39.393453979091802 ], [ -0.464516865209431, 39.393004261729601 ], [ -0.464362275030494, 39.392265954682699 ], [ -0.464308420130904, 39.392008769173202 ], [ -0.464299171076722, 39.391963529145798 ], [ -0.463876231664549, 39.390819171978997 ], [ -0.463852201730692, 39.390701565974702 ], [ -0.463639606435542, 39.3896608879094 ], [ -0.463184808271841, 39.384936734874003 ], [ -0.463184185739352, 39.384930352097903 ], [ -0.463182778079301, 39.384925952265903 ], [ -0.463061845977411, 39.384548739759303 ], [ -0.462454162637164, 39.382653219018998 ], [ -0.462018868694909, 39.380850972214603 ], [ -0.461822051409412, 39.380035844889697 ], [ -0.461684601984425, 39.379465279678499 ], [ -0.461616421650989, 39.379184528836397 ], [ -0.461419352837205, 39.376678309123399 ], [ -0.461330442980282, 39.375547694888802 ], [ -0.461197203060693, 39.3752204712289 ], [ -0.461101128241088, 39.375189825744599 ], [ -0.460846330093899, 39.375108558066003 ], [ -0.460135762704147, 39.374881961207301 ], [ -0.459588494660026, 39.374608745735301 ], [ -0.45907572371944, 39.374345282233897 ], [ -0.458587455226518, 39.374046321254603 ], [ -0.458110448014043, 39.3737566253292 ], [ -0.457645365936937, 39.373458166674297 ], [ -0.457294010574801, 39.373225240333099 ], [ -0.456829916644502, 39.372899786301403 ], [ -0.456378727013275, 39.372538564062801 ], [ -0.456024707248015, 39.372281957231401 ], [ -0.455994239088527, 39.372259872138997 ], [ -0.455658039203556, 39.371928194918397 ], [ -0.455422378765166, 39.371706816870002 ], [ -0.455165078809928, 39.371439923677698 ], [ -0.454908148960561, 39.3711640391776 ], [ -0.454741385711223, 39.370962194899597 ], [ -0.454453772106698, 39.370672056312799 ], [ -0.454196324827736, 39.370310621852198 ], [ -0.453997086582561, 39.3700449990396 ], [ -0.453831913351253, 39.369798152691601 ], [ -0.453644598444853, 39.369523767297402 ], [ -0.453502655646818, 39.369277412176501 ], [ -0.453448594134696, 39.369183574051597 ], [ -0.453360722730217, 39.369031051325003 ], [ -0.453208506798609, 39.368748452901201 ], [ -0.45306792494821, 39.368466072092502 ], [ -0.452949505434202, 39.368211223288199 ], [ -0.452807566229422, 39.367964919789301 ], [ -0.452699150354391, 39.367755288792097 ], [ -0.452591006668914, 39.3675367219695 ], [ -0.452472300592332, 39.367290888340499 ], [ -0.452365471142109, 39.367036292207402 ], [ -0.452257382253888, 39.366817702994197 ], [ -0.452104187158577, 39.366562093957199 ], [ -0.452043482604953, 39.366436002747498 ], [ -0.452043440384122, 39.366435911769003 ], [ -0.451963899955592, 39.366270714084202 ], [ -0.451810713843452, 39.366015100267099 ], [ -0.45180183938676, 39.366001586059099 ], [ -0.451678783667565, 39.365814014777001 ], [ -0.451539836751017, 39.365598321972698 ], [ -0.451513960779258, 39.365558150656902 ], [ -0.451336282999186, 39.365338051828701 ], [ -0.451203052961099, 39.365172952250198 ], [ -0.451047576144993, 39.3649803887117 ], [ -0.450879802290954, 39.364805526277003 ], [ -0.450678296697972, 39.364602912853599 ], [ -0.450487068730183, 39.364436537107501 ], [ -0.450273593984408, 39.364242661684997 ], [ -0.450037274182614, 39.364039281966498 ], [ -0.449800293220757, 39.363853898007299 ], [ -0.449539807839511, 39.363677033924503 ], [ -0.44941550705534, 39.363584193245501 ], [ -0.449245818891419, 39.363463365302202 ], [ -0.448847770897452, 39.363469106914003 ], [ -0.448502650741704, 39.363474078300698 ], [ -0.448003018560466, 39.363490112722097 ], [ -0.447305598913232, 39.363519850740502 ], [ -0.446503451873516, 39.363556281844602 ], [ -0.445701631820611, 39.363583709164601 ], [ -0.444844579750733, 39.363592560135103 ], [ -0.444587068691377, 39.3635952180652 ], [ -0.443832967146355, 39.3635876339007 ], [ -0.443043061449053, 39.3636063019175 ], [ -0.442218060370215, 39.363633199993501 ], [ -0.441532563163425, 39.363654120326302 ], [ -0.440672741587529, 39.363680237049302 ], [ -0.440115813060821, 39.363676972112202 ], [ -0.439744040788921, 39.3636867891477 ], [ -0.439115170682697, 39.363744996118001 ], [ -0.438346849705019, 39.363809166175102 ], [ -0.437636189788833, 39.363883571280702 ], [ -0.436972226996031, 39.363949992834499 ], [ -0.436261186194142, 39.364033422333797 ], [ -0.435643624979011, 39.364100864683003 ], [ -0.434956753349829, 39.364157769787198 ], [ -0.434199352292768, 39.3642401628233 ], [ -0.433430360273592, 39.364322255037798 ], [ -0.432824007338279, 39.364398970240003 ], [ -0.432241866694801, 39.364449168893501 ], [ -0.431775720114101, 39.364501928869402 ], [ -0.431274759324556, 39.3645539172037 ], [ -0.430616895194214, 39.364593452230899 ], [ -0.430594831672504, 39.356817061982703 ], [ -0.433354184035792, 39.351185452305103 ], [ -0.433739902652496, 39.348896674269596 ], [ -0.434290189035965, 39.3484499340978 ], [ -0.431595734562086, 39.343460783031603 ], [ -0.430894561753579, 39.339788167834101 ], [ -0.43354111356497, 39.334370879745499 ], [ -0.431451582806755, 39.333440675124599 ], [ -0.429267686722909, 39.330365926307003 ], [ -0.426169515885578, 39.330378903340097 ], [ -0.426169344307366, 39.3303777547519 ], [ -0.426169933602195, 39.330377804781101 ], [ -0.426112240201408, 39.329421584284098 ], [ -0.425913444825636, 39.328201003700997 ], [ -0.42587792723593, 39.327272306887799 ], [ -0.425663198442007, 39.325998388338498 ], [ -0.425649297012991, 39.325915918241499 ], [ -0.424930450749589, 39.321800980967197 ], [ -0.425237997970239, 39.321005976679999 ], [ -0.424944238990871, 39.320476975088397 ], [ -0.423481918252243, 39.318291407345598 ], [ -0.423480029993544, 39.3182872479452 ], [ -0.423239402769935, 39.317414427913697 ], [ -0.423161295154309, 39.316284343859998 ], [ -0.422714260231257, 39.315508672895902 ], [ -0.422714032059194, 39.315507154324301 ], [ -0.422820452775938, 39.314758896206698 ], [ -0.422933058393431, 39.314288329758597 ], [ -0.422995757207012, 39.3135263479843 ], [ -0.422996104855022, 39.313523977972402 ], [ -0.422995930581852, 39.313523492154701 ], [ -0.422959170622127, 39.312946592721602 ], [ -0.422798242828867, 39.312276384216403 ], [ -0.422566787404323, 39.311631622940098 ], [ -0.421641298981169, 39.3097127809733 ], [ -0.421640301851225, 39.309710727082702 ], [ -0.421640037746511, 39.309710184939 ], [ -0.421640333292256, 39.309709895100603 ], [ -0.422416559444425, 39.308941810852502 ], [ -0.424516165706852, 39.3068641290131 ], [ -0.424732206041104, 39.306609524724699 ], [ -0.424831322556282, 39.306492736135198 ], [ -0.425388722698533, 39.305523099025201 ], [ -0.425389126042096, 39.305522554068702 ], [ -0.425998446112788, 39.3047077850633 ], [ -0.427144336190869, 39.303818919911699 ], [ -0.429555167376764, 39.3019487190859 ], [ -0.429569597015174, 39.301947633287902 ], [ -0.429626773884696, 39.301943253253903 ], [ -0.43019473372306, 39.301899794903598 ], [ -0.430578748235671, 39.301863232255798 ], [ -0.431207734224554, 39.301810158060803 ], [ -0.439546629717043, 39.3011062008378 ], [ -0.443035765332294, 39.300813674950298 ], [ -0.443035956673443, 39.3008136568765 ], [ -0.443036618731837, 39.300813635327003 ], [ -0.444521949816449, 39.300765230319698 ], [ -0.446016244290967, 39.300807114176997 ], [ -0.44767360814239, 39.300915551764803 ], [ -0.448234011352604, 39.3009522122276 ], [ -0.448503362207405, 39.3009698229789 ], [ -0.448700359155955, 39.3009741481577 ], [ -0.457630286816559, 39.301202055224202 ], [ -0.458686522334389, 39.301228969670902 ], [ -0.464864200610655, 39.301625076862102 ], [ -0.465361434290076, 39.301662897135301 ], [ -0.470061718097286, 39.302093422715799 ], [ -0.470134546314004, 39.302100100150597 ], [ -0.472795230421399, 39.302274983233602 ], [ -0.480030939049429, 39.302594033225901 ], [ -0.482192043077884, 39.302451550870202 ], [ -0.482808802995771, 39.302410880996199 ], [ -0.484923596176395, 39.3023378076551 ], [ -0.487138633257887, 39.302261196720998 ], [ -0.491659651063623, 39.303268621268501 ], [ -0.495779649248394, 39.304239994023 ], [ -0.495948789439985, 39.304279868323498 ], [ -0.495951325384024, 39.304280625298198 ], [ -0.496499515099635, 39.304444910177899 ], [ -0.496851310636281, 39.304659676778797 ], [ -0.503160531914552, 39.3102650341688 ], [ -0.503179822336956, 39.310282183148701 ], [ -0.50399142594165, 39.310939184766703 ], [ -0.505688374056073, 39.3121377922051 ], [ -0.512520751697939, 39.316734164055802 ], [ -0.512631921807604, 39.316808954964301 ], [ -0.51444004272665, 39.317496217920798 ], [ -0.518393572309498, 39.319175207260898 ], [ -0.519075874208812, 39.319543939242699 ], [ -0.519087829886948, 39.3195504099997 ], [ -0.519537658570507, 39.319664618658898 ], [ -0.5208696732873, 39.320002772184999 ], [ -0.526288938105176, 39.321568598171503 ], [ -0.538766981169329, 39.3239503570165 ], [ -0.538779036560443, 39.323958841923101 ], [ -0.54153772596704, 39.325900654869898 ], [ -0.545378136096088, 39.328603585873601 ], [ -0.552329601598537, 39.332506894347098 ], [ -0.551879704642999, 39.333442269042301 ], [ -0.543605003659024, 39.351756168024302 ], [ -0.542178392749581, 39.355366270845501 ], [ -0.538648001106599, 39.361381164738702 ], [ -0.538629905443501, 39.361602824167001 ], [ -0.536569727137211, 39.386824246064698 ], [ -0.520861010833022, 39.393714392261103 ], [ -0.50964654523399, 39.398556352721599 ], [ -0.504529353303452, 39.399113905183803 ], [ -0.47871961792354, 39.398403819894803 ], [ -0.475645143745109, 39.398318852218999 ], [ -0.472393644861862, 39.398653622915603 ], [ -0.465899561077901, 39.399700339332298 ], [ -0.465700271628725, 39.3987956766953 ] ] ] } },
{ "type": "Feature", "properties": { "OBJECTID": 7045, "Codigo": "46022", "Texto": "Alfafar", "Cod_Prov": "46", "Cod_CCAA": "10", "FechaId": "01012017", "NUTS_0": "ES", "NUTS_1": "ES5", "NUTS_2": "ES52", "NUTS_3": "ES523", "PAD_2C02": 20776, "PAD_2C03": 947, "PAD_2C04": 1170, "PAD_2C05": 1144, "PAD_2C06": 956, "PAD_2C07": 974, "PAD_2C08": 1130, "PAD_2C09": 1413, "PAD_2C10": 1838, "PAD_2C11": 1809, "PAD_2C12": 1698, "PAD_2C13": 1417, "PAD_2C14": 1253, "PAD_2C15": 1097, "PAD_2C16": 1045, "PAD_2C17": 1021, "PAD_2C18": 758, "PAD_2C19": 563, "PAD_2C20": 543, "PAD_2C21": 10173, "PAD_2C22": 490, "PAD_2C23": 574, "PAD_2C24": 595, "PAD_2C25": 498, "PAD_2C26": 537, "PAD_2C27": 569, "PAD_2C28": 706, "PAD_2C29": 916, "PAD_2C30": 941, "PAD_2C31": 854, "PAD_2C32": 746, "PAD_2C33": 619, "PAD_2C34": 497, "PAD_2C35": 465, "PAD_2C36": 438, "PAD_2C37": 346, "PAD_2C38": 200, "PAD_2C39": 182, "PAD_2C40": 10603, "PAD_2C41": 457, "PAD_2C42": 596, "PAD_2C43": 549, "PAD_2C44": 458, "PAD_2C45": 437, "PAD_2C46": 561, "PAD_2C47": 707, "PAD_2C48": 922, "PAD_2C49": 868, "PAD_2C50": 844, "PAD_2C51": 671, "PAD_2C52": 634, "PAD_2C53": 600, "PAD_2C54": 580, "PAD_2C55": 583, "PAD_2C56": 412, "PAD_2C57": 363, "PAD_2C58": 361, "PAD_3C03": 18653, "PAD_3C04": 2123, "PAD_3C05": 566, "PAD_3C06": 9, "PAD_3C07": 128, "PAD_3C08": 23, "PAD_3C09": 62, "PAD_3C10": 19, "PAD_3C100": 76, "PAD_3C101": 12, "PAD_3C102": 4, "PAD_3C103": 35, "PAD_3C104": 5, "PAD_3C105": 19, "PAD_3C106": 9, "PAD_3C107": 24, "PAD_3C108": 11, "PAD_3C109": 78, "PAD_3C11": 22, "PAD_3C110": 57, "PAD_3C111": 13, "PAD_3C112": 0, "PAD_3C12": 4, "PAD_3C13": 264, "PAD_3C14": 99, "PAD_3C15": 18, "PAD_3C16": 37, "PAD_3C17": 731, "PAD_3C18": 114, "PAD_3C19": 468, "PAD_3C20": 36, "PAD_3C21": 47, "PAD_3C22": 553, "PAD_3C23": 38, "PAD_3C24": 53, "PAD_3C25": 17, "PAD_3C26": 154, "PAD_3C27": 24, "PAD_3C28": 12, "PAD_3C29": 87, "PAD_3C30": 7, "PAD_3C31": 24, "PAD_3C32": 15, "PAD_3C33": 62, "PAD_3C34": 25, "PAD_3C35": 174, "PAD_3C36": 119, "PAD_3C37": 40, "PAD_3C38": 0, "PAD_3C39": 10173, "PAD_3C40": 9098, "PAD_3C41": 1075, "PAD_3C42": 270, "PAD_3C43": 4, "PAD_3C44": 69, "PAD_3C45": 12, "PAD_3C46": 30, "PAD_3C47": 12, "PAD_3C48": 11, "PAD_3C49": 2, "PAD_3C50": 118, "PAD_3C51": 42, "PAD_3C52": 9, "PAD_3C53": 12, "PAD_3C54": 393, "PAD_3C55": 62, "PAD_3C56": 238, "PAD_3C57": 20, "PAD_3C58": 36, "PAD_3C59": 274, "PAD_3C60": 21, "PAD_3C61": 24, "PAD_3C62": 3, "PAD_3C63": 78, "PAD_3C64": 12, "PAD_3C65": 8, "PAD_3C66": 52, "PAD_3C67": 2, "PAD_3C68": 5, "PAD_3C69": 6, "PAD_3C70": 38, "PAD_3C71": 14, "PAD_3C72": 96, "PAD_3C73": 62, "PAD_3C74": 27, "PAD_3C75": 0, "PAD_3C76": 10603, "PAD_3C77": 9555, "PAD_3C78": 1048, "PAD_3C79": 296, "PAD_3C80": 5, "PAD_3C81": 59, "PAD_3C82": 11, "PAD_3C83": 32, "PAD_3C84": 7, "PAD_3C85": 11, "PAD_3C86": 2, "PAD_3C87": 146, "PAD_3C88": 57, "PAD_3C89": 9, "PAD_3C90": 25, "PAD_3C91": 338, "PAD_3C92": 52, "PAD_3C93": 230, "PAD_3C94": 16, "PAD_3C95": 11, "PAD_3C96": 279, "PAD_3C97": 17, "PAD_3C98": 29, "PAD_3C99": 14, "PAD_3_COD_PROV": "46", "PAD_3_COD_CCAA": "10", "Shape__Area": 16912339.7382355, "Shape__Length": 34426.612253272397 }, "geometry": { "type": "Polygon", "coordinates": [ [ [ -0.395365785329833, 39.427852411004203 ], [ -0.394696447916697, 39.427423049922098 ], [ -0.394475799225035, 39.427352295780203 ], [ -0.394122506196827, 39.4272390076801 ], [ -0.39392482024047, 39.427228878313599 ], [ -0.393924774426385, 39.427228876925902 ], [ -0.393899970144763, 39.427227604336501 ], [ -0.39389871160503, 39.427227539804903 ], [ -0.393892276972654, 39.427227210902402 ], [ -0.393809454100096, 39.427222967087197 ], [ -0.392682345997963, 39.427190570865299 ], [ -0.392652756390803, 39.427189722240698 ], [ -0.392397407576361, 39.427182391316499 ], [ -0.392382194607016, 39.427181954861098 ], [ -0.391919396945695, 39.427116061857099 ], [ -0.391180837153389, 39.427012777178298 ], [ -0.391087968420991, 39.426999788259899 ], [ -0.391087921708575, 39.426999782014903 ], [ -0.391087783368022, 39.426999766055502 ], [ -0.391087954047937, 39.426998909101798 ], [ -0.391133469886771, 39.4267713677527 ], [ -0.391202738978322, 39.426425221702097 ], [ -0.391181933996345, 39.426419164689499 ], [ -0.391133513904195, 39.426403443793703 ], [ -0.390307126724902, 39.426135419877902 ], [ -0.389642906115599, 39.425970935968799 ], [ -0.389466942321123, 39.425927374310199 ], [ -0.388918218107906, 39.425826712204397 ], [ -0.387228804163772, 39.425516768707404 ], [ -0.387180526005464, 39.425254439051898 ], [ -0.387200240432698, 39.424974961900602 ], [ -0.38720196160477, 39.4249505203124 ], [ -0.387205261116809, 39.4249036362665 ], [ -0.387226650003733, 39.424815175114396 ], [ -0.387356286780697, 39.424278855897903 ], [ -0.387522281970483, 39.423592094256598 ], [ -0.387603783421243, 39.423255022163502 ], [ -0.387397600300608, 39.423178307115101 ], [ -0.387397455671842, 39.423178289766902 ], [ -0.387397409857757, 39.423178284215403 ], [ -0.386990667968481, 39.423107171860401 ], [ -0.386924445064054, 39.423095606849202 ], [ -0.385191190639107, 39.4225431487639 ], [ -0.384752370809345, 39.422478741251403 ], [ -0.384465854047776, 39.422436706148702 ], [ -0.383885812767148, 39.422351608148396 ], [ -0.383107866341204, 39.422343156702702 ], [ -0.382664888209978, 39.422396172697098 ], [ -0.382664555833318, 39.422396215027199 ], [ -0.382664509120936, 39.422396219190802 ], [ -0.38266450462935, 39.422396163675899 ], [ -0.382664054573405, 39.422391748858502 ], [ -0.382602257668377, 39.421783579058499 ], [ -0.382562668015495, 39.421393958242703 ], [ -0.382584541992651, 39.419880992289599 ], [ -0.38258383142528, 39.419880918035801 ], [ -0.381093549725097, 39.419685313894 ], [ -0.381067476123977, 39.420999927976602 ], [ -0.380530756996237, 39.422303104094603 ], [ -0.380530120989026, 39.422302868850103 ], [ -0.379579970218058, 39.421948367081001 ], [ -0.379557892323328, 39.421936355674099 ], [ -0.378077468735092, 39.421130715793801 ], [ -0.377422804403812, 39.420685818035601 ], [ -0.376514440564893, 39.420068477260898 ], [ -0.375934078585701, 39.419749118853098 ], [ -0.374636137865979, 39.4190531771739 ], [ -0.374417460078048, 39.419309464906597 ], [ -0.372900110341758, 39.421049883984502 ], [ -0.372643502987583, 39.421454182270402 ], [ -0.372640824211405, 39.4214584049246 ], [ -0.372630686723427, 39.421453378682301 ], [ -0.369060490730189, 39.419683839223801 ], [ -0.366018044186574, 39.418434846904603 ], [ -0.365561303865214, 39.418226291871797 ], [ -0.365561035268949, 39.418226343920097 ], [ -0.364591299428163, 39.418384469861401 ], [ -0.363186010031961, 39.417767073311403 ], [ -0.361435935551662, 39.416745450750703 ], [ -0.360882369419056, 39.4163970486944 ], [ -0.359609505170475, 39.415595893286799 ], [ -0.358169139257409, 39.414986627342103 ], [ -0.357234344287926, 39.414839372311597 ], [ -0.357233993046628, 39.414839291806302 ], [ -0.35722934157009, 39.414840200266298 ], [ -0.355034668397767, 39.415257708202098 ], [ -0.354209012447111, 39.415450518907697 ], [ -0.354190990445875, 39.415454721105398 ], [ -0.353663732374699, 39.4158928142677 ], [ -0.353663509592519, 39.415892998177803 ], [ -0.35366336586205, 39.415893121015799 ], [ -0.353663488931253, 39.415893556154003 ], [ -0.353806728896563, 39.416400883017701 ], [ -0.354191400077652, 39.416670861870401 ], [ -0.354247682225132, 39.416717198342702 ], [ -0.354248726965823, 39.416717829875402 ], [ -0.354815631283731, 39.417054424194902 ], [ -0.356346182661466, 39.418350442851903 ], [ -0.357014851728029, 39.41909532327 ], [ -0.356994396190689, 39.419329088185499 ], [ -0.356994094356764, 39.419329544815099 ], [ -0.356960097614845, 39.419378638727103 ], [ -0.356798160115181, 39.419612385343299 ], [ -0.356797827738522, 39.419612873199398 ], [ -0.355412090174513, 39.420626374041198 ], [ -0.354198379089102, 39.421391510697099 ], [ -0.3534404129917, 39.421780180826701 ], [ -0.353357347573993, 39.421822774947898 ], [ -0.35335716072443, 39.4218227881328 ], [ -0.35139945414091, 39.421994373893703 ], [ -0.351294682731004, 39.4220009871363 ], [ -0.3506652493811, 39.422058751320499 ], [ -0.350577722929707, 39.422066571316499 ], [ -0.350218069829282, 39.422098742308499 ], [ -0.349942693075585, 39.422123366014702 ], [ -0.349938383857142, 39.4220883276801 ], [ -0.349853940423821, 39.421400654121797 ], [ -0.349532536689909, 39.418949376723702 ], [ -0.349241461876601, 39.416729289069998 ], [ -0.349426566029077, 39.415128540977797 ], [ -0.349431590306477, 39.4150850579055 ], [ -0.349632457197255, 39.413442597977202 ], [ -0.349632582961416, 39.4134415701268 ], [ -0.35004915601316, 39.410035060126603 ], [ -0.350357644668235, 39.4075120091006 ], [ -0.350661386625381, 39.401951662661197 ], [ -0.350429019410816, 39.401036498997499 ], [ -0.348835555420525, 39.398964257152997 ], [ -0.346403108972271, 39.3969719041772 ], [ -0.346029882327904, 39.396098583876203 ], [ -0.345891073751909, 39.395780116711201 ], [ -0.34547416293359, 39.3948337159486 ], [ -0.345351370420778, 39.394704789269902 ], [ -0.345125837588931, 39.3944810148312 ], [ -0.34480310255172, 39.3941607790549 ], [ -0.344692197445066, 39.393634962928402 ], [ -0.344675193235075, 39.393554281127898 ], [ -0.344567713404586, 39.393326613257599 ], [ -0.343841152409511, 39.391953555717002 ], [ -0.343506156267017, 39.391320465696097 ], [ -0.341616960596965, 39.389097216998898 ], [ -0.340313650646791, 39.387953647345697 ], [ -0.338370140139703, 39.386248252801899 ], [ -0.338054971612144, 39.385682520718198 ], [ -0.337768132355417, 39.385185037812398 ], [ -0.337768088337959, 39.385184960744503 ], [ -0.337761532433009, 39.3851735900977 ], [ -0.337761509975148, 39.385173553299502 ], [ -0.336789555295598, 39.383487772785102 ], [ -0.336475883361337, 39.382943713997399 ], [ -0.334643314791817, 39.379761087972902 ], [ -0.334341703638553, 39.3792372408777 ], [ -0.334258933766591, 39.378951586187497 ], [ -0.333049048605952, 39.374775290986797 ], [ -0.332977810407296, 39.374512407253597 ], [ -0.331077640917735, 39.368027531730696 ], [ -0.330143514294826, 39.364836027694203 ], [ -0.330143223240666, 39.364834990098998 ], [ -0.330318180922027, 39.3648119588143 ], [ -0.330953094893489, 39.364763120964597 ], [ -0.331039818251011, 39.3647564578458 ], [ -0.332463506042532, 39.368202911120903 ], [ -0.332463700078639, 39.368203450727798 ], [ -0.333068983120441, 39.368208294688699 ], [ -0.334273739799118, 39.368217947885697 ], [ -0.336951648203793, 39.372811052930302 ], [ -0.337073916998797, 39.373020734720299 ], [ -0.338780147405061, 39.372411189221701 ], [ -0.340933415429302, 39.371640615192398 ], [ -0.343133647376598, 39.370853177705001 ], [ -0.34313415941631, 39.370854222155401 ], [ -0.345690802444139, 39.376272861717403 ], [ -0.345694635555454, 39.376278282854599 ], [ -0.346377489918683, 39.377449558738199 ], [ -0.346793175434927, 39.377826072875997 ], [ -0.346826412202136, 39.377856186003399 ], [ -0.346883469595711, 39.3779532788257 ], [ -0.3471644401587, 39.3784314583284 ], [ -0.347450647001504, 39.379149696677601 ], [ -0.348703848925116, 39.380517956824697 ], [ -0.34955747302387, 39.381449921259801 ], [ -0.350110192045146, 39.382489519189903 ], [ -0.35087026828513, 39.383569895834199 ], [ -0.35099281465957, 39.383812260261301 ], [ -0.351653435719504, 39.385118716303303 ], [ -0.351907154091714, 39.385620462692899 ], [ -0.352085272944561, 39.386741631816001 ], [ -0.352092881675009, 39.386747967214703 ], [ -0.353233379166481, 39.387695651684197 ], [ -0.354195835060189, 39.388339147053799 ], [ -0.354927669165992, 39.388941344193199 ], [ -0.356072660030478, 39.389363746929 ], [ -0.356073431683318, 39.389364205837602 ], [ -0.356469809709181, 39.3896070111321 ], [ -0.357013251828498, 39.390364975662003 ], [ -0.357605716809517, 39.391191288150601 ], [ -0.35879588933955, 39.392263340886601 ], [ -0.358796390599497, 39.392263901828798 ], [ -0.359397165895198, 39.392943609086103 ], [ -0.359463713989775, 39.393026188223097 ], [ -0.360046266061624, 39.394201512195302 ], [ -0.360099521784949, 39.394328840333102 ], [ -0.360289211836941, 39.395143393917998 ], [ -0.360289360058996, 39.395143933316596 ], [ -0.360532714567759, 39.395771056007298 ], [ -0.360945626086434, 39.396212827816498 ], [ -0.361907939148004, 39.396865246195802 ], [ -0.362460788424992, 39.397255226230698 ], [ -0.362462127813098, 39.3972561800419 ], [ -0.362637206767033, 39.397539443323602 ], [ -0.362679268583561, 39.397963777275898 ], [ -0.362861632874457, 39.400186081912999 ], [ -0.362862200609722, 39.4001930491617 ], [ -0.363273454736685, 39.400679810102503 ], [ -0.36414544309477, 39.401451782947298 ], [ -0.364161134866135, 39.401465660271398 ], [ -0.365812417123109, 39.404791230844097 ], [ -0.366406236763551, 39.405056921336303 ], [ -0.367038224023837, 39.405751987264402 ], [ -0.367041809200119, 39.405755940864303 ], [ -0.367773593000252, 39.406367101141498 ], [ -0.368501257126463, 39.406779939303497 ], [ -0.369283837960965, 39.406968787300798 ], [ -0.369285524997081, 39.406969468896101 ], [ -0.369889959130927, 39.407216730035003 ], [ -0.370034710960852, 39.407382175780597 ], [ -0.37027329182224, 39.4075226959052 ], [ -0.370516779281674, 39.408149771856202 ], [ -0.370517629087929, 39.408150620018603 ], [ -0.370684775019597, 39.408315738026999 ], [ -0.371702529405563, 39.408735138898102 ], [ -0.371720767900799, 39.408737100343998 ], [ -0.372338686645375, 39.4088035541807 ], [ -0.372489305372444, 39.408844893023002 ], [ -0.372982383445359, 39.408980235221797 ], [ -0.373740744801484, 39.409195585760997 ], [ -0.374780327350555, 39.409345186159399 ], [ -0.377755973373009, 39.409583466722701 ], [ -0.3781398702063, 39.409565110836198 ], [ -0.379165845973769, 39.4097684217734 ], [ -0.380672719557209, 39.4101536947516 ], [ -0.381755988975189, 39.4104419590658 ], [ -0.382041078313737, 39.410517819870201 ], [ -0.382838864032744, 39.4106743371322 ], [ -0.382871138704262, 39.4106806759101 ], [ -0.383451461157581, 39.410999996740699 ], [ -0.384067329946714, 39.411575092309 ], [ -0.384281858416351, 39.411775431747699 ], [ -0.385200405557299, 39.412421646331303 ], [ -0.385221029079596, 39.412436150267901 ], [ -0.385238165341927, 39.412440336684597 ], [ -0.388432002265451, 39.413219992706502 ], [ -0.389714995018839, 39.413383927890301 ], [ -0.390981121902789, 39.413476585740902 ], [ -0.391313371895456, 39.413500905040202 ], [ -0.392973286063973, 39.413835398128803 ], [ -0.39297897329803, 39.4138353592637 ], [ -0.393552818898144, 39.413831955092199 ], [ -0.3935955733158, 39.413831701080603 ], [ -0.393551998736294, 39.414055323911299 ], [ -0.39605597623399, 39.414334560995599 ], [ -0.396055175835077, 39.414345906763401 ], [ -0.396994961844267, 39.414511520895502 ], [ -0.397702904356767, 39.414636280894399 ], [ -0.398397489819258, 39.414758683113199 ], [ -0.398750384893818, 39.414837647695002 ], [ -0.398774635813228, 39.4148430651423 ], [ -0.398776710023192, 39.414843530129403 ], [ -0.399157674755424, 39.414928824678803 ], [ -0.400706988346169, 39.415301007949203 ], [ -0.401856573195011, 39.415577157281298 ], [ -0.402369157286033, 39.415700276834301 ], [ -0.402369346830554, 39.415700321944399 ], [ -0.403391873965633, 39.415945921918301 ], [ -0.403381773308602, 39.4159911026698 ], [ -0.403455742385701, 39.4168118691952 ], [ -0.40359218120602, 39.417202270681699 ], [ -0.403590345947883, 39.4173050792513 ], [ -0.403589539260756, 39.417350250794101 ], [ -0.40358141399901, 39.417805632996703 ], [ -0.403616457278248, 39.418970499772101 ], [ -0.402246024311722, 39.418796907930002 ], [ -0.402187782040275, 39.418789539342498 ], [ -0.402184847244258, 39.418789140309002 ], [ -0.400041913439026, 39.418694392334899 ], [ -0.39971494913348, 39.418679923010899 ], [ -0.399512121220438, 39.418630555181501 ], [ -0.398949090438014, 39.418493532172199 ], [ -0.39873654904179, 39.418441806084402 ], [ -0.39799851476392, 39.418299164966598 ], [ -0.397473438700593, 39.418200979057502 ], [ -0.39743521538523, 39.418193829703903 ], [ -0.395645498251419, 39.417859093814201 ], [ -0.394366774292272, 39.417578196265197 ], [ -0.393276702830969, 39.417220451060899 ], [ -0.393114121239253, 39.4171708927393 ], [ -0.392989628215603, 39.417132944800102 ], [ -0.392973324691515, 39.418060599123301 ], [ -0.392949946036253, 39.4193919920097 ], [ -0.392948347035053, 39.419483246312602 ], [ -0.392864440794263, 39.420175037301703 ], [ -0.392736325763382, 39.421118079692597 ], [ -0.392720359107505, 39.421234857193298 ], [ -0.392597059046567, 39.421776690300497 ], [ -0.392275746940792, 39.423188761134497 ], [ -0.392504517300945, 39.423283965154397 ], [ -0.392842600953063, 39.423561796854301 ], [ -0.393154795158699, 39.424021036221603 ], [ -0.393567592591309, 39.424628172690497 ], [ -0.394329145661621, 39.425748202780397 ], [ -0.39452695558551, 39.426049898951902 ], [ -0.398884100920468, 39.426512113302998 ], [ -0.401925083210182, 39.426834581274697 ], [ -0.401919997847346, 39.426876282045001 ], [ -0.401901452128303, 39.427557789845601 ], [ -0.40188951172155, 39.427996745760296 ], [ -0.401552836627781, 39.427972867968599 ], [ -0.400729093190346, 39.427945447216501 ], [ -0.400213717135444, 39.4280600476812 ], [ -0.398920233856152, 39.428481539073502 ], [ -0.398128080573979, 39.428659600317502 ], [ -0.397280167963837, 39.428850209074099 ], [ -0.396743879129107, 39.428901277974497 ], [ -0.396390125265155, 39.428731199656298 ], [ -0.395760424217316, 39.4281909679639 ], [ -0.395365785329833, 39.427852411004203 ] ] ] } },
{ "type": "Feature", "properties": { "OBJECTID": 7125, "Codigo": "46102", "Texto": "Quart de Poblet", "Cod_Prov": "46", "Cod_CCAA": "10", "FechaId": "01012017", "NUTS_0": "ES", "NUTS_1": "ES5", "NUTS_2": "ES52", "NUTS_3": "ES523", "PAD_2C02": 24491, "PAD_2C03": 1013, "PAD_2C04": 1169, "PAD_2C05": 1107, "PAD_2C06": 1090, "PAD_2C07": 1266, "PAD_2C08": 1326, "PAD_2C09": 1540, "PAD_2C10": 1834, "PAD_2C11": 1924, "PAD_2C12": 1938, "PAD_2C13": 1916, "PAD_2C14": 1681, "PAD_2C15": 1436, "PAD_2C16": 1437, "PAD_2C17": 1323, "PAD_2C18": 1020, "PAD_2C19": 790, "PAD_2C20": 681, "PAD_2C21": 11963, "PAD_2C22": 503, "PAD_2C23": 621, "PAD_2C24": 566, "PAD_2C25": 581, "PAD_2C26": 660, "PAD_2C27": 674, "PAD_2C28": 748, "PAD_2C29": 958, "PAD_2C30": 970, "PAD_2C31": 951, "PAD_2C32": 956, "PAD_2C33": 824, "PAD_2C34": 685, "PAD_2C35": 650, "PAD_2C36": 575, "PAD_2C37": 471, "PAD_2C38": 340, "PAD_2C39": 230, "PAD_2C40": 12528, "PAD_2C41": 510, "PAD_2C42": 548, "PAD_2C43": 541, "PAD_2C44": 509, "PAD_2C45": 606, "PAD_2C46": 652, "PAD_2C47": 792, "PAD_2C48": 876, "PAD_2C49": 954, "PAD_2C50": 987, "PAD_2C51": 960, "PAD_2C52": 857, "PAD_2C53": 751, "PAD_2C54": 787, "PAD_2C55": 748, "PAD_2C56": 549, "PAD_2C57": 450, "PAD_2C58": 451, "PAD_3C03": 23248, "PAD_3C04": 1243, "PAD_3C05": 322, "PAD_3C06": 4, "PAD_3C07": 38, "PAD_3C08": 23, "PAD_3C09": 35, "PAD_3C10": 14, "PAD_3C100": 30, "PAD_3C101": 5, "PAD_3C102": 1, "PAD_3C103": 20, "PAD_3C104": 6, "PAD_3C105": 15, "PAD_3C106": 0, "PAD_3C107": 5, "PAD_3C108": 10, "PAD_3C109": 74, "PAD_3C11": 4, "PAD_3C110": 43, "PAD_3C111": 10, "PAD_3C112": 0, "PAD_3C12": 4, "PAD_3C13": 177, "PAD_3C14": 79, "PAD_3C15": 6, "PAD_3C16": 55, "PAD_3C17": 390, "PAD_3C18": 57, "PAD_3C19": 265, "PAD_3C20": 22, "PAD_3C21": 25, "PAD_3C22": 270, "PAD_3C23": 24, "PAD_3C24": 26, "PAD_3C25": 15, "PAD_3C26": 52, "PAD_3C27": 9, "PAD_3C28": 1, "PAD_3C29": 45, "PAD_3C30": 7, "PAD_3C31": 19, "PAD_3C32": 3, "PAD_3C33": 14, "PAD_3C34": 19, "PAD_3C35": 182, "PAD_3C36": 87, "PAD_3C37": 34, "PAD_3C38": 0, "PAD_3C39": 11963, "PAD_3C40": 11346, "PAD_3C41": 617, "PAD_3C42": 158, "PAD_3C43": 3, "PAD_3C44": 19, "PAD_3C45": 14, "PAD_3C46": 19, "PAD_3C47": 6, "PAD_3C48": 3, "PAD_3C49": 2, "PAD_3C50": 83, "PAD_3C51": 35, "PAD_3C52": 2, "PAD_3C53": 26, "PAD_3C54": 203, "PAD_3C55": 23, "PAD_3C56": 141, "PAD_3C57": 12, "PAD_3C58": 17, "PAD_3C59": 113, "PAD_3C60": 15, "PAD_3C61": 7, "PAD_3C62": 4, "PAD_3C63": 22, "PAD_3C64": 4, "PAD_3C65": 0, "PAD_3C66": 25, "PAD_3C67": 1, "PAD_3C68": 4, "PAD_3C69": 3, "PAD_3C70": 9, "PAD_3C71": 9, "PAD_3C72": 108, "PAD_3C73": 44, "PAD_3C74": 24, "PAD_3C75": 0, "PAD_3C76": 12528, "PAD_3C77": 11902, "PAD_3C78": 626, "PAD_3C79": 164, "PAD_3C80": 1, "PAD_3C81": 19, "PAD_3C82": 9, "PAD_3C83": 16, "PAD_3C84": 8, "PAD_3C85": 1, "PAD_3C86": 2, "PAD_3C87": 94, "PAD_3C88": 44, "PAD_3C89": 4, "PAD_3C90": 29, "PAD_3C91": 187, "PAD_3C92": 34, "PAD_3C93": 124, "PAD_3C94": 10, "PAD_3C95": 8, "PAD_3C96": 157, "PAD_3C97": 9, "PAD_3C98": 19, "PAD_3C99": 11, "PAD_3_COD_PROV": "46", "PAD_3_COD_CCAA": "10", "Shape__Area": 33001238.930481002, "Shape__Length": 41436.307837166401 }, "geometry": { "type": "Polygon", "coordinates": [ [ [ -0.436496195353937, 39.487172885091397 ], [ -0.434740435436174, 39.486815649137299 ], [ -0.432047499115089, 39.487648639209603 ], [ -0.431165196300932, 39.486350973773398 ], [ -0.427810736113064, 39.488078505975999 ], [ -0.426071205159197, 39.487958378987997 ], [ -0.425174392756554, 39.487696369114197 ], [ -0.422088315039616, 39.485941586187799 ], [ -0.423903892873834, 39.483380430273399 ], [ -0.424711780148169, 39.482240682126601 ], [ -0.424853162397482, 39.482041235183402 ], [ -0.424047074448633, 39.481657369916697 ], [ -0.42455803977552, 39.480868596703203 ], [ -0.424627971823762, 39.480763231248098 ], [ -0.424658955616217, 39.480761110971699 ], [ -0.424695201739602, 39.480720831253699 ], [ -0.425241976608651, 39.479935501056403 ], [ -0.425747693079297, 39.479208267070497 ], [ -0.42575153697041, 39.479204753074001 ], [ -0.42575583900231, 39.479201582295197 ], [ -0.425760558750826, 39.479198885087698 ], [ -0.425765784250809, 39.479196694733197 ], [ -0.425771272058877, 39.479195099983201 ], [ -0.425777023971659, 39.479194064782398 ], [ -0.425782845953014, 39.479193641133499 ], [ -0.425788792800199, 39.479193772873799 ], [ -0.425794433321874, 39.479194523793097 ], [ -0.42599822063565, 39.479229572924098 ], [ -0.426065457738034, 39.479241154269701 ], [ -0.426087097254914, 39.4792082407225 ], [ -0.426106818868658, 39.479178309343098 ], [ -0.426294246962793, 39.478894140179698 ], [ -0.426294296370133, 39.4788940652954 ], [ -0.426338211411106, 39.478827846100998 ], [ -0.42641363755563, 39.478714114073099 ], [ -0.426488714255483, 39.478601555050602 ], [ -0.42654998115449, 39.478509738898303 ], [ -0.426680170395368, 39.478314635672497 ], [ -0.426750071900876, 39.478209929912701 ], [ -0.426777384278794, 39.478169112734797 ], [ -0.426787487630782, 39.478175371874102 ], [ -0.426797993428037, 39.478180991716897 ], [ -0.426808950179568, 39.478186031893699 ], [ -0.426820303088119, 39.478190545101697 ], [ -0.426832112340829, 39.478194382957803 ], [ -0.426844239597178, 39.478197456709403 ], [ -0.426856574364356, 39.478199964663098 ], [ -0.426869174134512, 39.478201752888801 ], [ -0.426876106433579, 39.478202275003603 ], [ -0.426881798159222, 39.478202865762903 ], [ -0.426894591965484, 39.478203315766201 ], [ -0.4269073588223, 39.4782030807106 ], [ -0.426920063695349, 39.478201996958397 ], [ -0.426929777178531, 39.478200716979799 ], [ -0.426932602380102, 39.4782004098127 ], [ -0.426944973079864, 39.478197971890403 ], [ -0.42695717759133, 39.478195013239798 ], [ -0.42696907038737, 39.4781914028123 ], [ -0.426980522110602, 39.478186952701897 ], [ -0.426991610016176, 39.478181956207997 ], [ -0.427000953393453, 39.4781771448462 ], [ -0.427457469136005, 39.478366849124498 ], [ -0.428099799598437, 39.477460456919601 ], [ -0.428099824751256, 39.477460422250303 ], [ -0.428129800633967, 39.477418122863902 ], [ -0.428129850041308, 39.477418052138397 ], [ -0.428318024635463, 39.477152516188397 ], [ -0.428511424729601, 39.476257581139301 ], [ -0.428511431916145, 39.476257545082497 ], [ -0.428655278244263, 39.475591917114102 ], [ -0.42987964424728, 39.475168532128599 ], [ -0.430429358403931, 39.473804061749902 ], [ -0.430374024877353, 39.4736568471276 ], [ -0.4300288337547, 39.473429987287503 ], [ -0.430044229082056, 39.4733811041298 ], [ -0.429936900168547, 39.473287015656098 ], [ -0.429902031162479, 39.473248750181497 ], [ -0.42987255564135, 39.473209999285402 ], [ -0.429851147889821, 39.473176003908002 ], [ -0.42982677479954, 39.473133142318297 ], [ -0.429782395329567, 39.473047932198703 ], [ -0.429754697574395, 39.472983006236298 ], [ -0.429730603860178, 39.472913357246597 ], [ -0.42971006298288, 39.472837499188799 ], [ -0.429696913443768, 39.472768021331603 ], [ -0.429692666209091, 39.472723000136902 ], [ -0.429686204627236, 39.472607616766503 ], [ -0.429686875668768, 39.472539074124903 ], [ -0.429691758910656, 39.472454311237797 ], [ -0.429695975602598, 39.4724147568989 ], [ -0.429705629796971, 39.472349120265299 ], [ -0.429710741210922, 39.472313716094298 ], [ -0.430279310107086, 39.4723151487376 ], [ -0.430880743867893, 39.472316328275902 ], [ -0.431877852273702, 39.4725237963426 ], [ -0.43217307820193, 39.472499600966302 ], [ -0.432442464989314, 39.472477546220198 ], [ -0.432523457095354, 39.4723195430551 ], [ -0.433419835611698, 39.470570690921598 ], [ -0.433172295852024, 39.469078762157601 ], [ -0.433593878808114, 39.468035167329603 ], [ -0.433366262783097, 39.466965978808197 ], [ -0.433390864045475, 39.466958536950699 ], [ -0.43353978585496, 39.466898723971703 ], [ -0.433657063610257, 39.4668515546999 ], [ -0.433766083153138, 39.466807748144099 ], [ -0.433881025288681, 39.466763255695703 ], [ -0.433924873854335, 39.466743801119698 ], [ -0.433954684447048, 39.466729329985199 ], [ -0.433995285602928, 39.466706167980597 ], [ -0.43409812204172, 39.4666477910121 ], [ -0.434212536866201, 39.466585212106899 ], [ -0.434302023441527, 39.466539050271898 ], [ -0.434330517104028, 39.466525436255701 ], [ -0.434401778658875, 39.466493267055199 ], [ -0.434475275222167, 39.466463765027399 ], [ -0.434578417986469, 39.466421669084298 ], [ -0.434683643943906, 39.466382349185601 ], [ -0.434790028728066, 39.466346582053099 ], [ -0.434925834236065, 39.466301775155202 ], [ -0.435048528832526, 39.466263835944098 ], [ -0.43518346926292, 39.466236080742398 ], [ -0.435305167627734, 39.466211034336801 ], [ -0.435355973645275, 39.466200516036601 ], [ -0.435499202830787, 39.466171260076898 ], [ -0.435702401748064, 39.466125650686799 ], [ -0.435899442714038, 39.466090721170701 ], [ -0.43594063226645, 39.466080170951301 ], [ -0.436046549926653, 39.466075129897298 ], [ -0.436186420311351, 39.466067405689898 ], [ -0.436321702999872, 39.4660587112743 ], [ -0.43637198799453, 39.466056537150102 ], [ -0.436460222318369, 39.466052745089101 ], [ -0.436523116066353, 39.466049980102099 ], [ -0.436594762998488, 39.466035804254702 ], [ -0.436743193429494, 39.466016646987299 ], [ -0.43701255506406, 39.465973824677803 ], [ -0.437148335419273, 39.4659543289646 ], [ -0.437176812013762, 39.465950177664098 ], [ -0.437252530110743, 39.465939227272898 ], [ -0.437300463315999, 39.465931613317103 ], [ -0.437321419214955, 39.465931299854297 ], [ -0.437334391785973, 39.465925554885203 ], [ -0.437409304992454, 39.465892334057997 ], [ -0.437586071880803, 39.465817157687397 ], [ -0.437669474166721, 39.465774476036302 ], [ -0.437844969938944, 39.465676746087603 ], [ -0.437984303131077, 39.465582382969799 ], [ -0.438013233374834, 39.465558129699303 ], [ -0.438432273200341, 39.4654308581446 ], [ -0.439507958142361, 39.464510049810599 ], [ -0.439508000363191, 39.464510015134898 ], [ -0.43958294231578, 39.464445860718101 ], [ -0.439582989926459, 39.4644458218811 ], [ -0.439775646215567, 39.4642808999712 ], [ -0.43988802096604, 39.464396347083003 ], [ -0.439943665309681, 39.4644543056692 ], [ -0.439943988703169, 39.4644546461858 ], [ -0.440286306115241, 39.465579301725803 ], [ -0.440330955978139, 39.466580223101602 ], [ -0.440186548202935, 39.467982414916399 ], [ -0.44026738490041, 39.469263444876098 ], [ -0.440069742063181, 39.471167840276202 ], [ -0.440069653129968, 39.471168981694298 ], [ -0.440090871336977, 39.471170128659899 ], [ -0.443735472090271, 39.471366792764201 ], [ -0.444000611642979, 39.471426705919598 ], [ -0.444002356171275, 39.471428920095804 ], [ -0.444144518158235, 39.4716093728019 ], [ -0.444145017621555, 39.471610010078102 ], [ -0.444202579868332, 39.472259905963703 ], [ -0.444385465182078, 39.472541083702197 ], [ -0.444719799266211, 39.473055091871998 ], [ -0.446358773705453, 39.474325304728303 ], [ -0.446759043233108, 39.474505283252903 ], [ -0.447024884370082, 39.474564523865901 ], [ -0.44716259969641, 39.4745952158272 ], [ -0.447162791935889, 39.474595219987698 ], [ -0.447174291269834, 39.474595787894899 ], [ -0.448543474679797, 39.474661565945802 ], [ -0.449249558577936, 39.475379756199899 ], [ -0.449281087647796, 39.475508417865797 ], [ -0.449340584865687, 39.475751124223997 ], [ -0.449472083850234, 39.4759702436792 ], [ -0.449759480062462, 39.476057623337901 ], [ -0.449760548159344, 39.476057664941997 ], [ -0.450305082630065, 39.476078602178099 ], [ -0.451038591195525, 39.476364951792 ], [ -0.451264934307754, 39.476532111080303 ], [ -0.451381546411435, 39.476840960129401 ], [ -0.451381460173147, 39.476841399047203 ], [ -0.451265608942541, 39.4774690008324 ], [ -0.451165784554917, 39.477655995213397 ], [ -0.451194692340746, 39.477818805272797 ], [ -0.45135434991621, 39.477903377877503 ], [ -0.451621824190374, 39.477900241015199 ], [ -0.452142810224215, 39.477641411939899 ], [ -0.452669985650392, 39.477211554157599 ], [ -0.453067526994529, 39.4767615277486 ], [ -0.453239870578436, 39.476566414072302 ], [ -0.457994368611341, 39.476199027046597 ], [ -0.458509053861774, 39.476159234226998 ], [ -0.460855836066218, 39.475877227933999 ], [ -0.46086461260656, 39.475878163334301 ], [ -0.461373301602468, 39.475932300725702 ], [ -0.461388529843197, 39.475933921899802 ], [ -0.461417269644069, 39.475933166784898 ], [ -0.461508613935427, 39.475930796736499 ], [ -0.461767416772142, 39.475924083216697 ], [ -0.465779052980842, 39.475819943836001 ], [ -0.474396935556162, 39.475595784236504 ], [ -0.474397267932821, 39.4755957558069 ], [ -0.474398796865414, 39.475595585922598 ], [ -0.48328711905365, 39.474698594285499 ], [ -0.483952107722505, 39.474631923844299 ], [ -0.486524630269626, 39.474049406280002 ], [ -0.486530656168555, 39.474048631035501 ], [ -0.486536620982049, 39.474046971679201 ], [ -0.487513299003337, 39.473871135863 ], [ -0.488302534557438, 39.473555260320403 ], [ -0.488303862267448, 39.473554901125901 ], [ -0.492492203380729, 39.471105626723499 ], [ -0.492529578686432, 39.471083036885297 ], [ -0.493914161017008, 39.470273102154103 ], [ -0.493917024846121, 39.470272317159001 ], [ -0.495759888108777, 39.469194475230204 ], [ -0.513301359832049, 39.460345381298502 ], [ -0.513904625257738, 39.4593509868835 ], [ -0.514338083941889, 39.458637260096602 ], [ -0.514360699029184, 39.458622428004801 ], [ -0.520848104737323, 39.454650782248301 ], [ -0.523873545274287, 39.452629839282601 ], [ -0.526692460432488, 39.450747775116803 ], [ -0.528950993940039, 39.450957984978899 ], [ -0.530095143981441, 39.451135510850101 ], [ -0.530814457368767, 39.451168794906302 ], [ -0.531946862836151, 39.451021673208999 ], [ -0.532533987332826, 39.450984385330599 ], [ -0.533855046196385, 39.450994077017803 ], [ -0.535211973890915, 39.4510279340968 ], [ -0.535511061676566, 39.4510062172901 ], [ -0.543136168420678, 39.451061811275203 ], [ -0.543165368158998, 39.4510584241823 ], [ -0.545722703787922, 39.450863083747898 ], [ -0.546624732707442, 39.450656946041903 ], [ -0.550728194704477, 39.449248540209503 ], [ -0.550729666144889, 39.449248035219199 ], [ -0.550729734416868, 39.449248572811896 ], [ -0.550847985047589, 39.450183547782999 ], [ -0.5510187179522, 39.451533461819601 ], [ -0.551484880702581, 39.455218951225497 ], [ -0.55171133340929, 39.457710259729602 ], [ -0.551962514040833, 39.465463373202503 ], [ -0.551966863683446, 39.465670664747897 ], [ -0.552167118821501, 39.467294217955398 ], [ -0.55255505627697, 39.470438977235197 ], [ -0.552135804449015, 39.471133735722802 ], [ -0.545308510373356, 39.470047595317801 ], [ -0.544749644180575, 39.469958642274001 ], [ -0.529295693684212, 39.470776739840197 ], [ -0.528669707170071, 39.473223991992903 ], [ -0.528372504049898, 39.474385872695798 ], [ -0.526678251779631, 39.481008167810899 ], [ -0.526274857911404, 39.480909467071903 ], [ -0.527036720900481, 39.483681905218198 ], [ -0.526902651835905, 39.4845180118473 ], [ -0.524491073251725, 39.484314607039501 ], [ -0.520849941792087, 39.483414824180599 ], [ -0.514118789909684, 39.482750147316104 ], [ -0.50833655091978, 39.482859967199502 ], [ -0.502134337856455, 39.482698645049403 ], [ -0.49818847359794, 39.483165541287697 ], [ -0.492750866978594, 39.483388974845496 ], [ -0.484171331686103, 39.482736200204897 ], [ -0.478870879844364, 39.483989514754299 ], [ -0.467929301767404, 39.484680597156803 ], [ -0.462875334164883, 39.483965070996703 ], [ -0.462341239914395, 39.483996325947402 ], [ -0.462281448947386, 39.483999816822198 ], [ -0.46138228655197, 39.484052401093003 ], [ -0.450902082306632, 39.484664919224997 ], [ -0.449907562845458, 39.484722994043899 ], [ -0.449416933579997, 39.484751641099301 ], [ -0.449297605869224, 39.484758615839802 ], [ -0.449232874168178, 39.484762397868302 ], [ -0.449173838684328, 39.484765826999698 ], [ -0.448906918670707, 39.485445048213897 ], [ -0.448840368779503, 39.485614379299903 ], [ -0.448191959417545, 39.486260150949299 ], [ -0.448165565117861, 39.486286435302098 ], [ -0.448048434686288, 39.486403107009501 ], [ -0.446429053401705, 39.488015902670703 ], [ -0.446414892359561, 39.488030019963603 ], [ -0.449065076957948, 39.491241338098703 ], [ -0.44965487124763, 39.491631515845299 ], [ -0.449458620799068, 39.491905912313598 ], [ -0.447275669742903, 39.492480138263304 ], [ -0.444969751002425, 39.492888337972701 ], [ -0.440718465835489, 39.4914508863084 ], [ -0.440409975383786, 39.491346565667001 ], [ -0.439340581343672, 39.490487680995003 ], [ -0.439303526736533, 39.490457913919101 ], [ -0.435644704753989, 39.4890991107712 ], [ -0.43654086228478, 39.487181951244999 ], [ -0.436496195353937, 39.487172885091397 ] ] ] } },
{ "type": "Feature", "properties": { "OBJECTID": 7194, "Codigo": "46171", "Texto": "Moncada", "Cod_Prov": "46", "Cod_CCAA": "10", "FechaId": "01012017", "NUTS_0": "ES", "NUTS_1": "ES5", "NUTS_2": "ES52", "NUTS_3": "ES523", "PAD_2C02": 21623, "PAD_2C03": 880, "PAD_2C04": 1134, "PAD_2C05": 1201, "PAD_2C06": 1100, "PAD_2C07": 1285, "PAD_2C08": 1108, "PAD_2C09": 1190, "PAD_2C10": 1698, "PAD_2C11": 1980, "PAD_2C12": 1845, "PAD_2C13": 1668, "PAD_2C14": 1496, "PAD_2C15": 1209, "PAD_2C16": 1077, "PAD_2C17": 884, "PAD_2C18": 689, "PAD_2C19": 595, "PAD_2C20": 584, "PAD_2C21": 10602, "PAD_2C22": 459, "PAD_2C23": 600, "PAD_2C24": 631, "PAD_2C25": 547, "PAD_2C26": 625, "PAD_2C27": 585, "PAD_2C28": 607, "PAD_2C29": 860, "PAD_2C30": 1013, "PAD_2C31": 968, "PAD_2C32": 825, "PAD_2C33": 716, "PAD_2C34": 586, "PAD_2C35": 497, "PAD_2C36": 408, "PAD_2C37": 290, "PAD_2C38": 244, "PAD_2C39": 141, "PAD_2C40": 11021, "PAD_2C41": 421, "PAD_2C42": 534, "PAD_2C43": 570, "PAD_2C44": 553, "PAD_2C45": 660, "PAD_2C46": 523, "PAD_2C47": 583, "PAD_2C48": 838, "PAD_2C49": 967, "PAD_2C50": 877, "PAD_2C51": 843, "PAD_2C52": 780, "PAD_2C53": 623, "PAD_2C54": 580, "PAD_2C55": 476, "PAD_2C56": 399, "PAD_2C57": 351, "PAD_2C58": 443, "PAD_3C03": 19948, "PAD_3C04": 1675, "PAD_3C05": 946, "PAD_3C06": 21, "PAD_3C07": 39, "PAD_3C08": 252, "PAD_3C09": 33, "PAD_3C10": 10, "PAD_3C100": 15, "PAD_3C101": 5, "PAD_3C102": 0, "PAD_3C103": 27, "PAD_3C104": 1, "PAD_3C105": 3, "PAD_3C106": 5, "PAD_3C107": 5, "PAD_3C108": 14, "PAD_3C109": 58, "PAD_3C11": 7, "PAD_3C110": 47, "PAD_3C111": 2, "PAD_3C112": 1, "PAD_3C12": 22, "PAD_3C13": 502, "PAD_3C14": 216, "PAD_3C15": 8, "PAD_3C16": 160, "PAD_3C17": 192, "PAD_3C18": 59, "PAD_3C19": 99, "PAD_3C20": 3, "PAD_3C21": 12, "PAD_3C22": 214, "PAD_3C23": 13, "PAD_3C24": 3, "PAD_3C25": 5, "PAD_3C26": 19, "PAD_3C27": 10, "PAD_3C28": 2, "PAD_3C29": 49, "PAD_3C30": 1, "PAD_3C31": 8, "PAD_3C32": 8, "PAD_3C33": 5, "PAD_3C34": 22, "PAD_3C35": 105, "PAD_3C36": 80, "PAD_3C37": 5, "PAD_3C38": 2, "PAD_3C39": 10602, "PAD_3C40": 9838, "PAD_3C41": 764, "PAD_3C42": 419, "PAD_3C43": 9, "PAD_3C44": 21, "PAD_3C45": 66, "PAD_3C46": 13, "PAD_3C47": 6, "PAD_3C48": 2, "PAD_3C49": 10, "PAD_3C50": 268, "PAD_3C51": 106, "PAD_3C52": 0, "PAD_3C53": 85, "PAD_3C54": 105, "PAD_3C55": 38, "PAD_3C56": 44, "PAD_3C57": 3, "PAD_3C58": 8, "PAD_3C59": 86, "PAD_3C60": 6, "PAD_3C61": 1, "PAD_3C62": 1, "PAD_3C63": 4, "PAD_3C64": 5, "PAD_3C65": 2, "PAD_3C66": 22, "PAD_3C67": 0, "PAD_3C68": 5, "PAD_3C69": 3, "PAD_3C70": 0, "PAD_3C71": 8, "PAD_3C72": 47, "PAD_3C73": 33, "PAD_3C74": 3, "PAD_3C75": 1, "PAD_3C76": 11021, "PAD_3C77": 10110, "PAD_3C78": 911, "PAD_3C79": 527, "PAD_3C80": 12, "PAD_3C81": 18, "PAD_3C82": 186, "PAD_3C83": 20, "PAD_3C84": 4, "PAD_3C85": 5, "PAD_3C86": 12, "PAD_3C87": 234, "PAD_3C88": 110, "PAD_3C89": 8, "PAD_3C90": 75, "PAD_3C91": 87, "PAD_3C92": 21, "PAD_3C93": 55, "PAD_3C94": 0, "PAD_3C95": 4, "PAD_3C96": 128, "PAD_3C97": 7, "PAD_3C98": 2, "PAD_3C99": 4, "PAD_3_COD_PROV": "46", "PAD_3_COD_CCAA": "10", "Shape__Area": 26636972.489349399, "Shape__Length": 28998.242360807501 }, "geometry": { "type": "Polygon", "coordinates": [ [ [ -0.378091267756173, 39.5972875770413 ], [ -0.381466940761167, 39.591454594284698 ], [ -0.38477913611323, 39.586664536237699 ], [ -0.383488223812264, 39.584760520735202 ], [ -0.382758827734183, 39.5834293848621 ], [ -0.382583761356673, 39.5831270121069 ], [ -0.382046594867912, 39.580386938154803 ], [ -0.382688603733484, 39.577248384228902 ], [ -0.383355951378283, 39.5758930610099 ], [ -0.383356405027484, 39.575893513150199 ], [ -0.383618794837143, 39.575509100085 ], [ -0.383713712626687, 39.575370080932899 ], [ -0.383828516421678, 39.575102409978903 ], [ -0.383992042142743, 39.574476675982503 ], [ -0.384114074680844, 39.574009768775703 ], [ -0.384118499781912, 39.574008797305503 ], [ -0.384524885938371, 39.573919926769001 ], [ -0.384819212653005, 39.573954212846701 ], [ -0.385255298909367, 39.574005006286697 ], [ -0.385579580845446, 39.574042775903401 ], [ -0.385859383598575, 39.574031031020702 ], [ -0.38607474300986, 39.573856380183699 ], [ -0.38607552903572, 39.573855748692097 ], [ -0.386075660189763, 39.573855513267503 ], [ -0.386226280713427, 39.573561841339398 ], [ -0.386277022052276, 39.5722116767435 ], [ -0.386109718017119, 39.571397132994598 ], [ -0.385869630681032, 39.5706620343068 ], [ -0.385406544660476, 39.569981811829003 ], [ -0.384954041692292, 39.569317118944397 ], [ -0.378290382932145, 39.562671566810998 ], [ -0.377882940356933, 39.562365065304498 ], [ -0.377799588376685, 39.562328200708997 ], [ -0.37753951532214, 39.562213159997398 ], [ -0.377102926009204, 39.561752862273501 ], [ -0.375627788108123, 39.560440291143799 ], [ -0.375327385188922, 39.560073156328599 ], [ -0.375009182152335, 39.559561451042804 ], [ -0.373646631004108, 39.558038321231599 ], [ -0.373635587116026, 39.558025968320202 ], [ -0.373477896851039, 39.5577594181904 ], [ -0.373198149793463, 39.5572865543284 ], [ -0.373198014147868, 39.5572863209254 ], [ -0.373198162369889, 39.557286248203397 ], [ -0.373198695969165, 39.557285985019 ], [ -0.374336355682638, 39.556726501915897 ], [ -0.375723643738838, 39.555921584226397 ], [ -0.376204359196831, 39.555642653281197 ], [ -0.37668246594722, 39.555403810144902 ], [ -0.380379361226446, 39.553556796711099 ], [ -0.380974960429505, 39.553191861275202 ], [ -0.381214293180763, 39.553017079680401 ], [ -0.381487873303898, 39.552808602335503 ], [ -0.38148983791945, 39.552807115247703 ], [ -0.381491079391172, 39.552805831794601 ], [ -0.382180019840436, 39.552092929154 ], [ -0.382342173834067, 39.551790851233001 ], [ -0.382371148993545, 39.551736874743199 ], [ -0.382440194404586, 39.551608250970602 ], [ -0.38244280940037, 39.551603364344402 ], [ -0.382996984590741, 39.551256802277699 ], [ -0.38311018040136, 39.551186013339397 ], [ -0.383816759271266, 39.550681444734302 ], [ -0.384186404332573, 39.550417470088298 ], [ -0.385004183854845, 39.550021504158103 ], [ -0.386392063900798, 39.549629324163803 ], [ -0.386533244927494, 39.549587498842499 ], [ -0.387981487268977, 39.548827290159501 ], [ -0.388571215981638, 39.548408828022303 ], [ -0.388818276939292, 39.548233519023 ], [ -0.388809696231684, 39.5481522197122 ], [ -0.388673117274218, 39.547140196748501 ], [ -0.388630765301828, 39.546826484234103 ], [ -0.388418142158901, 39.545251632048902 ], [ -0.388369819983169, 39.544911601029 ], [ -0.388362899362196, 39.544862996037899 ], [ -0.388174051929915, 39.544624548045597 ], [ -0.387811498169463, 39.544364144877697 ], [ -0.3877963319125, 39.544341777653699 ], [ -0.387613019898999, 39.5440713822898 ], [ -0.387507016898839, 39.543837157891403 ], [ -0.387365894262654, 39.543525316049497 ], [ -0.38725522002302, 39.5430633488307 ], [ -0.387257716441187, 39.5426951189664 ], [ -0.387257783814836, 39.542685088838603 ], [ -0.38725811169991, 39.542684583141103 ], [ -0.38725816110725, 39.5426845083256 ], [ -0.38755227761613, 39.542233291004003 ], [ -0.387628158308186, 39.542116861269903 ], [ -0.387601833178778, 39.542026290050401 ], [ -0.387514828648565, 39.541726921967197 ], [ -0.387357671084557, 39.541263909193297 ], [ -0.387357562388408, 39.541263722150703 ], [ -0.387072959936721, 39.5407890811627 ], [ -0.38695721830056, 39.540462142888998 ], [ -0.38709698717562, 39.5396261328736 ], [ -0.387107275580577, 39.5395646449428 ], [ -0.387028247191759, 39.539194034858497 ], [ -0.387028127715811, 39.539193500731997 ], [ -0.38702737492761, 39.539192023744 ], [ -0.385943667131779, 39.5370880937039 ], [ -0.38577385589869, 39.536651837658603 ], [ -0.385734983999722, 39.536214053323903 ], [ -0.385692095733099, 39.535731136880898 ], [ -0.385563733665516, 39.535430944914999 ], [ -0.385265881063408, 39.535133082269297 ], [ -0.384890962891373, 39.534758155839398 ], [ -0.384665774114247, 39.5342485847831 ], [ -0.384458447438274, 39.533272400100103 ], [ -0.384458365691571, 39.533272086940798 ], [ -0.385843522045592, 39.5332469628339 ], [ -0.386118173858897, 39.532442379683303 ], [ -0.387454987375918, 39.531841839912502 ], [ -0.387755066901631, 39.533146394953398 ], [ -0.389420467979886, 39.532798179750202 ], [ -0.388976843061683, 39.5312736150292 ], [ -0.390140747056158, 39.530336945260999 ], [ -0.393687640750954, 39.530056263146697 ], [ -0.392753944421054, 39.527903620882 ], [ -0.392649353572498, 39.527662490665698 ], [ -0.393434632047784, 39.527460469005803 ], [ -0.393900114773529, 39.527340732968 ], [ -0.394199276221008, 39.527263734896202 ], [ -0.395070357280658, 39.527725710267099 ], [ -0.395159109034092, 39.527772770346402 ], [ -0.396366592099659, 39.528413102705201 ], [ -0.397299132297795, 39.530235755133603 ], [ -0.399902331413563, 39.5321774896967 ], [ -0.399268766711641, 39.533883394683997 ], [ -0.402938672108174, 39.536865224885901 ], [ -0.401428757727492, 39.538354479164497 ], [ -0.401037871102953, 39.540046115245403 ], [ -0.400980209143198, 39.540295634035999 ], [ -0.400955881866969, 39.5404009556635 ], [ -0.401053059817777, 39.540423831949802 ], [ -0.401029263445899, 39.540489387688503 ], [ -0.401282409591291, 39.540534241688597 ], [ -0.40170706927724, 39.5405986882189 ], [ -0.402063439933604, 39.540652762738802 ], [ -0.402609938121513, 39.540735632307403 ], [ -0.402793336373301, 39.540763445059 ], [ -0.403024079433814, 39.5407984382066 ], [ -0.404218713895863, 39.5410069509457 ], [ -0.404458119410653, 39.541072889918397 ], [ -0.405272108940738, 39.541377549964203 ], [ -0.405429842324852, 39.541535299197797 ], [ -0.405599560133177, 39.541753941127801 ], [ -0.405700608026214, 39.542097742975002 ], [ -0.405441261708755, 39.542223386888303 ], [ -0.406617776253218, 39.544903303699598 ], [ -0.412158943353449, 39.548519570011102 ], [ -0.416252223845047, 39.551190519036702 ], [ -0.42063766161989, 39.555637525911997 ], [ -0.426977399566691, 39.562292280719198 ], [ -0.426110322298272, 39.562471077137303 ], [ -0.42564080074701, 39.562577806969699 ], [ -0.424207147045756, 39.561690139055003 ], [ -0.422359896411242, 39.560658201032098 ], [ -0.42092331330382, 39.560166880772599 ], [ -0.418752332298812, 39.562217655282801 ], [ -0.415756281044688, 39.565169001821303 ], [ -0.414095059827428, 39.566960807226799 ], [ -0.413961800144937, 39.567101951881902 ], [ -0.413459460441414, 39.5677219210149 ], [ -0.412205052978664, 39.569270003937199 ], [ -0.409813867948057, 39.572216602771903 ], [ -0.408089926357652, 39.574894275983901 ], [ -0.407812815855458, 39.575324665059803 ], [ -0.406971999936052, 39.576630528313999 ], [ -0.406221160173791, 39.578658713175003 ], [ -0.405120923376733, 39.581625065804502 ], [ -0.40397050219636, 39.583437125104297 ], [ -0.403785933439754, 39.583703269138603 ], [ -0.402198878030656, 39.585982994797803 ], [ -0.400665496061501, 39.587759423106498 ], [ -0.400008659603839, 39.588510478189903 ], [ -0.397039782387047, 39.5916150470836 ], [ -0.395715027854429, 39.592521061758198 ], [ -0.395713904061993, 39.5925218287585 ], [ -0.395713216850814, 39.592521056912503 ], [ -0.379852482244345, 39.5993627592796 ], [ -0.377764216314042, 39.597612377874903 ], [ -0.378091267756173, 39.5972875770413 ] ] ] } },
{ "type": "Feature", "properties": { "OBJECTID": 7239, "Codigo": "46216", "Texto": "Rocafort", "Cod_Prov": "46", "Cod_CCAA": "10", "FechaId": "01012017", "NUTS_0": "ES", "NUTS_1": "ES5", "NUTS_2": "ES52", "NUTS_3": "ES523", "PAD_2C02": 7004, "PAD_2C03": 357, "PAD_2C04": 456, "PAD_2C05": 461, "PAD_2C06": 489, "PAD_2C07": 425, "PAD_2C08": 352, "PAD_2C09": 370, "PAD_2C10": 505, "PAD_2C11": 582, "PAD_2C12": 611, "PAD_2C13": 604, "PAD_2C14": 489, "PAD_2C15": 389, "PAD_2C16": 302, "PAD_2C17": 233, "PAD_2C18": 158, "PAD_2C19": 112, "PAD_2C20": 109, "PAD_2C21": 3441, "PAD_2C22": 187, "PAD_2C23": 237, "PAD_2C24": 240, "PAD_2C25": 260, "PAD_2C26": 199, "PAD_2C27": 189, "PAD_2C28": 184, "PAD_2C29": 234, "PAD_2C30": 297, "PAD_2C31": 287, "PAD_2C32": 300, "PAD_2C33": 221, "PAD_2C34": 200, "PAD_2C35": 147, "PAD_2C36": 105, "PAD_2C37": 64, "PAD_2C38": 48, "PAD_2C39": 42, "PAD_2C40": 3563, "PAD_2C41": 170, "PAD_2C42": 219, "PAD_2C43": 221, "PAD_2C44": 229, "PAD_2C45": 226, "PAD_2C46": 163, "PAD_2C47": 186, "PAD_2C48": 271, "PAD_2C49": 285, "PAD_2C50": 324, "PAD_2C51": 304, "PAD_2C52": 268, "PAD_2C53": 189, "PAD_2C54": 155, "PAD_2C55": 128, "PAD_2C56": 94, "PAD_2C57": 64, "PAD_2C58": 67, "PAD_3C03": 6588, "PAD_3C04": 416, "PAD_3C05": 270, "PAD_3C06": 32, "PAD_3C07": 8, "PAD_3C08": 44, "PAD_3C09": 36, "PAD_3C10": 9, "PAD_3C100": 9, "PAD_3C101": 1, "PAD_3C102": 1, "PAD_3C103": 2, "PAD_3C104": 6, "PAD_3C105": 0, "PAD_3C106": 1, "PAD_3C107": 0, "PAD_3C108": 7, "PAD_3C109": 9, "PAD_3C11": 15, "PAD_3C110": 5, "PAD_3C111": 0, "PAD_3C112": 0, "PAD_3C12": 60, "PAD_3C13": 36, "PAD_3C14": 31, "PAD_3C15": 15, "PAD_3C16": 4, "PAD_3C17": 15, "PAD_3C18": 8, "PAD_3C19": 3, "PAD_3C20": 0, "PAD_3C21": 2, "PAD_3C22": 77, "PAD_3C23": 3, "PAD_3C24": 11, "PAD_3C25": 3, "PAD_3C26": 12, "PAD_3C27": 3, "PAD_3C28": 1, "PAD_3C29": 4, "PAD_3C30": 7, "PAD_3C31": 0, "PAD_3C32": 1, "PAD_3C33": 0, "PAD_3C34": 11, "PAD_3C35": 22, "PAD_3C36": 13, "PAD_3C37": 3, "PAD_3C38": 1, "PAD_3C39": 3441, "PAD_3C40": 3264, "PAD_3C41": 177, "PAD_3C42": 121, "PAD_3C43": 19, "PAD_3C44": 3, "PAD_3C45": 17, "PAD_3C46": 20, "PAD_3C47": 1, "PAD_3C48": 6, "PAD_3C49": 25, "PAD_3C50": 13, "PAD_3C51": 10, "PAD_3C52": 4, "PAD_3C53": 2, "PAD_3C54": 7, "PAD_3C55": 3, "PAD_3C56": 0, "PAD_3C57": 0, "PAD_3C58": 2, "PAD_3C59": 25, "PAD_3C60": 0, "PAD_3C61": 6, "PAD_3C62": 0, "PAD_3C63": 3, "PAD_3C64": 2, "PAD_3C65": 0, "PAD_3C66": 2, "PAD_3C67": 1, "PAD_3C68": 0, "PAD_3C69": 0, "PAD_3C70": 0, "PAD_3C71": 4, "PAD_3C72": 13, "PAD_3C73": 8, "PAD_3C74": 3, "PAD_3C75": 1, "PAD_3C76": 3563, "PAD_3C77": 3324, "PAD_3C78": 239, "PAD_3C79": 149, "PAD_3C80": 13, "PAD_3C81": 5, "PAD_3C82": 27, "PAD_3C83": 16, "PAD_3C84": 8, "PAD_3C85": 9, "PAD_3C86": 35, "PAD_3C87": 23, "PAD_3C88": 21, "PAD_3C89": 11, "PAD_3C90": 2, "PAD_3C91": 8, "PAD_3C92": 5, "PAD_3C93": 3, "PAD_3C94": 0, "PAD_3C95": 0, "PAD_3C96": 52, "PAD_3C97": 3, "PAD_3C98": 5, "PAD_3C99": 3, "PAD_3_COD_PROV": "46", "PAD_3_COD_CCAA": "10", "Shape__Area": 3949038.3923797598, "Shape__Length": 12931.874555745 }, "geometry": { "type": "Polygon", "coordinates": [ [ [ -0.412812194634795, 39.541688257732801 ], [ -0.411427342809657, 39.540117694213002 ], [ -0.410746506062542, 39.535888100837298 ], [ -0.408186177247089, 39.533100216334297 ], [ -0.407591382036233, 39.530907536284801 ], [ -0.407551551634862, 39.530760667747799 ], [ -0.405488914639617, 39.529625103288403 ], [ -0.401759724925937, 39.528849185340697 ], [ -0.399921653276999, 39.5266528137061 ], [ -0.399822169350875, 39.526533909831301 ], [ -0.399316064807983, 39.526259208009002 ], [ -0.398016601443846, 39.525553872897802 ], [ -0.397382364802129, 39.525209612859499 ], [ -0.396661815332963, 39.523625364692599 ], [ -0.39594265376088, 39.522953292040803 ], [ -0.396465927803796, 39.5226412600584 ], [ -0.398241768661408, 39.522759887880902 ], [ -0.399443549221534, 39.521094805799599 ], [ -0.404191486857936, 39.521344608907498 ], [ -0.408559023005787, 39.525569269295097 ], [ -0.410121128606167, 39.5265233251287 ], [ -0.41171397904714, 39.527496107702198 ], [ -0.413257349383955, 39.528438597172801 ], [ -0.413256663071072, 39.528509062183502 ], [ -0.413591198377822, 39.5296483267879 ], [ -0.413702308300381, 39.530149191164199 ], [ -0.414062584831591, 39.531318858823298 ], [ -0.414169868829346, 39.531728940809799 ], [ -0.414223782119447, 39.531935100876403 ], [ -0.414305669845793, 39.532418415781002 ], [ -0.414574975784805, 39.533225289014702 ], [ -0.414949459172244, 39.534435305886497 ], [ -0.415089036706155, 39.535016876180897 ], [ -0.415382327663269, 39.535863710664103 ], [ -0.420972728729287, 39.539130707235998 ], [ -0.42110261433958, 39.539206616273702 ], [ -0.422794910977466, 39.5401955148849 ], [ -0.422934769684069, 39.540528780679097 ], [ -0.423016685258191, 39.540517995132099 ], [ -0.423267336782011, 39.541146672162803 ], [ -0.423919008825093, 39.542617919711397 ], [ -0.424756059905163, 39.544573453919803 ], [ -0.425500848615643, 39.546258120863698 ], [ -0.426119991763962, 39.547663362728997 ], [ -0.426245646309293, 39.547948541900801 ], [ -0.42659414862208, 39.548916992201697 ], [ -0.42697139163407, 39.549948919267699 ], [ -0.427322138836771, 39.5507565702123 ], [ -0.427400054212918, 39.550860751785301 ], [ -0.427400443183428, 39.550861269890902 ], [ -0.427590479086836, 39.551115369785798 ], [ -0.428472853766261, 39.551939749049403 ], [ -0.428995328308527, 39.552616974842103 ], [ -0.429304343376401, 39.553240357922697 ], [ -0.429471872888663, 39.553794429956604 ], [ -0.428603001684607, 39.553598539987298 ], [ -0.426712180063875, 39.552484032022598 ], [ -0.422980850563177, 39.549222929037697 ], [ -0.415675008664321, 39.545727354310003 ], [ -0.413883616172491, 39.542903209674002 ], [ -0.412812194634795, 39.541688257732801 ] ] ] } },
{ "type": "Feature", "properties": { "OBJECTID": 7213, "Codigo": "46190", "Texto": "Paterna", "Cod_Prov": "46", "Cod_CCAA": "10", "FechaId": "01012017", "NUTS_0": "ES", "NUTS_1": "ES5", "NUTS_2": "ES52", "NUTS_3": "ES523", "PAD_2C02": 68547, "PAD_2C03": 4195, "PAD_2C04": 4947, "PAD_2C05": 4138, "PAD_2C06": 3369, "PAD_2C07": 3115, "PAD_2C08": 3318, "PAD_2C09": 4562, "PAD_2C10": 7055, "PAD_2C11": 7152, "PAD_2C12": 5489, "PAD_2C13": 4780, "PAD_2C14": 4150, "PAD_2C15": 3436, "PAD_2C16": 2937, "PAD_2C17": 2134, "PAD_2C18": 1496, "PAD_2C19": 1202, "PAD_2C20": 1072, "PAD_2C21": 33963, "PAD_2C22": 2186, "PAD_2C23": 2550, "PAD_2C24": 2127, "PAD_2C25": 1746, "PAD_2C26": 1553, "PAD_2C27": 1650, "PAD_2C28": 2200, "PAD_2C29": 3546, "PAD_2C30": 3679, "PAD_2C31": 2794, "PAD_2C32": 2367, "PAD_2C33": 2016, "PAD_2C34": 1693, "PAD_2C35": 1385, "PAD_2C36": 996, "PAD_2C37": 662, "PAD_2C38": 482, "PAD_2C39": 331, "PAD_2C40": 34584, "PAD_2C41": 2009, "PAD_2C42": 2397, "PAD_2C43": 2011, "PAD_2C44": 1623, "PAD_2C45": 1562, "PAD_2C46": 1668, "PAD_2C47": 2362, "PAD_2C48": 3509, "PAD_2C49": 3473, "PAD_2C50": 2695, "PAD_2C51": 2413, "PAD_2C52": 2134, "PAD_2C53": 1743, "PAD_2C54": 1552, "PAD_2C55": 1138, "PAD_2C56": 834, "PAD_2C57": 720, "PAD_2C58": 741, "PAD_3C03": 63369, "PAD_3C04": 5178, "PAD_3C05": 2390, "PAD_3C06": 89, "PAD_3C07": 137, "PAD_3C08": 380, "PAD_3C09": 393, "PAD_3C10": 52, "PAD_3C100": 130, "PAD_3C101": 40, "PAD_3C102": 12, "PAD_3C103": 38, "PAD_3C104": 34, "PAD_3C105": 12, "PAD_3C106": 5, "PAD_3C107": 19, "PAD_3C108": 106, "PAD_3C109": 224, "PAD_3C11": 71, "PAD_3C110": 150, "PAD_3C111": 9, "PAD_3C112": 11, "PAD_3C12": 84, "PAD_3C13": 973, "PAD_3C14": 397, "PAD_3C15": 114, "PAD_3C16": 202, "PAD_3C17": 780, "PAD_3C18": 85, "PAD_3C19": 358, "PAD_3C20": 51, "PAD_3C21": 26, "PAD_3C22": 1037, "PAD_3C23": 109, "PAD_3C24": 73, "PAD_3C25": 75, "PAD_3C26": 230, "PAD_3C27": 62, "PAD_3C28": 18, "PAD_3C29": 84, "PAD_3C30": 44, "PAD_3C31": 16, "PAD_3C32": 8, "PAD_3C33": 41, "PAD_3C34": 171, "PAD_3C35": 558, "PAD_3C36": 329, "PAD_3C37": 40, "PAD_3C38": 16, "PAD_3C39": 33963, "PAD_3C40": 31436, "PAD_3C41": 2527, "PAD_3C42": 1154, "PAD_3C43": 43, "PAD_3C44": 57, "PAD_3C45": 173, "PAD_3C46": 230, "PAD_3C47": 23, "PAD_3C48": 35, "PAD_3C49": 48, "PAD_3C50": 441, "PAD_3C51": 173, "PAD_3C52": 42, "PAD_3C53": 88, "PAD_3C54": 452, "PAD_3C55": 48, "PAD_3C56": 195, "PAD_3C57": 32, "PAD_3C58": 17, "PAD_3C59": 409, "PAD_3C60": 50, "PAD_3C61": 28, "PAD_3C62": 19, "PAD_3C63": 100, "PAD_3C64": 22, "PAD_3C65": 6, "PAD_3C66": 46, "PAD_3C67": 10, "PAD_3C68": 4, "PAD_3C69": 3, "PAD_3C70": 22, "PAD_3C71": 65, "PAD_3C72": 334, "PAD_3C73": 179, "PAD_3C74": 31, "PAD_3C75": 5, "PAD_3C76": 34584, "PAD_3C77": 31933, "PAD_3C78": 2651, "PAD_3C79": 1236, "PAD_3C80": 46, "PAD_3C81": 80, "PAD_3C82": 207, "PAD_3C83": 163, "PAD_3C84": 29, "PAD_3C85": 36, "PAD_3C86": 36, "PAD_3C87": 532, "PAD_3C88": 224, "PAD_3C89": 72, "PAD_3C90": 114, "PAD_3C91": 328, "PAD_3C92": 37, "PAD_3C93": 163, "PAD_3C94": 19, "PAD_3C95": 9, "PAD_3C96": 628, "PAD_3C97": 59, "PAD_3C98": 45, "PAD_3C99": 56, "PAD_3_COD_PROV": "46", "PAD_3_COD_CCAA": "10", "Shape__Area": 61552097.786056504, "Shape__Length": 43019.207837076799 }, "geometry": { "type": "Polygon", "coordinates": [ [ [ -0.462270765283706, 39.552618364272199 ], [ -0.450003138201811, 39.545683181133001 ], [ -0.450003013335981, 39.545683249710898 ], [ -0.450002745638013, 39.545683402106299 ], [ -0.4500026980273, 39.545683427736499 ], [ -0.450002424939482, 39.545683111169602 ], [ -0.444605096980826, 39.539636177298803 ], [ -0.444600051143863, 39.539630845073297 ], [ -0.441947463552107, 39.536820468277099 ], [ -0.441817699214389, 39.536682960148497 ], [ -0.440991798921956, 39.535807876152703 ], [ -0.439410692156671, 39.534132544876897 ], [ -0.438477417136643, 39.533143595914098 ], [ -0.432549600765048, 39.526861402195699 ], [ -0.432544875626649, 39.5268564112787 ], [ -0.43253656441367, 39.526852461088403 ], [ -0.431358081660399, 39.526293333335801 ], [ -0.427561944101836, 39.524124709976398 ], [ -0.427218281911809, 39.523924296693302 ], [ -0.42696450335246, 39.523776295697203 ], [ -0.4269644395721, 39.523776258972198 ], [ -0.425833402238895, 39.5231167180632 ], [ -0.424504266622599, 39.521378690221702 ], [ -0.424224276121577, 39.520795052248502 ], [ -0.423982063371524, 39.5202902536845 ], [ -0.42398105456345, 39.520289677834903 ], [ -0.421188642401082, 39.518742454678303 ], [ -0.418937111261172, 39.517494763790701 ], [ -0.419676897253849, 39.517003821882902 ], [ -0.421103002411793, 39.5160703657331 ], [ -0.421194301787396, 39.5160106060777 ], [ -0.421361083003042, 39.515901431770502 ], [ -0.421574981753647, 39.515750422668098 ], [ -0.422221015970012, 39.515294319200798 ], [ -0.425496836739605, 39.5129815170719 ], [ -0.428104923588814, 39.511061753994902 ], [ -0.427929626344284, 39.510928425249503 ], [ -0.427805768429515, 39.510834224707402 ], [ -0.427704381871605, 39.510757148039403 ], [ -0.427598144411169, 39.510676068196403 ], [ -0.427378298813379, 39.510508229314802 ], [ -0.427161836270924, 39.510342997315803 ], [ -0.426920528124382, 39.510157872001301 ], [ -0.426670908764794, 39.509960370172003 ], [ -0.426270406573457, 39.509648751105601 ], [ -0.426066376714564, 39.509493881887401 ], [ -0.425825468318297, 39.509311051835198 ], [ -0.425786174211127, 39.509281177077 ], [ -0.425451993738931, 39.5090274833425 ], [ -0.425260277985917, 39.5088811507134 ], [ -0.4252417448433, 39.508866993298 ], [ -0.42506029773234, 39.508727731083702 ], [ -0.424932234803724, 39.508630132871303 ], [ -0.425498992696273, 39.508577712735097 ], [ -0.42512147929139, 39.5082991438967 ], [ -0.425112230237208, 39.508292299737498 ], [ -0.423834215947134, 39.507349154976602 ], [ -0.423683228012491, 39.507237742239298 ], [ -0.423606976316235, 39.507181473707199 ], [ -0.423606677177235, 39.507181229046303 ], [ -0.424348788009867, 39.507053570662698 ], [ -0.424342752229469, 39.507217113799399 ], [ -0.424413066960008, 39.507246308137702 ], [ -0.425169355004465, 39.507339507872103 ], [ -0.425834741626967, 39.507421505098797 ], [ -0.426299104153532, 39.507403068951902 ], [ -0.426293836432719, 39.5070437647991 ], [ -0.427098646977229, 39.507013679059199 ], [ -0.427096650920645, 39.506898690808598 ], [ -0.427282389283739, 39.506893263887399 ], [ -0.427270713879996, 39.506706215745602 ], [ -0.42734522104799, 39.506698252773496 ], [ -0.42785446520277, 39.5066884128982 ], [ -0.42838458710306, 39.5066781682536 ], [ -0.428970199735086, 39.506557033065903 ], [ -0.429331497650797, 39.506483629228597 ], [ -0.429941255201042, 39.506386045191697 ], [ -0.432431829834678, 39.506081673799301 ], [ -0.431988201323186, 39.505918290176403 ], [ -0.431722307185617, 39.505646142005901 ], [ -0.431566635435075, 39.505615210071298 ], [ -0.431490906558329, 39.505427502809098 ], [ -0.430838917409938, 39.504330726944303 ], [ -0.43074244283999, 39.504151565164399 ], [ -0.430549216120692, 39.5022522809167 ], [ -0.4303319091619, 39.500115967285097 ], [ -0.430160447723609, 39.499715240051302 ], [ -0.429158502788327, 39.498137250739802 ], [ -0.429114703630013, 39.498068238324898 ], [ -0.429002640594967, 39.497891740247297 ], [ -0.42862166508297, 39.497291766818797 ], [ -0.428257445845966, 39.496718103974203 ], [ -0.428169311235104, 39.496579292253003 ], [ -0.428018746406961, 39.496342121676697 ], [ -0.427408881058898, 39.495381546226 ], [ -0.42476549311395, 39.491217629655097 ], [ -0.42576364626045, 39.490310704733297 ], [ -0.424935533417466, 39.489121221948402 ], [ -0.426071205159197, 39.487958378987997 ], [ -0.427810736113064, 39.488078505975999 ], [ -0.431165196300932, 39.486350973773398 ], [ -0.432047499115089, 39.487648639209603 ], [ -0.434740435436174, 39.486815649137299 ], [ -0.436496195353937, 39.487172885091397 ], [ -0.43654086228478, 39.487181951244999 ], [ -0.435644704753989, 39.4890991107712 ], [ -0.439303526736533, 39.490457913919101 ], [ -0.439340581343672, 39.490487680995003 ], [ -0.440409975383786, 39.491346565667001 ], [ -0.440718465835489, 39.4914508863084 ], [ -0.444969751002425, 39.492888337972701 ], [ -0.447275669742903, 39.492480138263304 ], [ -0.449458620799068, 39.491905912313598 ], [ -0.44965487124763, 39.491631515845299 ], [ -0.452074086410035, 39.492892330995097 ], [ -0.452265441040283, 39.493198627711301 ], [ -0.455328356595961, 39.498100679207901 ], [ -0.455435857986013, 39.498272736247998 ], [ -0.460826253645602, 39.498731351918799 ], [ -0.463214461659361, 39.499884297936298 ], [ -0.463717738305724, 39.500109240850399 ], [ -0.467257274798291, 39.501582832978201 ], [ -0.469180188732563, 39.5008421057859 ], [ -0.471493587744404, 39.500532099007501 ], [ -0.474453524927483, 39.501632544724998 ], [ -0.474147694387318, 39.503354455786102 ], [ -0.472147442693633, 39.5055997801404 ], [ -0.472352660125322, 39.507307473293203 ], [ -0.47419890464672, 39.509312688864803 ], [ -0.476471373719277, 39.509837869132497 ], [ -0.478791252279249, 39.509682730040197 ], [ -0.479714220029714, 39.510215156228703 ], [ -0.483151077288715, 39.511334120750099 ], [ -0.484548466900275, 39.511366655933003 ], [ -0.48838038974648, 39.511455756999901 ], [ -0.490931170368784, 39.510691619670901 ], [ -0.49496165772374, 39.509230248225798 ], [ -0.498685966890489, 39.5098143971288 ], [ -0.500295994916326, 39.511614220834801 ], [ -0.500962920352923, 39.512000047657402 ], [ -0.503882049767589, 39.513688620258201 ], [ -0.505229521795471, 39.514468009827802 ], [ -0.50560115393019, 39.515458533869698 ], [ -0.504194889861937, 39.518364615156798 ], [ -0.504873523041639, 39.5208313291119 ], [ -0.507892757118289, 39.521965923129599 ], [ -0.511950802091204, 39.524296667242901 ], [ -0.513949034372114, 39.525015132653799 ], [ -0.514921270224356, 39.524966341887399 ], [ -0.515207285725977, 39.524951997198798 ], [ -0.516082644563005, 39.525078487011598 ], [ -0.5160987603392, 39.525080826975298 ], [ -0.5184994181045, 39.5265988869536 ], [ -0.516729120750475, 39.539697092248801 ], [ -0.51465258861446, 39.542594309846798 ], [ -0.514617652234743, 39.542643066057998 ], [ -0.514598695985592, 39.542669502270599 ], [ -0.51403968606241, 39.5434450288409 ], [ -0.51402263693663, 39.5434687402471 ], [ -0.514021930860812, 39.543469757172502 ], [ -0.513614800899323, 39.544034604260403 ], [ -0.509946598708587, 39.549123322182098 ], [ -0.506537620664438, 39.553851624165603 ], [ -0.506712607990203, 39.552632895797302 ], [ -0.50683436833875, 39.5522824490047 ], [ -0.506041507184164, 39.551720377993597 ], [ -0.505488321038931, 39.5513644442699 ], [ -0.505167311665411, 39.551157899998202 ], [ -0.504867878926709, 39.550788097814603 ], [ -0.504334054170783, 39.550198475875497 ], [ -0.503805383948004, 39.549833357227101 ], [ -0.503324839169892, 39.549579283114298 ], [ -0.502648121198403, 39.550052721781597 ], [ -0.502283247089548, 39.549930544973599 ], [ -0.501808761448059, 39.549777407195897 ], [ -0.500708547108862, 39.549567928908502 ], [ -0.500383669589741, 39.549360848010998 ], [ -0.49966932388593, 39.548688042265098 ], [ -0.499004222927672, 39.548187752196199 ], [ -0.498197700194228, 39.548027448923399 ], [ -0.497556132401465, 39.547899294147904 ], [ -0.495009441808645, 39.547358444197101 ], [ -0.492880406737505, 39.547012368670799 ], [ -0.491282717970398, 39.546777800924303 ], [ -0.490689825391294, 39.5468364313327 ], [ -0.490090797318814, 39.547066479062401 ], [ -0.489783297708843, 39.547402855285398 ], [ -0.489130826165178, 39.548089081053803 ], [ -0.488851471671367, 39.548669056696397 ], [ -0.488746852975067, 39.549009779294103 ], [ -0.488720102044235, 39.549079566077701 ], [ -0.487777598631292, 39.548307971095703 ], [ -0.486968537258851, 39.547502558123803 ], [ -0.48420111532937, 39.550362560210203 ], [ -0.483647038055382, 39.549956602293697 ], [ -0.483325322606044, 39.550575326914299 ], [ -0.482835023920615, 39.550889136074801 ], [ -0.482003128271954, 39.551543148337302 ], [ -0.481168575406711, 39.552054887840001 ], [ -0.480868327896041, 39.552099748217699 ], [ -0.47877860400005, 39.551484061987502 ], [ -0.478786989773221, 39.551558897762298 ], [ -0.47879170772511, 39.551601030815803 ], [ -0.478768814160082, 39.551617839977702 ], [ -0.478620369356022, 39.551726724016703 ], [ -0.478227906188177, 39.551788054330899 ], [ -0.47785882257389, 39.551734338966497 ], [ -0.477365358225389, 39.551547649162899 ], [ -0.476496107033994, 39.551249670052997 ], [ -0.475773845375861, 39.5510330757389 ], [ -0.475095522114958, 39.550856895776697 ], [ -0.474512555021417, 39.550750309297101 ], [ -0.473943241421893, 39.550758853898103 ], [ -0.473684791623104, 39.550728787093902 ], [ -0.47351488876181, 39.550716349069397 ], [ -0.473190350805859, 39.550639858321198 ], [ -0.472886693290373, 39.550695836748602 ], [ -0.472642259904929, 39.550740648133903 ], [ -0.472522272830752, 39.550901114838602 ], [ -0.472356109656009, 39.551239785233101 ], [ -0.472307466781713, 39.551653912336803 ], [ -0.47230566925282, 39.551690916286397 ], [ -0.472294080087333, 39.551929907271699 ], [ -0.4722705379387, 39.552414703727202 ], [ -0.472269776167328, 39.552430574858803 ], [ -0.472253517558994, 39.552471274313703 ], [ -0.472171094436745, 39.552677520997499 ], [ -0.471990348909986, 39.552998841262401 ], [ -0.472065475915509, 39.5532454937807 ], [ -0.472090453572004, 39.553327404949499 ], [ -0.472432358657341, 39.553858603745397 ], [ -0.472819494815565, 39.554309478122903 ], [ -0.473352738361468, 39.554933740852199 ], [ -0.473836084086596, 39.555379351335603 ], [ -0.474059675659149, 39.555663698139099 ], [ -0.474080956748221, 39.555690765203998 ], [ -0.474317715826195, 39.555991857883903 ], [ -0.4743540383064, 39.556064178803901 ], [ -0.474564011419223, 39.556482310110198 ], [ -0.474635823641324, 39.5566841143293 ], [ -0.474690037867052, 39.557162032677397 ], [ -0.474730582429082, 39.557530557689297 ], [ -0.474682714800847, 39.557869812120799 ], [ -0.474754374309375, 39.558088883234902 ], [ -0.474765395739596, 39.558096577133398 ], [ -0.475443099163002, 39.558570536671802 ], [ -0.475459040666027, 39.558581676090398 ], [ -0.476583830216418, 39.5592090210991 ], [ -0.4769064709305, 39.559380056913298 ], [ -0.477334018700084, 39.559606708255302 ], [ -0.478348717017458, 39.560144614216398 ], [ -0.4793558838595, 39.560707995850798 ], [ -0.479590319894147, 39.560916367041401 ], [ -0.479912887844698, 39.561188502240803 ], [ -0.480249866569019, 39.561419487186697 ], [ -0.480302013771259, 39.561455231721197 ], [ -0.480406491432048, 39.5615519786544 ], [ -0.480726836052283, 39.561848711253198 ], [ -0.481017659337303, 39.562148604036601 ], [ -0.481063387178519, 39.562195775823199 ], [ -0.481272486230565, 39.562396661040303 ], [ -0.481334337932816, 39.5624561009856 ], [ -0.481575702673242, 39.562710546230001 ], [ -0.481744134992387, 39.562872575998703 ], [ -0.481809322139294, 39.563005223973001 ], [ -0.481799773946145, 39.563212363173697 ], [ -0.481665470421294, 39.563332517948197 ], [ -0.481508754828391, 39.563469856925202 ], [ -0.48132939719878, 39.563653094252899 ], [ -0.481357710299898, 39.563779832797998 ], [ -0.481451628264539, 39.563993237715799 ], [ -0.48146245925191, 39.564010739168403 ], [ -0.481647999087312, 39.564310765954303 ], [ -0.481849239677283, 39.564659079276197 ], [ -0.481851419888472, 39.564662856263197 ], [ -0.481952709428329, 39.564882063814203 ], [ -0.481915455395167, 39.565036846207498 ], [ -0.481860015867431, 39.565267179841001 ], [ -0.481857464652008, 39.565277845199198 ], [ -0.480374262574616, 39.5643096890851 ], [ -0.479666532064531, 39.5638995683045 ], [ -0.478823863819011, 39.563411217027699 ], [ -0.478452694316663, 39.563116534777002 ], [ -0.478450491647581, 39.5631147889031 ], [ -0.476820618938797, 39.5615208493113 ], [ -0.476155048161623, 39.560938818261697 ], [ -0.475563105101784, 39.560602207096601 ], [ -0.475562027123467, 39.560601612189799 ], [ -0.4746444142304, 39.5602302958522 ], [ -0.473112389615626, 39.559791581933801 ], [ -0.469781934208763, 39.559156876693201 ], [ -0.468789559026193, 39.558967741302098 ], [ -0.468572515273784, 39.558854913333498 ], [ -0.46685707623754, 39.557157334827401 ], [ -0.465779294627661, 39.556090774050197 ], [ -0.465077378014091, 39.555396117332897 ], [ -0.462270765283706, 39.552618364272199 ] ] ] } },
{ "type": "Feature", "properties": { "OBJECTID": 7182, "Codigo": "46159", "Texto": "Manises", "Cod_Prov": "46", "Cod_CCAA": "10", "FechaId": "01012017", "NUTS_0": "ES", "NUTS_1": "ES5", "NUTS_2": "ES52", "NUTS_3": "ES523", "PAD_2C02": 30630, "PAD_2C03": 1467, "PAD_2C04": 1728, "PAD_2C05": 1828, "PAD_2C06": 1511, "PAD_2C07": 1420, "PAD_2C08": 1635, "PAD_2C09": 2042, "PAD_2C10": 2644, "PAD_2C11": 2774, "PAD_2C12": 2682, "PAD_2C13": 2162, "PAD_2C14": 2146, "PAD_2C15": 1613, "PAD_2C16": 1447, "PAD_2C17": 1232, "PAD_2C18": 914, "PAD_2C19": 743, "PAD_2C20": 642, "PAD_2C21": 15110, "PAD_2C22": 777, "PAD_2C23": 907, "PAD_2C24": 938, "PAD_2C25": 792, "PAD_2C26": 730, "PAD_2C27": 807, "PAD_2C28": 985, "PAD_2C29": 1364, "PAD_2C30": 1390, "PAD_2C31": 1401, "PAD_2C32": 1072, "PAD_2C33": 1052, "PAD_2C34": 779, "PAD_2C35": 670, "PAD_2C36": 573, "PAD_2C37": 402, "PAD_2C38": 280, "PAD_2C39": 191, "PAD_2C40": 15520, "PAD_2C41": 690, "PAD_2C42": 821, "PAD_2C43": 890, "PAD_2C44": 719, "PAD_2C45": 690, "PAD_2C46": 828, "PAD_2C47": 1057, "PAD_2C48": 1280, "PAD_2C49": 1384, "PAD_2C50": 1281, "PAD_2C51": 1090, "PAD_2C52": 1094, "PAD_2C53": 834, "PAD_2C54": 777, "PAD_2C55": 659, "PAD_2C56": 512, "PAD_2C57": 463, "PAD_2C58": 451, "PAD_3C03": 28231, "PAD_3C04": 2399, "PAD_3C05": 654, "PAD_3C06": 13, "PAD_3C07": 43, "PAD_3C08": 30, "PAD_3C09": 111, "PAD_3C10": 20, "PAD_3C100": 57, "PAD_3C101": 10, "PAD_3C102": 8, "PAD_3C103": 17, "PAD_3C104": 2, "PAD_3C105": 5, "PAD_3C106": 5, "PAD_3C107": 18, "PAD_3C108": 18, "PAD_3C109": 346, "PAD_3C11": 23, "PAD_3C110": 308, "PAD_3C111": 14, "PAD_3C112": 0, "PAD_3C12": 13, "PAD_3C13": 364, "PAD_3C14": 133, "PAD_3C15": 23, "PAD_3C16": 30, "PAD_3C17": 507, "PAD_3C18": 89, "PAD_3C19": 337, "PAD_3C20": 16, "PAD_3C21": 30, "PAD_3C22": 349, "PAD_3C23": 26, "PAD_3C24": 21, "PAD_3C25": 29, "PAD_3C26": 91, "PAD_3C27": 23, "PAD_3C28": 15, "PAD_3C29": 42, "PAD_3C30": 4, "PAD_3C31": 8, "PAD_3C32": 7, "PAD_3C33": 27, "PAD_3C34": 27, "PAD_3C35": 755, "PAD_3C36": 639, "PAD_3C37": 49, "PAD_3C38": 1, "PAD_3C39": 15110, "PAD_3C40": 13892, "PAD_3C41": 1218, "PAD_3C42": 331, "PAD_3C43": 5, "PAD_3C44": 23, "PAD_3C45": 14, "PAD_3C46": 69, "PAD_3C47": 9, "PAD_3C48": 11, "PAD_3C49": 7, "PAD_3C50": 172, "PAD_3C51": 57, "PAD_3C52": 9, "PAD_3C53": 14, "PAD_3C54": 278, "PAD_3C55": 51, "PAD_3C56": 173, "PAD_3C57": 6, "PAD_3C58": 26, "PAD_3C59": 142, "PAD_3C60": 14, "PAD_3C61": 5, "PAD_3C62": 11, "PAD_3C63": 34, "PAD_3C64": 13, "PAD_3C65": 7, "PAD_3C66": 25, "PAD_3C67": 2, "PAD_3C68": 3, "PAD_3C69": 2, "PAD_3C70": 9, "PAD_3C71": 9, "PAD_3C72": 409, "PAD_3C73": 331, "PAD_3C74": 35, "PAD_3C75": 1, "PAD_3C76": 15520, "PAD_3C77": 14339, "PAD_3C78": 1181, "PAD_3C79": 323, "PAD_3C80": 8, "PAD_3C81": 20, "PAD_3C82": 16, "PAD_3C83": 42, "PAD_3C84": 11, "PAD_3C85": 12, "PAD_3C86": 6, "PAD_3C87": 192, "PAD_3C88": 76, "PAD_3C89": 14, "PAD_3C90": 16, "PAD_3C91": 229, "PAD_3C92": 38, "PAD_3C93": 164, "PAD_3C94": 10, "PAD_3C95": 4, "PAD_3C96": 207, "PAD_3C97": 12, "PAD_3C98": 16, "PAD_3C99": 18, "PAD_3_COD_PROV": "46", "PAD_3_COD_CCAA": "10", "Shape__Area": 33042721.415664699, "Shape__Length": 27226.700069214901 }, "geometry": { "type": "Polygon", "coordinates": [ [ [ -0.498685966890489, 39.5098143971288 ], [ -0.49496165772374, 39.509230248225798 ], [ -0.490931170368784, 39.510691619670901 ], [ -0.48838038974648, 39.511455756999901 ], [ -0.484548466900275, 39.511366655933003 ], [ -0.483151077288715, 39.511334120750099 ], [ -0.479714220029714, 39.510215156228703 ], [ -0.478791252279249, 39.509682730040197 ], [ -0.476471373719277, 39.509837869132497 ], [ -0.47419890464672, 39.509312688864803 ], [ -0.472352660125322, 39.507307473293203 ], [ -0.472147442693633, 39.5055997801404 ], [ -0.474147694387318, 39.503354455786102 ], [ -0.474453524927483, 39.501632544724998 ], [ -0.471493587744404, 39.500532099007501 ], [ -0.469180188732563, 39.5008421057859 ], [ -0.467257274798291, 39.501582832978201 ], [ -0.463717738305724, 39.500109240850399 ], [ -0.463214461659361, 39.499884297936298 ], [ -0.460826253645602, 39.498731351918799 ], [ -0.455435857986013, 39.498272736247998 ], [ -0.455328356595961, 39.498100679207901 ], [ -0.452265441040283, 39.493198627711301 ], [ -0.452074086410035, 39.492892330995097 ], [ -0.44965487124763, 39.491631515845299 ], [ -0.449065076957948, 39.491241338098703 ], [ -0.446414892359561, 39.488030019963603 ], [ -0.446429053401705, 39.488015902670703 ], [ -0.448048434686288, 39.486403107009501 ], [ -0.448165565117861, 39.486286435302098 ], [ -0.448191959417545, 39.486260150949299 ], [ -0.448840368779503, 39.485614379299903 ], [ -0.448906918670707, 39.485445048213897 ], [ -0.449173838684328, 39.484765826999698 ], [ -0.449232874168178, 39.484762397868302 ], [ -0.449297605869224, 39.484758615839802 ], [ -0.449416933579997, 39.484751641099301 ], [ -0.449907562845458, 39.484722994043899 ], [ -0.450902082306632, 39.484664919224997 ], [ -0.46138228655197, 39.484052401093003 ], [ -0.462281448947386, 39.483999816822198 ], [ -0.462341239914395, 39.483996325947402 ], [ -0.462875334164883, 39.483965070996703 ], [ -0.467929301767404, 39.484680597156803 ], [ -0.478870879844364, 39.483989514754299 ], [ -0.484171331686103, 39.482736200204897 ], [ -0.492750866978594, 39.483388974845496 ], [ -0.49818847359794, 39.483165541287697 ], [ -0.502134337856455, 39.482698645049403 ], [ -0.50833655091978, 39.482859967199502 ], [ -0.514118789909684, 39.482750147316104 ], [ -0.520849941792087, 39.483414824180599 ], [ -0.524491073251725, 39.484314607039501 ], [ -0.526902651835905, 39.4845180118473 ], [ -0.527944552936751, 39.4951257449925 ], [ -0.529094462077412, 39.500105151893202 ], [ -0.529250909972346, 39.500612430294801 ], [ -0.529519800889733, 39.507124216088599 ], [ -0.526711952077508, 39.510206267730098 ], [ -0.525087889671984, 39.513696375214401 ], [ -0.524056071261927, 39.514699943803002 ], [ -0.522421929758903, 39.516289284676702 ], [ -0.522146095762717, 39.516557533939597 ], [ -0.522120776746425, 39.516582142951798 ], [ -0.520847578324557, 39.517820364662299 ], [ -0.517226517024971, 39.520842584075801 ], [ -0.515068793356927, 39.522643302834602 ], [ -0.515207285725977, 39.524951997198798 ], [ -0.514921270224356, 39.524966341887399 ], [ -0.513949034372114, 39.525015132653799 ], [ -0.511950802091204, 39.524296667242901 ], [ -0.507892757118289, 39.521965923129599 ], [ -0.504873523041639, 39.5208313291119 ], [ -0.504194889861937, 39.518364615156798 ], [ -0.50560115393019, 39.515458533869698 ], [ -0.505229521795471, 39.514468009827802 ], [ -0.503882049767589, 39.513688620258201 ], [ -0.500962920352923, 39.512000047657402 ], [ -0.500295994916326, 39.511614220834801 ], [ -0.498685966890489, 39.5098143971288 ] ] ] } },
{ "type": "Feature", "properties": { "OBJECTID": 7044, "Codigo": "46021", "Texto": "Aldaia", "Cod_Prov": "46", "Cod_CCAA": "10", "FechaId": "01012017", "NUTS_0": "ES", "NUTS_1": "ES5", "NUTS_2": "ES52", "NUTS_3": "ES523", "PAD_2C02": 31320, "PAD_2C03": 1746, "PAD_2C04": 2024, "PAD_2C05": 1834, "PAD_2C06": 1485, "PAD_2C07": 1445, "PAD_2C08": 1647, "PAD_2C09": 2206, "PAD_2C10": 3286, "PAD_2C11": 3048, "PAD_2C12": 2576, "PAD_2C13": 2185, "PAD_2C14": 1861, "PAD_2C15": 1598, "PAD_2C16": 1343, "PAD_2C17": 1061, "PAD_2C18": 790, "PAD_2C19": 640, "PAD_2C20": 545, "PAD_2C21": 15624, "PAD_2C22": 897, "PAD_2C23": 1067, "PAD_2C24": 935, "PAD_2C25": 738, "PAD_2C26": 753, "PAD_2C27": 857, "PAD_2C28": 1072, "PAD_2C29": 1688, "PAD_2C30": 1591, "PAD_2C31": 1313, "PAD_2C32": 1101, "PAD_2C33": 940, "PAD_2C34": 775, "PAD_2C35": 638, "PAD_2C36": 487, "PAD_2C37": 338, "PAD_2C38": 245, "PAD_2C39": 189, "PAD_2C40": 15696, "PAD_2C41": 849, "PAD_2C42": 957, "PAD_2C43": 899, "PAD_2C44": 747, "PAD_2C45": 692, "PAD_2C46": 790, "PAD_2C47": 1134, "PAD_2C48": 1598, "PAD_2C49": 1457, "PAD_2C50": 1263, "PAD_2C51": 1084, "PAD_2C52": 921, "PAD_2C53": 823, "PAD_2C54": 705, "PAD_2C55": 574, "PAD_2C56": 452, "PAD_2C57": 395, "PAD_2C58": 356, "PAD_3C03": 29903, "PAD_3C04": 1417, "PAD_3C05": 522, "PAD_3C06": 2, "PAD_3C07": 82, "PAD_3C08": 39, "PAD_3C09": 68, "PAD_3C10": 5, "PAD_3C100": 43, "PAD_3C101": 7, "PAD_3C102": 5, "PAD_3C103": 13, "PAD_3C104": 11, "PAD_3C105": 11, "PAD_3C106": 4, "PAD_3C107": 19, "PAD_3C108": 13, "PAD_3C109": 76, "PAD_3C11": 19, "PAD_3C110": 58, "PAD_3C111": 6, "PAD_3C112": 0, "PAD_3C12": 2, "PAD_3C13": 262, "PAD_3C14": 120, "PAD_3C15": 12, "PAD_3C16": 69, "PAD_3C17": 204, "PAD_3C18": 50, "PAD_3C19": 114, "PAD_3C20": 18, "PAD_3C21": 11, "PAD_3C22": 393, "PAD_3C23": 25, "PAD_3C24": 39, "PAD_3C25": 66, "PAD_3C26": 88, "PAD_3C27": 10, "PAD_3C28": 13, "PAD_3C29": 25, "PAD_3C30": 13, "PAD_3C31": 19, "PAD_3C32": 6, "PAD_3C33": 27, "PAD_3C34": 25, "PAD_3C35": 177, "PAD_3C36": 121, "PAD_3C37": 27, "PAD_3C38": 1, "PAD_3C39": 15624, "PAD_3C40": 14935, "PAD_3C41": 689, "PAD_3C42": 271, "PAD_3C43": 2, "PAD_3C44": 46, "PAD_3C45": 13, "PAD_3C46": 40, "PAD_3C47": 2, "PAD_3C48": 11, "PAD_3C49": 2, "PAD_3C50": 132, "PAD_3C51": 52, "PAD_3C52": 2, "PAD_3C53": 31, "PAD_3C54": 108, "PAD_3C55": 25, "PAD_3C56": 57, "PAD_3C57": 11, "PAD_3C58": 8, "PAD_3C59": 156, "PAD_3C60": 11, "PAD_3C61": 11, "PAD_3C62": 25, "PAD_3C63": 45, "PAD_3C64": 3, "PAD_3C65": 8, "PAD_3C66": 12, "PAD_3C67": 2, "PAD_3C68": 8, "PAD_3C69": 2, "PAD_3C70": 8, "PAD_3C71": 12, "PAD_3C72": 101, "PAD_3C73": 63, "PAD_3C74": 21, "PAD_3C75": 1, "PAD_3C76": 15696, "PAD_3C77": 14968, "PAD_3C78": 728, "PAD_3C79": 251, "PAD_3C80": 0, "PAD_3C81": 36, "PAD_3C82": 26, "PAD_3C83": 28, "PAD_3C84": 3, "PAD_3C85": 8, "PAD_3C86": 0, "PAD_3C87": 130, "PAD_3C88": 68, "PAD_3C89": 10, "PAD_3C90": 38, "PAD_3C91": 96, "PAD_3C92": 25, "PAD_3C93": 57, "PAD_3C94": 7, "PAD_3C95": 3, "PAD_3C96": 237, "PAD_3C97": 14, "PAD_3C98": 28, "PAD_3C99": 41, "PAD_3_COD_PROV": "46", "PAD_3_COD_CCAA": "10", "Shape__Area": 26981382.637649499, "Shape__Length": 29016.527207121599 }, "geometry": { "type": "Polygon", "coordinates": [ [ [ -0.449340584865687, 39.475751124223997 ], [ -0.449281087647796, 39.475508417865797 ], [ -0.449249558577936, 39.475379756199899 ], [ -0.448543474679797, 39.474661565945802 ], [ -0.447174291269834, 39.474595787894899 ], [ -0.447162791935889, 39.474595219987698 ], [ -0.44716259969641, 39.4745952158272 ], [ -0.447024884370082, 39.474564523865901 ], [ -0.446759043233108, 39.474505283252903 ], [ -0.446358773705453, 39.474325304728303 ], [ -0.444719799266211, 39.473055091871998 ], [ -0.444385465182078, 39.472541083702197 ], [ -0.444202579868332, 39.472259905963703 ], [ -0.444145017621555, 39.471610010078102 ], [ -0.444144518158235, 39.4716093728019 ], [ -0.444002356171275, 39.471428920095804 ], [ -0.444000611642979, 39.471426705919598 ], [ -0.443735472090271, 39.471366792764201 ], [ -0.440090871336977, 39.471170128659899 ], [ -0.440069653129968, 39.471168981694298 ], [ -0.440069742063181, 39.471167840276202 ], [ -0.44026738490041, 39.469263444876098 ], [ -0.440186548202935, 39.467982414916399 ], [ -0.440330955978139, 39.466580223101602 ], [ -0.440286306115241, 39.465579301725803 ], [ -0.439943988703169, 39.4644546461858 ], [ -0.439943665309681, 39.4644543056692 ], [ -0.43988802096604, 39.464396347083003 ], [ -0.439777157181885, 39.464280897197099 ], [ -0.439776071118694, 39.464279764681798 ], [ -0.440854989097435, 39.463699944250898 ], [ -0.442273236691568, 39.463117174261498 ], [ -0.44279020635782, 39.462904751989797 ], [ -0.443132583058666, 39.462759155206598 ], [ -0.443463027437634, 39.462622253658303 ], [ -0.446444050775381, 39.460877031285897 ], [ -0.448815693855297, 39.4599021259286 ], [ -0.448815957061646, 39.459902076685701 ], [ -0.449710406895122, 39.459762337698699 ], [ -0.452707978098701, 39.459293857715998 ], [ -0.455054328213474, 39.459695528104199 ], [ -0.455121886912752, 39.459707098136803 ], [ -0.456633471261537, 39.459686137941503 ], [ -0.457334864157299, 39.459679313964799 ], [ -0.46085173974852, 39.459644986694997 ], [ -0.461190839395222, 39.459641676311797 ], [ -0.462588108632571, 39.459888412821797 ], [ -0.462855617042691, 39.459938660677899 ], [ -0.463130647046708, 39.459990312958602 ], [ -0.463135181742289, 39.4599664079877 ], [ -0.463303006800296, 39.459084191813297 ], [ -0.46328601965825, 39.458273049313803 ], [ -0.463281042093266, 39.458255580159801 ], [ -0.463275723168486, 39.458236771007897 ], [ -0.463069760135073, 39.457542353313499 ], [ -0.463068659698862, 39.457538585757597 ], [ -0.463076856825809, 39.457538322888702 ], [ -0.465803069439942, 39.457445098009003 ], [ -0.466214817640342, 39.457350714713499 ], [ -0.46695152690316, 39.457181812130003 ], [ -0.467915452440686, 39.456878500153103 ], [ -0.468370724016558, 39.456793967882902 ], [ -0.470229708445292, 39.456448835921599 ], [ -0.470477756651457, 39.456402776257903 ], [ -0.472977513863923, 39.455727444191098 ], [ -0.473659143823408, 39.4555170392603 ], [ -0.475208648755301, 39.4547669438019 ], [ -0.47635036436227, 39.454043991337599 ], [ -0.476966845802423, 39.453706022666402 ], [ -0.478827848745602, 39.453016658653503 ], [ -0.483205983217175, 39.451805261326903 ], [ -0.488268474035124, 39.4503021660949 ], [ -0.491652920885502, 39.448924792106602 ], [ -0.492863414205576, 39.448545515916102 ], [ -0.494175126996934, 39.447934182291398 ], [ -0.497200716654249, 39.446837191195897 ], [ -0.498580786747137, 39.446587594109403 ], [ -0.502650266375271, 39.445864300043603 ], [ -0.505333505382856, 39.445237213053503 ], [ -0.507845440157342, 39.444525322819501 ], [ -0.511266614628083, 39.443599682939301 ], [ -0.51734844266355, 39.441953903207398 ], [ -0.517359867437336, 39.441956452704297 ], [ -0.518063156676637, 39.442113296884202 ], [ -0.519150482886444, 39.442178771255399 ], [ -0.519686315376981, 39.442211027310599 ], [ -0.520772913951405, 39.442369347188603 ], [ -0.520865151168144, 39.442389319167098 ], [ -0.520896756594791, 39.442401213969497 ], [ -0.521220576796828, 39.442523029782002 ], [ -0.521654480147043, 39.442595199691802 ], [ -0.52228939771176, 39.442700790133898 ], [ -0.523022523594923, 39.442822714338398 ], [ -0.523996953133077, 39.443194845772801 ], [ -0.524286278926503, 39.443228024709299 ], [ -0.524753536723246, 39.443156909922898 ], [ -0.525488765562481, 39.442948625200302 ], [ -0.525492974169582, 39.442947441001898 ], [ -0.526052834797349, 39.442887279254599 ], [ -0.527302598868403, 39.443031022330601 ], [ -0.527839210198324, 39.442970357007198 ], [ -0.52873353426764, 39.442980382800499 ], [ -0.530563193193927, 39.4431544152744 ], [ -0.533025100790223, 39.443522032255103 ], [ -0.533379019944174, 39.4436279258368 ], [ -0.533381561278096, 39.443628682689699 ], [ -0.534542294219651, 39.443662362288102 ], [ -0.534769752141179, 39.443802320203098 ], [ -0.535091672406388, 39.4438992449303 ], [ -0.538334257307103, 39.444535553728599 ], [ -0.538833837386043, 39.444537134705001 ], [ -0.539723117415023, 39.444691101793403 ], [ -0.542258182011441, 39.445294330863902 ], [ -0.548782542613741, 39.447116878246703 ], [ -0.550928591776374, 39.447882840852301 ], [ -0.550729666144889, 39.449248035219199 ], [ -0.550728194704477, 39.449248540209503 ], [ -0.546624732707442, 39.450656946041903 ], [ -0.545722703787922, 39.450863083747898 ], [ -0.543165368158998, 39.4510584241823 ], [ -0.543136168420678, 39.451061811275203 ], [ -0.535511061676566, 39.4510062172901 ], [ -0.535211973890915, 39.4510279340968 ], [ -0.533855046196385, 39.450994077017803 ], [ -0.532533987332826, 39.450984385330599 ], [ -0.531946862836151, 39.451021673208999 ], [ -0.530814457368767, 39.451168794906302 ], [ -0.530095143981441, 39.451135510850101 ], [ -0.528950993940039, 39.450957984978899 ], [ -0.526692460432488, 39.450747775116803 ], [ -0.523873545274287, 39.452629839282601 ], [ -0.520848104737323, 39.454650782248301 ], [ -0.514360699029184, 39.458622428004801 ], [ -0.514338083941889, 39.458637260096602 ], [ -0.513904625257738, 39.4593509868835 ], [ -0.513301359832049, 39.460345381298502 ], [ -0.495759888108777, 39.469194475230204 ], [ -0.493917024846121, 39.470272317159001 ], [ -0.493914161017008, 39.470273102154103 ], [ -0.492529578686432, 39.471083036885297 ], [ -0.492492203380729, 39.471105626723499 ], [ -0.488303862267448, 39.473554901125901 ], [ -0.488302534557438, 39.473555260320403 ], [ -0.487513299003337, 39.473871135863 ], [ -0.486536620982049, 39.474046971679201 ], [ -0.486530656168555, 39.474048631035501 ], [ -0.486524630269626, 39.474049406280002 ], [ -0.483952107722505, 39.474631923844299 ], [ -0.48328711905365, 39.474698594285499 ], [ -0.474398796865414, 39.475595585922598 ], [ -0.474397267932821, 39.4755957558069 ], [ -0.474396935556162, 39.475595784236504 ], [ -0.465779052980842, 39.475819943836001 ], [ -0.461767416772142, 39.475924083216697 ], [ -0.461508613935427, 39.475930796736499 ], [ -0.461417269644069, 39.475933166784898 ], [ -0.461388529843197, 39.475933921899802 ], [ -0.461373301602468, 39.475932300725702 ], [ -0.46086461260656, 39.475878163334301 ], [ -0.460855836066218, 39.475877227933999 ], [ -0.458509053861774, 39.476159234226998 ], [ -0.457994368611341, 39.476199027046597 ], [ -0.453239870578436, 39.476566414072302 ], [ -0.453067526994529, 39.4767615277486 ], [ -0.452669985650392, 39.477211554157599 ], [ -0.452142810224215, 39.477641411939899 ], [ -0.451621824190374, 39.477900241015199 ], [ -0.45135434991621, 39.477903377877503 ], [ -0.451194692340746, 39.477818805272797 ], [ -0.451165784554917, 39.477655995213397 ], [ -0.451265608942541, 39.4774690008324 ], [ -0.451381460173147, 39.476841399047203 ], [ -0.451381546411435, 39.476840960129401 ], [ -0.451264934307754, 39.476532111080303 ], [ -0.451038591195525, 39.476364951792 ], [ -0.450305082630065, 39.476078602178099 ], [ -0.449760548159344, 39.476057664941997 ], [ -0.449759480062462, 39.476057623337901 ], [ -0.449472083850234, 39.4759702436792 ], [ -0.449340584865687, 39.475751124223997 ] ] ] } },
{ "type": "Feature", "properties": { "OBJECTID": 7133, "Codigo": "46110", "Texto": "Xirivella", "Cod_Prov": "46", "Cod_CCAA": "10", "FechaId": "01012017", "NUTS_0": "ES", "NUTS_1": "ES5", "NUTS_2": "ES52", "NUTS_3": "ES523", "PAD_2C02": 28950, "PAD_2C03": 1243, "PAD_2C04": 1683, "PAD_2C05": 1637, "PAD_2C06": 1397, "PAD_2C07": 1600, "PAD_2C08": 1542, "PAD_2C09": 1774, "PAD_2C10": 2318, "PAD_2C11": 2722, "PAD_2C12": 2340, "PAD_2C13": 2181, "PAD_2C14": 1923, "PAD_2C15": 1530, "PAD_2C16": 1427, "PAD_2C17": 1237, "PAD_2C18": 901, "PAD_2C19": 814, "PAD_2C20": 681, "PAD_2C21": 14302, "PAD_2C22": 610, "PAD_2C23": 845, "PAD_2C24": 850, "PAD_2C25": 751, "PAD_2C26": 871, "PAD_2C27": 777, "PAD_2C28": 884, "PAD_2C29": 1197, "PAD_2C30": 1404, "PAD_2C31": 1188, "PAD_2C32": 1103, "PAD_2C33": 924, "PAD_2C34": 758, "PAD_2C35": 646, "PAD_2C36": 538, "PAD_2C37": 400, "PAD_2C38": 329, "PAD_2C39": 227, "PAD_2C40": 14648, "PAD_2C41": 633, "PAD_2C42": 838, "PAD_2C43": 787, "PAD_2C44": 646, "PAD_2C45": 729, "PAD_2C46": 765, "PAD_2C47": 890, "PAD_2C48": 1121, "PAD_2C49": 1318, "PAD_2C50": 1152, "PAD_2C51": 1078, "PAD_2C52": 999, "PAD_2C53": 772, "PAD_2C54": 781, "PAD_2C55": 699, "PAD_2C56": 501, "PAD_2C57": 485, "PAD_2C58": 454, "PAD_3C03": 25970, "PAD_3C04": 2980, "PAD_3C05": 988, "PAD_3C06": 12, "PAD_3C07": 167, "PAD_3C08": 24, "PAD_3C09": 69, "PAD_3C10": 13, "PAD_3C100": 58, "PAD_3C101": 16, "PAD_3C102": 8, "PAD_3C103": 69, "PAD_3C104": 12, "PAD_3C105": 17, "PAD_3C106": 7, "PAD_3C107": 5, "PAD_3C108": 31, "PAD_3C109": 170, "PAD_3C11": 4, "PAD_3C110": 58, "PAD_3C111": 50, "PAD_3C112": 0, "PAD_3C12": 6, "PAD_3C13": 653, "PAD_3C14": 249, "PAD_3C15": 30, "PAD_3C16": 125, "PAD_3C17": 627, "PAD_3C18": 103, "PAD_3C19": 189, "PAD_3C20": 126, "PAD_3C21": 16, "PAD_3C22": 616, "PAD_3C23": 42, "PAD_3C24": 36, "PAD_3C25": 24, "PAD_3C26": 125, "PAD_3C27": 25, "PAD_3C28": 11, "PAD_3C29": 156, "PAD_3C30": 19, "PAD_3C31": 41, "PAD_3C32": 13, "PAD_3C33": 13, "PAD_3C34": 47, "PAD_3C35": 500, "PAD_3C36": 130, "PAD_3C37": 189, "PAD_3C38": 0, "PAD_3C39": 14302, "PAD_3C40": 12730, "PAD_3C41": 1572, "PAD_3C42": 479, "PAD_3C43": 6, "PAD_3C44": 79, "PAD_3C45": 10, "PAD_3C46": 39, "PAD_3C47": 4, "PAD_3C48": 2, "PAD_3C49": 4, "PAD_3C50": 318, "PAD_3C51": 116, "PAD_3C52": 7, "PAD_3C53": 60, "PAD_3C54": 353, "PAD_3C55": 61, "PAD_3C56": 95, "PAD_3C57": 79, "PAD_3C58": 13, "PAD_3C59": 294, "PAD_3C60": 23, "PAD_3C61": 18, "PAD_3C62": 5, "PAD_3C63": 67, "PAD_3C64": 9, "PAD_3C65": 3, "PAD_3C66": 87, "PAD_3C67": 7, "PAD_3C68": 24, "PAD_3C69": 6, "PAD_3C70": 8, "PAD_3C71": 16, "PAD_3C72": 330, "PAD_3C73": 72, "PAD_3C74": 139, "PAD_3C75": 0, "PAD_3C76": 14648, "PAD_3C77": 13240, "PAD_3C78": 1408, "PAD_3C79": 509, "PAD_3C80": 6, "PAD_3C81": 88, "PAD_3C82": 14, "PAD_3C83": 30, "PAD_3C84": 9, "PAD_3C85": 2, "PAD_3C86": 2, "PAD_3C87": 335, "PAD_3C88": 133, "PAD_3C89": 23, "PAD_3C90": 65, "PAD_3C91": 274, "PAD_3C92": 42, "PAD_3C93": 94, "PAD_3C94": 47, "PAD_3C95": 3, "PAD_3C96": 322, "PAD_3C97": 19, "PAD_3C98": 18, "PAD_3C99": 19, "PAD_3_COD_PROV": "46", "PAD_3_COD_CCAA": "10", "Shape__Area": 8523869.8657073993, "Shape__Length": 13095.902250166901 }, "geometry": { "type": "Polygon", "coordinates": [ [ [ -0.420190515305764, 39.470768600082501 ], [ -0.420142102400158, 39.4705250698524 ], [ -0.420101441955436, 39.470320276734498 ], [ -0.420039931612982, 39.470021517027199 ], [ -0.420037045325975, 39.470008129067203 ], [ -0.420022057833801, 39.469935789241298 ], [ -0.420007385650241, 39.469865130987003 ], [ -0.420000866576238, 39.469834099916199 ], [ -0.419968252341518, 39.469678320929603 ], [ -0.419966341624925, 39.4696694411167 ], [ -0.419964477620715, 39.469660747151302 ], [ -0.419924814305971, 39.469671122074701 ], [ -0.419901538956943, 39.469677375737596 ], [ -0.419578877581627, 39.469762757109997 ], [ -0.419489790756576, 39.469786148327103 ], [ -0.419393485069916, 39.469811624779901 ], [ -0.419379785761846, 39.469815271008997 ], [ -0.4193381425602, 39.469826299845003 ], [ -0.419263247320027, 39.4698457993277 ], [ -0.419215462336792, 39.469858258772398 ], [ -0.41914647621456, 39.469876344276202 ], [ -0.419083311175352, 39.469892795978097 ], [ -0.418980042646923, 39.469919784832697 ], [ -0.418980131580136, 39.4699173681174 ], [ -0.418980491804572, 39.469907636763502 ], [ -0.418984339288941, 39.469794675845698 ], [ -0.418987242643926, 39.4697057966792 ], [ -0.41898777803983, 39.4696913226934 ], [ -0.418989584551859, 39.469636030680597 ], [ -0.418992033359347, 39.4695583570238 ], [ -0.418995801791971, 39.469412611889602 ], [ -0.418997876001935, 39.469333433851503 ], [ -0.419000854815444, 39.469221913030097 ], [ -0.418993720395429, 39.469220462293002 ], [ -0.41877728929404, 39.469181779887101 ], [ -0.418763294440225, 39.4691792757691 ], [ -0.418090494021678, 39.469059121685298 ], [ -0.418087843093277, 39.469058824879902 ], [ -0.417946854306059, 39.469033497941098 ], [ -0.417968481246513, 39.468976597938799 ], [ -0.417972907245913, 39.468965016271298 ], [ -0.418020369733957, 39.468840943002903 ], [ -0.418050018629925, 39.4687633918968 ], [ -0.417824176777576, 39.468639538100398 ], [ -0.417780481823859, 39.468543975126401 ], [ -0.415384492603108, 39.467695209021301 ], [ -0.415199336348333, 39.467359247008098 ], [ -0.415155504850657, 39.467279710874003 ], [ -0.415033209106207, 39.467062342157099 ], [ -0.41484186166247, 39.466950762216399 ], [ -0.414677666696533, 39.466943013833998 ], [ -0.414596146381134, 39.466948597135598 ], [ -0.414413165845962, 39.466958141660598 ], [ -0.414129261385253, 39.466972967815003 ], [ -0.414089526205274, 39.466975051063201 ], [ -0.413460937271742, 39.467007720048102 ], [ -0.413468013301245, 39.466958247764801 ], [ -0.413487886730266, 39.466820149185899 ], [ -0.41349460433196, 39.466773732301199 ], [ -0.413175621557726, 39.466777882859098 ], [ -0.412554904561025, 39.4667859072703 ], [ -0.412538142896117, 39.466786106302798 ], [ -0.412528792332329, 39.466784091011398 ], [ -0.412279526010667, 39.4667298473316 ], [ -0.411604258818324, 39.466462982763296 ], [ -0.411756340900998, 39.465930195105898 ], [ -0.411759266713878, 39.465919945148499 ], [ -0.4125464217698, 39.465876925131298 ], [ -0.41240505299521, 39.464233830178699 ], [ -0.412432109353255, 39.464090872246103 ], [ -0.412765534342326, 39.463473321727903 ], [ -0.413023587984095, 39.463216726931002 ], [ -0.412957084805307, 39.463219233344198 ], [ -0.412768924584205, 39.463226299015403 ], [ -0.412798371359226, 39.463163411880501 ], [ -0.412893774239003, 39.462959690101897 ], [ -0.413486092794629, 39.4629245412278 ], [ -0.41383289369828, 39.462689324679999 ], [ -0.414073005288889, 39.462472350117601 ], [ -0.414263961067158, 39.462227835849497 ], [ -0.414400565177476, 39.461962300874397 ], [ -0.414478562300326, 39.461682857940701 ], [ -0.414524029630117, 39.461399885811801 ], [ -0.414456691916425, 39.461104957814101 ], [ -0.414033751605921, 39.460524922979602 ], [ -0.414518263344315, 39.459490144794302 ], [ -0.41456126569697, 39.459398297178197 ], [ -0.41468782933733, 39.4589571331367 ], [ -0.416122834104785, 39.4539545739202 ], [ -0.419535332646559, 39.452805809928499 ], [ -0.420421259264574, 39.452096281224101 ], [ -0.425356186617227, 39.451879173756602 ], [ -0.426368322939446, 39.452498475914197 ], [ -0.431508375197319, 39.451764781723298 ], [ -0.431515517702141, 39.450286945166198 ], [ -0.432851750009173, 39.449992712300798 ], [ -0.439210767598614, 39.4489619007336 ], [ -0.442938307107125, 39.447447727694602 ], [ -0.444561302314097, 39.448494147180803 ], [ -0.446287466336521, 39.448954382728303 ], [ -0.447329211130472, 39.451598239238898 ], [ -0.446924879421075, 39.452509220329397 ], [ -0.446924397025767, 39.452509375703798 ], [ -0.446604432392938, 39.452997839762503 ], [ -0.446573951657025, 39.453201967338302 ], [ -0.446573728874844, 39.4532034711252 ], [ -0.446573604009015, 39.4532043561953 ], [ -0.446680529578961, 39.453458956966102 ], [ -0.447066771913473, 39.453701700003897 ], [ -0.447723754796495, 39.453842225933499 ], [ -0.447724015307953, 39.4538422682445 ], [ -0.448002434655519, 39.454172697310199 ], [ -0.448075983321109, 39.454628941720998 ], [ -0.448116129031161, 39.4548778822641 ], [ -0.448497536632795, 39.455570942102497 ], [ -0.446636501350254, 39.456250756332402 ], [ -0.447206290158575, 39.457830775344398 ], [ -0.447440902262987, 39.459335659042999 ], [ -0.447441650559635, 39.4593404363359 ], [ -0.447489751749849, 39.459359406790803 ], [ -0.448094673668885, 39.459598028205399 ], [ -0.448803974434096, 39.459897178751497 ], [ -0.448815693855297, 39.4599021259286 ], [ -0.446444050775381, 39.460877031285897 ], [ -0.443463027437634, 39.462622253658303 ], [ -0.443132583058666, 39.462759155206598 ], [ -0.44279020635782, 39.462904751989797 ], [ -0.442273236691568, 39.463117174261498 ], [ -0.440854989097435, 39.463699944250898 ], [ -0.439776071118694, 39.464279764681798 ], [ -0.439777157181885, 39.464280897197099 ], [ -0.43988802096604, 39.464396347083003 ], [ -0.439775646215567, 39.4642808999712 ], [ -0.439582989926459, 39.4644458218811 ], [ -0.43958294231578, 39.464445860718101 ], [ -0.439508000363191, 39.464510015134898 ], [ -0.439507958142361, 39.464510049810599 ], [ -0.438432273200341, 39.4654308581446 ], [ -0.438013233374834, 39.465558129699303 ], [ -0.437984303131077, 39.465582382969799 ], [ -0.437844969938944, 39.465676746087603 ], [ -0.437669474166721, 39.465774476036302 ], [ -0.437586071880803, 39.465817157687397 ], [ -0.437409304992454, 39.465892334057997 ], [ -0.437334391785973, 39.465925554885203 ], [ -0.437321419214955, 39.465931299854297 ], [ -0.437300463315999, 39.465931613317103 ], [ -0.437252530110743, 39.465939227272898 ], [ -0.437176812013762, 39.465950177664098 ], [ -0.437148335419273, 39.4659543289646 ], [ -0.43701255506406, 39.465973824677803 ], [ -0.436743193429494, 39.466016646987299 ], [ -0.436594762998488, 39.466035804254702 ], [ -0.436523116066353, 39.466049980102099 ], [ -0.436460222318369, 39.466052745089101 ], [ -0.43637198799453, 39.466056537150102 ], [ -0.436321702999872, 39.4660587112743 ], [ -0.436186420311351, 39.466067405689898 ], [ -0.436046549926653, 39.466075129897298 ], [ -0.43594063226645, 39.466080170951301 ], [ -0.435899442714038, 39.466090721170701 ], [ -0.435702401748064, 39.466125650686799 ], [ -0.435499202830787, 39.466171260076898 ], [ -0.435355973645275, 39.466200516036601 ], [ -0.435305167627734, 39.466211034336801 ], [ -0.43518346926292, 39.466236080742398 ], [ -0.435048528832526, 39.466263835944098 ], [ -0.434925834236065, 39.466301775155202 ], [ -0.434790028728066, 39.466346582053099 ], [ -0.434683643943906, 39.466382349185601 ], [ -0.434578417986469, 39.466421669084298 ], [ -0.434475275222167, 39.466463765027399 ], [ -0.434401778658875, 39.466493267055199 ], [ -0.434330517104028, 39.466525436255701 ], [ -0.434302023441527, 39.466539050271898 ], [ -0.434212536866201, 39.466585212106899 ], [ -0.43409812204172, 39.4666477910121 ], [ -0.433995285602928, 39.466706167980597 ], [ -0.433954684447048, 39.466729329985199 ], [ -0.433924873854335, 39.466743801119698 ], [ -0.433881025288681, 39.466763255695703 ], [ -0.433766083153138, 39.466807748144099 ], [ -0.433657063610257, 39.4668515546999 ], [ -0.43353978585496, 39.466898723971703 ], [ -0.433390864045475, 39.466958536950699 ], [ -0.433366262783097, 39.466965978808197 ], [ -0.433172119782226, 39.467066894922198 ], [ -0.432797474698042, 39.467172156294701 ], [ -0.432245264123224, 39.467380691027302 ], [ -0.432027597838292, 39.467477856165502 ], [ -0.43194405002531, 39.467515156707499 ], [ -0.431651540602471, 39.467647233766698 ], [ -0.431469258956608, 39.467727225099701 ], [ -0.431364362680872, 39.467772949251902 ], [ -0.43108589662089, 39.467898432886898 ], [ -0.430897607940703, 39.467979898272603 ], [ -0.430730568010259, 39.468057032083102 ], [ -0.430578617081628, 39.468123859309898 ], [ -0.430371028097569, 39.4682147439581 ], [ -0.430192184304298, 39.4682996063232 ], [ -0.430095663021968, 39.468334984104203 ], [ -0.430003607264909, 39.468379680817002 ], [ -0.430001133304603, 39.468380895789402 ], [ -0.429926796816525, 39.468417629276601 ], [ -0.429864584889838, 39.468445697753097 ], [ -0.429823772629873, 39.468462839802498 ], [ -0.429740435920942, 39.468494481744003 ], [ -0.429651678777626, 39.468533701975801 ], [ -0.429624013361815, 39.468542905786698 ], [ -0.429563963680009, 39.468560027007896 ], [ -0.429549914927302, 39.468564031135799 ], [ -0.429467947250881, 39.468593419930301 ], [ -0.429410026576295, 39.468612245700697 ], [ -0.429342512792805, 39.468631620698197 ], [ -0.429276334804133, 39.468648551885401 ], [ -0.429198584717985, 39.468666738257397 ], [ -0.429064453669642, 39.468695724099902 ], [ -0.42890273356231, 39.468727757054801 ], [ -0.42884607681734, 39.468738143213002 ], [ -0.428722640212476, 39.468754654129299 ], [ -0.428533532268736, 39.468783106654101 ], [ -0.428418767999618, 39.468796878340498 ], [ -0.428324984782274, 39.468806994727302 ], [ -0.428260171334526, 39.468813993257903 ], [ -0.428155425975769, 39.468829665053903 ], [ -0.427625550213851, 39.468866699271302 ], [ -0.427295375329479, 39.468894072014002 ], [ -0.426880686044882, 39.468927932869697 ], [ -0.426657497815926, 39.468947250914503 ], [ -0.426434428164553, 39.468963381065301 ], [ -0.42642040097141, 39.468964102275699 ], [ -0.426376806628967, 39.468966329706397 ], [ -0.426257424120971, 39.469050953987797 ], [ -0.426191422202096, 39.469097869345603 ], [ -0.425995437654876, 39.469234077862197 ], [ -0.425836726903753, 39.469345801850203 ], [ -0.425801572233408, 39.469370851288303 ], [ -0.425754239102779, 39.4694046182939 ], [ -0.425709602714637, 39.469436379776901 ], [ -0.425649588965448, 39.469481007822502 ], [ -0.424648073424845, 39.470225537817598 ], [ -0.422877062808525, 39.470106085242001 ], [ -0.422872406840403, 39.470105780119503 ], [ -0.422305975934631, 39.470067607205898 ], [ -0.422278156008587, 39.470226489936799 ], [ -0.422163825625767, 39.470879257156902 ], [ -0.421895398239083, 39.470875445248502 ], [ -0.421844570661978, 39.470874722670999 ], [ -0.421804850753384, 39.470873841986297 ], [ -0.421671980041403, 39.470871036970699 ], [ -0.421532445626619, 39.4708694357887 ], [ -0.42132951440731, 39.47059155977 ], [ -0.420659286763716, 39.470888432919502 ], [ -0.420511762732815, 39.470895581026397 ], [ -0.420493777562527, 39.470897874273199 ], [ -0.420277233273403, 39.4709020349868 ], [ -0.420217248270287, 39.470903193745599 ], [ -0.420190515305764, 39.470768600082501 ] ] ] } },
{ "type": "Feature", "properties": { "OBJECTID": 7216, "Codigo": "46193", "Texto": "Picanya", "Cod_Prov": "46", "Cod_CCAA": "10", "FechaId": "01012017", "NUTS_0": "ES", "NUTS_1": "ES5", "NUTS_2": "ES52", "NUTS_3": "ES523", "PAD_2C02": 11278, "PAD_2C03": 495, "PAD_2C04": 617, "PAD_2C05": 603, "PAD_2C06": 588, "PAD_2C07": 636, "PAD_2C08": 624, "PAD_2C09": 626, "PAD_2C10": 880, "PAD_2C11": 953, "PAD_2C12": 906, "PAD_2C13": 963, "PAD_2C14": 882, "PAD_2C15": 659, "PAD_2C16": 561, "PAD_2C17": 428, "PAD_2C18": 306, "PAD_2C19": 286, "PAD_2C20": 265, "PAD_2C21": 5570, "PAD_2C22": 271, "PAD_2C23": 334, "PAD_2C24": 300, "PAD_2C25": 298, "PAD_2C26": 316, "PAD_2C27": 333, "PAD_2C28": 322, "PAD_2C29": 422, "PAD_2C30": 504, "PAD_2C31": 421, "PAD_2C32": 468, "PAD_2C33": 450, "PAD_2C34": 312, "PAD_2C35": 254, "PAD_2C36": 212, "PAD_2C37": 136, "PAD_2C38": 119, "PAD_2C39": 98, "PAD_2C40": 5708, "PAD_2C41": 224, "PAD_2C42": 283, "PAD_2C43": 303, "PAD_2C44": 290, "PAD_2C45": 320, "PAD_2C46": 291, "PAD_2C47": 304, "PAD_2C48": 458, "PAD_2C49": 449, "PAD_2C50": 485, "PAD_2C51": 495, "PAD_2C52": 432, "PAD_2C53": 347, "PAD_2C54": 307, "PAD_2C55": 216, "PAD_2C56": 170, "PAD_2C57": 167, "PAD_2C58": 167, "PAD_3C03": 10797, "PAD_3C04": 481, "PAD_3C05": 120, "PAD_3C06": 5, "PAD_3C07": 5, "PAD_3C08": 8, "PAD_3C09": 28, "PAD_3C10": 3, "PAD_3C100": 16, "PAD_3C101": 5, "PAD_3C102": 0, "PAD_3C103": 4, "PAD_3C104": 3, "PAD_3C105": 0, "PAD_3C106": 1, "PAD_3C107": 6, "PAD_3C108": 7, "PAD_3C109": 33, "PAD_3C11": 14, "PAD_3C110": 31, "PAD_3C111": 0, "PAD_3C112": 0, "PAD_3C12": 3, "PAD_3C13": 38, "PAD_3C14": 48, "PAD_3C15": 9, "PAD_3C16": 25, "PAD_3C17": 46, "PAD_3C18": 15, "PAD_3C19": 23, "PAD_3C20": 0, "PAD_3C21": 1, "PAD_3C22": 189, "PAD_3C23": 37, "PAD_3C24": 56, "PAD_3C25": 7, "PAD_3C26": 31, "PAD_3C27": 8, "PAD_3C28": 0, "PAD_3C29": 6, "PAD_3C30": 3, "PAD_3C31": 0, "PAD_3C32": 2, "PAD_3C33": 10, "PAD_3C34": 9, "PAD_3C35": 78, "PAD_3C36": 66, "PAD_3C37": 6, "PAD_3C38": 0, "PAD_3C39": 5570, "PAD_3C40": 5342, "PAD_3C41": 228, "PAD_3C42": 57, "PAD_3C43": 2, "PAD_3C44": 3, "PAD_3C45": 2, "PAD_3C46": 16, "PAD_3C47": 1, "PAD_3C48": 8, "PAD_3C49": 1, "PAD_3C50": 17, "PAD_3C51": 24, "PAD_3C52": 5, "PAD_3C53": 13, "PAD_3C54": 30, "PAD_3C55": 11, "PAD_3C56": 14, "PAD_3C57": 0, "PAD_3C58": 1, "PAD_3C59": 72, "PAD_3C60": 15, "PAD_3C61": 26, "PAD_3C62": 1, "PAD_3C63": 15, "PAD_3C64": 3, "PAD_3C65": 0, "PAD_3C66": 2, "PAD_3C67": 0, "PAD_3C68": 0, "PAD_3C69": 1, "PAD_3C70": 4, "PAD_3C71": 2, "PAD_3C72": 45, "PAD_3C73": 35, "PAD_3C74": 6, "PAD_3C75": 0, "PAD_3C76": 5708, "PAD_3C77": 5455, "PAD_3C78": 253, "PAD_3C79": 63, "PAD_3C80": 3, "PAD_3C81": 2, "PAD_3C82": 6, "PAD_3C83": 12, "PAD_3C84": 2, "PAD_3C85": 6, "PAD_3C86": 2, "PAD_3C87": 21, "PAD_3C88": 24, "PAD_3C89": 4, "PAD_3C90": 12, "PAD_3C91": 16, "PAD_3C92": 4, "PAD_3C93": 9, "PAD_3C94": 0, "PAD_3C95": 0, "PAD_3C96": 117, "PAD_3C97": 22, "PAD_3C98": 30, "PAD_3C99": 6, "PAD_3_COD_PROV": "46", "PAD_3_COD_CCAA": "10", "Shape__Area": 12058535.775634799, "Shape__Length": 18885.118336311101 }, "geometry": { "type": "Polygon", "coordinates": [ [ [ -0.444561302314097, 39.448494147180803 ], [ -0.442938307107125, 39.447447727694602 ], [ -0.439210767598614, 39.4489619007336 ], [ -0.432851750009173, 39.449992712300798 ], [ -0.431515517702141, 39.450286945166198 ], [ -0.428956690869868, 39.447195518978297 ], [ -0.428896898106231, 39.445662691298701 ], [ -0.426960969380145, 39.4439785372304 ], [ -0.425720672653869, 39.441748629893098 ], [ -0.424302398110257, 39.439198514675297 ], [ -0.421339720167268, 39.435413883839402 ], [ -0.420894024632322, 39.4351106137172 ], [ -0.421424942439939, 39.434697780276402 ], [ -0.421578982849919, 39.434529984187201 ], [ -0.421716222967449, 39.434380521093203 ], [ -0.421751425248507, 39.434342010125398 ], [ -0.419845148113314, 39.432162921152099 ], [ -0.419732742820107, 39.431422856913002 ], [ -0.419733172214819, 39.431422736183798 ], [ -0.422319034743904, 39.430725662135799 ], [ -0.423534307101303, 39.430398026292501 ], [ -0.42544474972447, 39.4304951639512 ], [ -0.425455182758194, 39.430453531956701 ], [ -0.425886558249209, 39.428730303173197 ], [ -0.426001025175955, 39.428273030061398 ], [ -0.426020244631455, 39.4281962240876 ], [ -0.426236613749111, 39.427165432002901 ], [ -0.425636928109823, 39.426471662713297 ], [ -0.425568839404558, 39.426392868824799 ], [ -0.425474703149321, 39.426287688042301 ], [ -0.424613357132384, 39.425325189078698 ], [ -0.424501807035347, 39.425200577276698 ], [ -0.423925183844374, 39.424568695974799 ], [ -0.421856113115083, 39.424017230074298 ], [ -0.420843188970377, 39.423719001653801 ], [ -0.420843297666525, 39.423716071913802 ], [ -0.421010914315406, 39.419469675142501 ], [ -0.422789983718154, 39.419086863795798 ], [ -0.426380272329336, 39.4181107119948 ], [ -0.428171757347634, 39.416773737152901 ], [ -0.429575727118666, 39.416174162072203 ], [ -0.435170726660626, 39.412874920339398 ], [ -0.435439516068374, 39.4132413992659 ], [ -0.435785934289695, 39.413688484207597 ], [ -0.435929936924675, 39.4141991813025 ], [ -0.436066650629472, 39.414508093160499 ], [ -0.436680821602691, 39.414927835020798 ], [ -0.437544892209858, 39.415602008842299 ], [ -0.43877558684406, 39.416579746848399 ], [ -0.439734055116219, 39.417106687764999 ], [ -0.441618742141872, 39.418032994730503 ], [ -0.442694427083892, 39.418597599092898 ], [ -0.443256449058243, 39.419027451748299 ], [ -0.443913831691607, 39.419482861856302 ], [ -0.444697292875065, 39.4199359157708 ], [ -0.445565174135686, 39.420310651744302 ], [ -0.446234507955568, 39.420645450808401 ], [ -0.446604071270172, 39.421070059156499 ], [ -0.447297437718868, 39.421824502167397 ], [ -0.445367852895318, 39.4239180071758 ], [ -0.438840268239468, 39.430279115270601 ], [ -0.439573236917439, 39.430619139041902 ], [ -0.440331488679084, 39.430956351060502 ], [ -0.440544347180617, 39.431035005182203 ], [ -0.441172180630991, 39.4312670183308 ], [ -0.442105189749711, 39.431488038816397 ], [ -0.443136482645333, 39.4318556146806 ], [ -0.443020388869577, 39.432388124014402 ], [ -0.44281986693185, 39.432998939124403 ], [ -0.442821394966146, 39.433557617021897 ], [ -0.442831759727924, 39.434277757137799 ], [ -0.442832464905412, 39.434292939242702 ], [ -0.44285674816415, 39.434802541790503 ], [ -0.442723348344478, 39.435801027798902 ], [ -0.442650760876249, 39.436045768787203 ], [ -0.442562370245548, 39.436343818182202 ], [ -0.442461103163586, 39.436876692141396 ], [ -0.443238526770018, 39.436897657122302 ], [ -0.443122794117029, 39.437021230910403 ], [ -0.443035098782348, 39.437387446900097 ], [ -0.44363987876761, 39.437467103219298 ], [ -0.443474372261344, 39.437733344928098 ], [ -0.443756145918205, 39.437729431299701 ], [ -0.444546958015645, 39.438390041866001 ], [ -0.444262095052533, 39.438676060221503 ], [ -0.443936611170571, 39.439058874274302 ], [ -0.44382029191771, 39.438998163864902 ], [ -0.443715429777963, 39.439201552685901 ], [ -0.445305472983674, 39.439915530750604 ], [ -0.450957142745326, 39.441009576294803 ], [ -0.452031189160274, 39.4412174637486 ], [ -0.455810798615909, 39.442458139859802 ], [ -0.455854136040181, 39.442472371845398 ], [ -0.456903886619931, 39.449386047966101 ], [ -0.454647253049208, 39.450093293015897 ], [ -0.449111247668599, 39.451825290946203 ], [ -0.449111124599397, 39.4518253290966 ], [ -0.446924879421075, 39.452509220329397 ], [ -0.447329211130472, 39.451598239238898 ], [ -0.446287466336521, 39.448954382728303 ], [ -0.444561302314097, 39.448494147180803 ] ] ] } },
{ "type": "Feature", "properties": { "OBJECTID": 7267, "Codigo": "46244", "Texto": "Torrent", "Cod_Prov": "46", "Cod_CCAA": "10", "FechaId": "01012017", "NUTS_0": "ES", "NUTS_1": "ES5", "NUTS_2": "ES52", "NUTS_3": "ES523", "PAD_2C02": 80630, "PAD_2C03": 4384, "PAD_2C04": 4931, "PAD_2C05": 4692, "PAD_2C06": 4351, "PAD_2C07": 4090, "PAD_2C08": 4489, "PAD_2C09": 5372, "PAD_2C10": 7083, "PAD_2C11": 7269, "PAD_2C12": 6563, "PAD_2C13": 5761, "PAD_2C14": 5201, "PAD_2C15": 4240, "PAD_2C16": 3858, "PAD_2C17": 2886, "PAD_2C18": 2231, "PAD_2C19": 1672, "PAD_2C20": 1557, "PAD_2C21": 39761, "PAD_2C22": 2239, "PAD_2C23": 2536, "PAD_2C24": 2386, "PAD_2C25": 2195, "PAD_2C26": 2123, "PAD_2C27": 2222, "PAD_2C28": 2637, "PAD_2C29": 3597, "PAD_2C30": 3741, "PAD_2C31": 3418, "PAD_2C32": 2905, "PAD_2C33": 2535, "PAD_2C34": 1995, "PAD_2C35": 1811, "PAD_2C36": 1298, "PAD_2C37": 1003, "PAD_2C38": 641, "PAD_2C39": 479, "PAD_2C40": 40869, "PAD_2C41": 2145, "PAD_2C42": 2395, "PAD_2C43": 2306, "PAD_2C44": 2156, "PAD_2C45": 1967, "PAD_2C46": 2267, "PAD_2C47": 2735, "PAD_2C48": 3486, "PAD_2C49": 3528, "PAD_2C50": 3145, "PAD_2C51": 2856, "PAD_2C52": 2666, "PAD_2C53": 2245, "PAD_2C54": 2047, "PAD_2C55": 1588, "PAD_2C56": 1228, "PAD_2C57": 1031, "PAD_2C58": 1078, "PAD_3C03": 73751, "PAD_3C04": 6879, "PAD_3C05": 2962, "PAD_3C06": 61, "PAD_3C07": 369, "PAD_3C08": 150, "PAD_3C09": 317, "PAD_3C10": 102, "PAD_3C100": 129, "PAD_3C101": 22, "PAD_3C102": 5, "PAD_3C103": 87, "PAD_3C104": 24, "PAD_3C105": 18, "PAD_3C106": 6, "PAD_3C107": 53, "PAD_3C108": 102, "PAD_3C109": 250, "PAD_3C11": 65, "PAD_3C110": 191, "PAD_3C111": 29, "PAD_3C112": 1, "PAD_3C12": 95, "PAD_3C13": 1623, "PAD_3C14": 473, "PAD_3C15": 111, "PAD_3C16": 290, "PAD_3C17": 1609, "PAD_3C18": 283, "PAD_3C19": 848, "PAD_3C20": 247, "PAD_3C21": 24, "PAD_3C22": 1285, "PAD_3C23": 143, "PAD_3C24": 190, "PAD_3C25": 79, "PAD_3C26": 212, "PAD_3C27": 37, "PAD_3C28": 9, "PAD_3C29": 167, "PAD_3C30": 32, "PAD_3C31": 26, "PAD_3C32": 11, "PAD_3C33": 102, "PAD_3C34": 159, "PAD_3C35": 545, "PAD_3C36": 384, "PAD_3C37": 100, "PAD_3C38": 5, "PAD_3C39": 39761, "PAD_3C40": 36355, "PAD_3C41": 3406, "PAD_3C42": 1474, "PAD_3C43": 33, "PAD_3C44": 193, "PAD_3C45": 73, "PAD_3C46": 174, "PAD_3C47": 50, "PAD_3C48": 39, "PAD_3C49": 51, "PAD_3C50": 780, "PAD_3C51": 202, "PAD_3C52": 34, "PAD_3C53": 129, "PAD_3C54": 925, "PAD_3C55": 171, "PAD_3C56": 470, "PAD_3C57": 142, "PAD_3C58": 19, "PAD_3C59": 506, "PAD_3C60": 62, "PAD_3C61": 77, "PAD_3C62": 24, "PAD_3C63": 83, "PAD_3C64": 15, "PAD_3C65": 4, "PAD_3C66": 80, "PAD_3C67": 8, "PAD_3C68": 8, "PAD_3C69": 5, "PAD_3C70": 49, "PAD_3C71": 57, "PAD_3C72": 295, "PAD_3C73": 193, "PAD_3C74": 71, "PAD_3C75": 4, "PAD_3C76": 40869, "PAD_3C77": 37396, "PAD_3C78": 3473, "PAD_3C79": 1488, "PAD_3C80": 28, "PAD_3C81": 176, "PAD_3C82": 77, "PAD_3C83": 143, "PAD_3C84": 52, "PAD_3C85": 26, "PAD_3C86": 44, "PAD_3C87": 843, "PAD_3C88": 271, "PAD_3C89": 77, "PAD_3C90": 161, "PAD_3C91": 684, "PAD_3C92": 112, "PAD_3C93": 378, "PAD_3C94": 105, "PAD_3C95": 5, "PAD_3C96": 779, "PAD_3C97": 81, "PAD_3C98": 113, "PAD_3C99": 55, "PAD_3_COD_PROV": "46", "PAD_3_COD_CCAA": "10", "Shape__Area": 116235482.748734, "Shape__Length": 54847.019966091997 }, "geometry": { "type": "Polygon", "coordinates": [ [ [ -0.456904140843176, 39.449386081262098 ], [ -0.456904098622346, 39.449385975824697 ], [ -0.456903886619931, 39.449386047966101 ], [ -0.455854136040181, 39.442472371845398 ], [ -0.455810798615909, 39.442458139859802 ], [ -0.452031189160274, 39.4412174637486 ], [ -0.450957142745326, 39.441009576294803 ], [ -0.445305472983674, 39.439915530750604 ], [ -0.443715429777963, 39.439201552685901 ], [ -0.44382029191771, 39.438998163864902 ], [ -0.443936611170571, 39.439058874274302 ], [ -0.444262095052533, 39.438676060221503 ], [ -0.444546958015645, 39.438390041866001 ], [ -0.443756145918205, 39.437729431299701 ], [ -0.443474372261344, 39.437733344928098 ], [ -0.44363987876761, 39.437467103219298 ], [ -0.443035098782348, 39.437387446900097 ], [ -0.443122794117029, 39.437021230910403 ], [ -0.443238526770018, 39.436897657122302 ], [ -0.442461103163586, 39.436876692141396 ], [ -0.442562370245548, 39.436343818182202 ], [ -0.442650760876249, 39.436045768787203 ], [ -0.442723348344478, 39.435801027798902 ], [ -0.44285674816415, 39.434802541790503 ], [ -0.442832464905412, 39.434292939242702 ], [ -0.442831759727924, 39.434277757137799 ], [ -0.442821394966146, 39.433557617021897 ], [ -0.44281986693185, 39.432998939124403 ], [ -0.443020388869577, 39.432388124014402 ], [ -0.443136482645333, 39.4318556146806 ], [ -0.442105189749711, 39.431488038816397 ], [ -0.441172180630991, 39.4312670183308 ], [ -0.440544347180617, 39.431035005182203 ], [ -0.440331488679084, 39.430956351060502 ], [ -0.439573236917439, 39.430619139041902 ], [ -0.438840268239468, 39.430279115270601 ], [ -0.445367852895318, 39.4239180071758 ], [ -0.447297437718868, 39.421824502167397 ], [ -0.446604071270172, 39.421070059156499 ], [ -0.446234507955568, 39.420645450808401 ], [ -0.445565174135686, 39.420310651744302 ], [ -0.444697292875065, 39.4199359157708 ], [ -0.443913831691607, 39.419482861856302 ], [ -0.443256449058243, 39.419027451748299 ], [ -0.442694427083892, 39.418597599092898 ], [ -0.441618742141872, 39.418032994730503 ], [ -0.439734055116219, 39.417106687764999 ], [ -0.43877558684406, 39.416579746848399 ], [ -0.437544892209858, 39.415602008842299 ], [ -0.436680821602691, 39.414927835020798 ], [ -0.436066650629472, 39.414508093160499 ], [ -0.435929936924675, 39.4141991813025 ], [ -0.435785934289695, 39.413688484207597 ], [ -0.435439516068374, 39.4132413992659 ], [ -0.435170726660626, 39.412874920339398 ], [ -0.435820279577955, 39.412491881918299 ], [ -0.438225868195823, 39.410554558205 ], [ -0.439672996626372, 39.4096917758636 ], [ -0.447842268633631, 39.404820368216797 ], [ -0.449953606893685, 39.4032986151947 ], [ -0.450772687176454, 39.402793228184699 ], [ -0.450772913551923, 39.402793530825598 ], [ -0.450773148012198, 39.402793494730801 ], [ -0.454368273152887, 39.4022777447802 ], [ -0.455635502269709, 39.4017741516681 ], [ -0.455829347928241, 39.4016971269943 ], [ -0.456765101400127, 39.401510408930797 ], [ -0.456950934086316, 39.401498498124099 ], [ -0.457917388381372, 39.401436506920099 ], [ -0.458504075398493, 39.401269170793398 ], [ -0.461045691408243, 39.400748156931101 ], [ -0.461592719602206, 39.400633982197903 ], [ -0.463680555239466, 39.400087944770704 ], [ -0.463691147274975, 39.400085184800403 ], [ -0.464571690289519, 39.399932081941301 ], [ -0.465210230759763, 39.399821039311298 ], [ -0.465899708401592, 39.399700914097899 ], [ -0.465899561077901, 39.399700339332298 ], [ -0.472393644861862, 39.398653622915603 ], [ -0.475645143745109, 39.398318852218999 ], [ -0.47871961792354, 39.398403819894803 ], [ -0.504529353303452, 39.399113905183803 ], [ -0.50964654523399, 39.398556352721599 ], [ -0.520861010833022, 39.393714392261103 ], [ -0.536569727137211, 39.386824246064698 ], [ -0.543795054833817, 39.388027835796699 ], [ -0.546184076721213, 39.388425682751198 ], [ -0.54787183776522, 39.3887067352263 ], [ -0.549947256888632, 39.389052277784302 ], [ -0.566353885116864, 39.3880089042351 ], [ -0.570556246236779, 39.387411007773402 ], [ -0.574030779737111, 39.386916535821598 ], [ -0.590672399158796, 39.3918486291333 ], [ -0.593327897292081, 39.4040939466583 ], [ -0.598364186948155, 39.4082605569115 ], [ -0.599357142442416, 39.4100997588422 ], [ -0.603960609421517, 39.4099610422182 ], [ -0.603962388085804, 39.4102493677117 ], [ -0.604169156908013, 39.4109923622024 ], [ -0.604342827303566, 39.411413160743798 ], [ -0.604780441594224, 39.412473410199702 ], [ -0.605330085682268, 39.414440770996102 ], [ -0.605856371776318, 39.416324386667903 ], [ -0.606095514983056, 39.416787859182897 ], [ -0.606095982107013, 39.4167887870492 ], [ -0.606096076430109, 39.416789623308802 ], [ -0.606212956231725, 39.417782150752601 ], [ -0.607275220343409, 39.420002236103102 ], [ -0.609037094194984, 39.423164606206001 ], [ -0.609037979933855, 39.4231728320256 ], [ -0.609292089971534, 39.425557224708598 ], [ -0.609218352659753, 39.427372188797897 ], [ -0.609218208929317, 39.427375541654499 ], [ -0.609643783998508, 39.427818303269397 ], [ -0.612743223257008, 39.431042785315398 ], [ -0.612751814744381, 39.431051722094502 ], [ -0.612878220281285, 39.4314326630316 ], [ -0.613020878138277, 39.431879598687203 ], [ -0.613147295353277, 39.432275576099698 ], [ -0.613342651978127, 39.4328875619954 ], [ -0.613473221206344, 39.433296579013998 ], [ -0.61353816940139, 39.433500069128598 ], [ -0.613540682887569, 39.433507944734501 ], [ -0.613717739931746, 39.4340625451375 ], [ -0.61386831284473, 39.4345496246887 ], [ -0.613874699866393, 39.434570273990701 ], [ -0.613440995942167, 39.4367235042522 ], [ -0.613377359287451, 39.437013490297097 ], [ -0.613372114922796, 39.437037426737902 ], [ -0.612797288362385, 39.437539118797403 ], [ -0.615435702335603, 39.4412508559139 ], [ -0.615492995986115, 39.441287881911798 ], [ -0.615867668019745, 39.441529977798297 ], [ -0.61682844765717, 39.4421820207263 ], [ -0.616866962026659, 39.442208160784602 ], [ -0.617263577207722, 39.44419686669 ], [ -0.617259662349738, 39.444190177857401 ], [ -0.616495861694555, 39.442885282695698 ], [ -0.616056482214368, 39.442978366125999 ], [ -0.615255262236057, 39.443148100261602 ], [ -0.615246754292014, 39.4431456187937 ], [ -0.614956178941992, 39.443060895029703 ], [ -0.614744913153479, 39.442927265226501 ], [ -0.614705965796022, 39.442902628059798 ], [ -0.613771075605113, 39.442378958907803 ], [ -0.612503826725389, 39.441952093931597 ], [ -0.610979849218914, 39.4414387440399 ], [ -0.609608446970186, 39.4407709251618 ], [ -0.608647642179976, 39.440327753289402 ], [ -0.605558512885997, 39.438930868130498 ], [ -0.603952981826463, 39.435609497952903 ], [ -0.603665557766459, 39.435532426013303 ], [ -0.601696641106527, 39.435004456027102 ], [ -0.592820242257066, 39.432658885336799 ], [ -0.592253310091347, 39.432514103694501 ], [ -0.592244443719495, 39.432511834854999 ], [ -0.591708466600158, 39.432398818107103 ], [ -0.584510229397587, 39.430880688735499 ], [ -0.581253390029963, 39.430193648693901 ], [ -0.565946156877375, 39.428748012181799 ], [ -0.554757581623189, 39.428792435253698 ], [ -0.546384059669781, 39.434911103148998 ], [ -0.545290808172354, 39.435709857998297 ], [ -0.54479190093154, 39.436079483273197 ], [ -0.537309885930717, 39.441621973861899 ], [ -0.536312190925037, 39.442357536323001 ], [ -0.534542294219651, 39.443662362288102 ], [ -0.533381561278096, 39.443628682689699 ], [ -0.533379019944174, 39.4436279258368 ], [ -0.533025100790223, 39.443522032255103 ], [ -0.530563193193927, 39.4431544152744 ], [ -0.52873353426764, 39.442980382800499 ], [ -0.527839210198324, 39.442970357007198 ], [ -0.527302598868403, 39.443031022330601 ], [ -0.526052834797349, 39.442887279254599 ], [ -0.525492974169582, 39.442947441001898 ], [ -0.525488765562481, 39.442948625200302 ], [ -0.524753536723246, 39.443156909922898 ], [ -0.524286278926503, 39.443228024709299 ], [ -0.523996953133077, 39.443194845772801 ], [ -0.523022523594923, 39.442822714338398 ], [ -0.52228939771176, 39.442700790133898 ], [ -0.521654480147043, 39.442595199691802 ], [ -0.521220576796828, 39.442523029782002 ], [ -0.520896756594791, 39.442401213969497 ], [ -0.520865151168144, 39.442389319167098 ], [ -0.520772913951405, 39.442369347188603 ], [ -0.519686315376981, 39.442211027310599 ], [ -0.519150482886444, 39.442178771255399 ], [ -0.518063156676637, 39.442113296884202 ], [ -0.517359867437336, 39.441956452704297 ], [ -0.51734844266355, 39.441953903207398 ], [ -0.511266614628083, 39.443599682939301 ], [ -0.507845440157342, 39.444525322819501 ], [ -0.507002732385915, 39.444051513815502 ], [ -0.504963677065242, 39.4429049811962 ], [ -0.497677726561682, 39.444225850930003 ], [ -0.497350055282021, 39.444290882804701 ], [ -0.497000792994489, 39.444310358918102 ], [ -0.496329985937534, 39.444223866202599 ], [ -0.495293103724205, 39.444300626064901 ], [ -0.495240427414274, 39.444299842858101 ], [ -0.495101959299745, 39.4442977998606 ], [ -0.493969223252329, 39.444281100694901 ], [ -0.489652795854274, 39.444440233064498 ], [ -0.486618579675299, 39.444807130815597 ], [ -0.486445977376594, 39.4448345442377 ], [ -0.47248974483432, 39.447050284046497 ], [ -0.469067251636707, 39.4474988870152 ], [ -0.46867165694178, 39.4475507316589 ], [ -0.466477077194255, 39.447838334225104 ], [ -0.464142907336426, 39.448188177329399 ], [ -0.463486142743999, 39.448286613025303 ], [ -0.461861155972028, 39.448479195003003 ], [ -0.461817321779427, 39.448484389940099 ], [ -0.461455395941346, 39.4485305602811 ], [ -0.460676432622522, 39.448707561681097 ], [ -0.460623496699463, 39.448719580265603 ], [ -0.460169063251717, 39.448754700935197 ], [ -0.458483038651165, 39.449105196340703 ], [ -0.458473892903249, 39.449107964775301 ], [ -0.457120086854333, 39.449516808862199 ], [ -0.456957534907021, 39.449513251746197 ], [ -0.456904536101899, 39.449387039909404 ], [ -0.456904140843176, 39.449386081262098 ] ] ] } },
{ "type": "Feature", "properties": { "OBJECTID": 7077, "Codigo": "46054", "Texto": "Benetússer", "Cod_Prov": "46", "Cod_CCAA": "10", "FechaId": "01012017", "NUTS_0": "ES", "NUTS_1": "ES5", "NUTS_2": "ES52", "NUTS_3": "ES523", "PAD_2C02": 14495, "PAD_2C03": 676, "PAD_2C04": 785, "PAD_2C05": 717, "PAD_2C06": 694, "PAD_2C07": 669, "PAD_2C08": 719, "PAD_2C09": 899, "PAD_2C10": 1225, "PAD_2C11": 1211, "PAD_2C12": 1132, "PAD_2C13": 1121, "PAD_2C14": 1027, "PAD_2C15": 822, "PAD_2C16": 790, "PAD_2C17": 672, "PAD_2C18": 530, "PAD_2C19": 449, "PAD_2C20": 357, "PAD_2C21": 7041, "PAD_2C22": 353, "PAD_2C23": 393, "PAD_2C24": 381, "PAD_2C25": 336, "PAD_2C26": 348, "PAD_2C27": 372, "PAD_2C28": 435, "PAD_2C29": 631, "PAD_2C30": 598, "PAD_2C31": 551, "PAD_2C32": 546, "PAD_2C33": 505, "PAD_2C34": 396, "PAD_2C35": 383, "PAD_2C36": 313, "PAD_2C37": 209, "PAD_2C38": 184, "PAD_2C39": 107, "PAD_2C40": 7454, "PAD_2C41": 323, "PAD_2C42": 392, "PAD_2C43": 336, "PAD_2C44": 358, "PAD_2C45": 321, "PAD_2C46": 347, "PAD_2C47": 464, "PAD_2C48": 594, "PAD_2C49": 613, "PAD_2C50": 581, "PAD_2C51": 575, "PAD_2C52": 522, "PAD_2C53": 426, "PAD_2C54": 407, "PAD_2C55": 359, "PAD_2C56": 321, "PAD_2C57": 265, "PAD_2C58": 250, "PAD_3C03": 13602, "PAD_3C04": 893, "PAD_3C05": 252, "PAD_3C06": 6, "PAD_3C07": 86, "PAD_3C08": 6, "PAD_3C09": 39, "PAD_3C10": 5, "PAD_3C100": 26, "PAD_3C101": 4, "PAD_3C102": 0, "PAD_3C103": 19, "PAD_3C104": 8, "PAD_3C105": 2, "PAD_3C106": 1, "PAD_3C107": 11, "PAD_3C108": 13, "PAD_3C109": 51, "PAD_3C11": 6, "PAD_3C110": 36, "PAD_3C111": 13, "PAD_3C112": 0, "PAD_3C12": 5, "PAD_3C13": 94, "PAD_3C14": 35, "PAD_3C15": 10, "PAD_3C16": 10, "PAD_3C17": 232, "PAD_3C18": 27, "PAD_3C19": 132, "PAD_3C20": 19, "PAD_3C21": 23, "PAD_3C22": 275, "PAD_3C23": 25, "PAD_3C24": 63, "PAD_3C25": 7, "PAD_3C26": 53, "PAD_3C27": 7, "PAD_3C28": 2, "PAD_3C29": 37, "PAD_3C30": 11, "PAD_3C31": 5, "PAD_3C32": 1, "PAD_3C33": 27, "PAD_3C34": 17, "PAD_3C35": 99, "PAD_3C36": 67, "PAD_3C37": 27, "PAD_3C38": 0, "PAD_3C39": 7041, "PAD_3C40": 6618, "PAD_3C41": 423, "PAD_3C42": 135, "PAD_3C43": 4, "PAD_3C44": 45, "PAD_3C45": 4, "PAD_3C46": 24, "PAD_3C47": 2, "PAD_3C48": 4, "PAD_3C49": 5, "PAD_3C50": 46, "PAD_3C51": 13, "PAD_3C52": 3, "PAD_3C53": 3, "PAD_3C54": 112, "PAD_3C55": 16, "PAD_3C56": 57, "PAD_3C57": 9, "PAD_3C58": 16, "PAD_3C59": 115, "PAD_3C60": 9, "PAD_3C61": 24, "PAD_3C62": 1, "PAD_3C63": 27, "PAD_3C64": 3, "PAD_3C65": 2, "PAD_3C66": 18, "PAD_3C67": 3, "PAD_3C68": 3, "PAD_3C69": 0, "PAD_3C70": 16, "PAD_3C71": 4, "PAD_3C72": 48, "PAD_3C73": 31, "PAD_3C74": 14, "PAD_3C75": 0, "PAD_3C76": 7454, "PAD_3C77": 6984, "PAD_3C78": 470, "PAD_3C79": 117, "PAD_3C80": 2, "PAD_3C81": 41, "PAD_3C82": 2, "PAD_3C83": 15, "PAD_3C84": 3, "PAD_3C85": 2, "PAD_3C86": 0, "PAD_3C87": 48, "PAD_3C88": 22, "PAD_3C89": 7, "PAD_3C90": 7, "PAD_3C91": 120, "PAD_3C92": 11, "PAD_3C93": 75, "PAD_3C94": 10, "PAD_3C95": 7, "PAD_3C96": 160, "PAD_3C97": 16, "PAD_3C98": 39, "PAD_3C99": 6, "PAD_3_COD_PROV": "46", "PAD_3_COD_CCAA": "10", "Shape__Area": 1300842.80570984, "Shape__Length": 4572.8719033842299 }, "geometry": { "type": "Polygon", "coordinates": [ [ [ -0.392973324691515, 39.418060599123301 ], [ -0.392989628215603, 39.417132944800102 ], [ -0.393114121239253, 39.4171708927393 ], [ -0.393276702830969, 39.417220451060899 ], [ -0.394366774292272, 39.417578196265197 ], [ -0.395645498251419, 39.417859093814201 ], [ -0.39743521538523, 39.418193829703903 ], [ -0.397473438700593, 39.418200979057502 ], [ -0.39799851476392, 39.418299164966598 ], [ -0.39873654904179, 39.418441806084402 ], [ -0.398949090438014, 39.418493532172199 ], [ -0.399512121220438, 39.418630555181501 ], [ -0.39971494913348, 39.418679923010899 ], [ -0.400041913439026, 39.418694392334899 ], [ -0.402184847244258, 39.418789140309002 ], [ -0.402187782040275, 39.418789539342498 ], [ -0.402246024311722, 39.418796907930002 ], [ -0.403616457278248, 39.418970499772101 ], [ -0.403617754445524, 39.419013629272598 ], [ -0.403617759835406, 39.419014720192102 ], [ -0.403541613242043, 39.420750579038497 ], [ -0.403168296766167, 39.422670089992003 ], [ -0.403013166699741, 39.423053368797497 ], [ -0.402997922289364, 39.423091033860402 ], [ -0.40257854829057, 39.424127452823797 ], [ -0.402221725781599, 39.4250092160542 ], [ -0.402168325429541, 39.4255661448437 ], [ -0.402164829186471, 39.425602524826999 ], [ -0.401992176582096, 39.426184205762702 ], [ -0.40198681902974, 39.426328251843799 ], [ -0.401936764003806, 39.426738779112704 ], [ -0.401925083210182, 39.426834581274697 ], [ -0.398884100920468, 39.426512113302998 ], [ -0.39452695558551, 39.426049898951902 ], [ -0.394329145661621, 39.425748202780397 ], [ -0.393567592591309, 39.424628172690497 ], [ -0.393154795158699, 39.424021036221603 ], [ -0.392842600953063, 39.423561796854301 ], [ -0.392504517300945, 39.423283965154397 ], [ -0.392275746940792, 39.423188761134497 ], [ -0.392597059046567, 39.421776690300497 ], [ -0.392720359107505, 39.421234857193298 ], [ -0.392736325763382, 39.421118079692597 ], [ -0.392864440794263, 39.420175037301703 ], [ -0.392948347035053, 39.419483246312602 ], [ -0.392949946036253, 39.4193919920097 ], [ -0.392973324691515, 39.418060599123301 ] ] ] } },
{ "type": "Feature", "properties": { "OBJECTID": 7188, "Codigo": "46165", "Texto": "Massanassa", "Cod_Prov": "46", "Cod_CCAA": "10", "FechaId": "01012017", "NUTS_0": "ES", "NUTS_1": "ES5", "NUTS_2": "ES52", "NUTS_3": "ES523", "PAD_2C02": 9375, "PAD_2C03": 476, "PAD_2C04": 579, "PAD_2C05": 466, "PAD_2C06": 420, "PAD_2C07": 420, "PAD_2C08": 493, "PAD_2C09": 623, "PAD_2C10": 932, "PAD_2C11": 839, "PAD_2C12": 761, "PAD_2C13": 633, "PAD_2C14": 647, "PAD_2C15": 506, "PAD_2C16": 390, "PAD_2C17": 353, "PAD_2C18": 303, "PAD_2C19": 285, "PAD_2C20": 249, "PAD_2C21": 4651, "PAD_2C22": 258, "PAD_2C23": 318, "PAD_2C24": 232, "PAD_2C25": 218, "PAD_2C26": 205, "PAD_2C27": 249, "PAD_2C28": 312, "PAD_2C29": 490, "PAD_2C30": 428, "PAD_2C31": 377, "PAD_2C32": 317, "PAD_2C33": 318, "PAD_2C34": 261, "PAD_2C35": 176, "PAD_2C36": 171, "PAD_2C37": 126, "PAD_2C38": 112, "PAD_2C39": 83, "PAD_2C40": 4724, "PAD_2C41": 218, "PAD_2C42": 261, "PAD_2C43": 234, "PAD_2C44": 202, "PAD_2C45": 215, "PAD_2C46": 244, "PAD_2C47": 311, "PAD_2C48": 442, "PAD_2C49": 411, "PAD_2C50": 384, "PAD_2C51": 316, "PAD_2C52": 329, "PAD_2C53": 245, "PAD_2C54": 214, "PAD_2C55": 182, "PAD_2C56": 177, "PAD_2C57": 173, "PAD_2C58": 166, "PAD_3C03": 8811, "PAD_3C04": 564, "PAD_3C05": 178, "PAD_3C06": 4, "PAD_3C07": 59, "PAD_3C08": 8, "PAD_3C09": 9, "PAD_3C10": 1, "PAD_3C100": 14, "PAD_3C101": 7, "PAD_3C102": 1, "PAD_3C103": 11, "PAD_3C104": 5, "PAD_3C105": 1, "PAD_3C106": 2, "PAD_3C107": 7, "PAD_3C108": 6, "PAD_3C109": 15, "PAD_3C11": 6, "PAD_3C110": 13, "PAD_3C111": 0, "PAD_3C112": 0, "PAD_3C12": 3, "PAD_3C13": 80, "PAD_3C14": 43, "PAD_3C15": 12, "PAD_3C16": 18, "PAD_3C17": 144, "PAD_3C18": 46, "PAD_3C19": 70, "PAD_3C20": 13, "PAD_3C21": 3, "PAD_3C22": 163, "PAD_3C23": 9, "PAD_3C24": 33, "PAD_3C25": 7, "PAD_3C26": 26, "PAD_3C27": 11, "PAD_3C28": 1, "PAD_3C29": 25, "PAD_3C30": 5, "PAD_3C31": 1, "PAD_3C32": 12, "PAD_3C33": 12, "PAD_3C34": 14, "PAD_3C35": 36, "PAD_3C36": 29, "PAD_3C37": 2, "PAD_3C38": 0, "PAD_3C39": 4651, "PAD_3C40": 4368, "PAD_3C41": 283, "PAD_3C42": 93, "PAD_3C43": 2, "PAD_3C44": 29, "PAD_3C45": 7, "PAD_3C46": 5, "PAD_3C47": 0, "PAD_3C48": 5, "PAD_3C49": 3, "PAD_3C50": 39, "PAD_3C51": 18, "PAD_3C52": 3, "PAD_3C53": 9, "PAD_3C54": 77, "PAD_3C55": 24, "PAD_3C56": 41, "PAD_3C57": 5, "PAD_3C58": 3, "PAD_3C59": 74, "PAD_3C60": 4, "PAD_3C61": 12, "PAD_3C62": 2, "PAD_3C63": 12, "PAD_3C64": 4, "PAD_3C65": 0, "PAD_3C66": 14, "PAD_3C67": 0, "PAD_3C68": 0, "PAD_3C69": 10, "PAD_3C70": 5, "PAD_3C71": 8, "PAD_3C72": 21, "PAD_3C73": 16, "PAD_3C74": 2, "PAD_3C75": 0, "PAD_3C76": 4724, "PAD_3C77": 4443, "PAD_3C78": 281, "PAD_3C79": 85, "PAD_3C80": 2, "PAD_3C81": 30, "PAD_3C82": 1, "PAD_3C83": 4, "PAD_3C84": 1, "PAD_3C85": 1, "PAD_3C86": 0, "PAD_3C87": 41, "PAD_3C88": 25, "PAD_3C89": 9, "PAD_3C90": 9, "PAD_3C91": 67, "PAD_3C92": 22, "PAD_3C93": 29, "PAD_3C94": 8, "PAD_3C95": 0, "PAD_3C96": 89, "PAD_3C97": 5, "PAD_3C98": 21, "PAD_3C99": 5, "PAD_3_COD_PROV": "46", "PAD_3_COD_CCAA": "10", "Shape__Area": 9401759.4623565692, "Shape__Length": 22144.057595640199 }, "geometry": { "type": "Polygon", "coordinates": [ [ [ -0.393551998736294, 39.414055323911299 ], [ -0.3935955733158, 39.413831701080603 ], [ -0.393552818898144, 39.413831955092199 ], [ -0.39297897329803, 39.4138353592637 ], [ -0.392973286063973, 39.413835398128803 ], [ -0.391313371895456, 39.413500905040202 ], [ -0.390981121902789, 39.413476585740902 ], [ -0.389714995018839, 39.413383927890301 ], [ -0.388432002265451, 39.413219992706502 ], [ -0.385238165341927, 39.412440336684597 ], [ -0.385221029079596, 39.412436150267901 ], [ -0.385200405557299, 39.412421646331303 ], [ -0.384281858416351, 39.411775431747699 ], [ -0.384067329946714, 39.411575092309 ], [ -0.383451461157581, 39.410999996740699 ], [ -0.382871138704262, 39.4106806759101 ], [ -0.382838864032744, 39.4106743371322 ], [ -0.382041078313737, 39.410517819870201 ], [ -0.381755988975189, 39.4104419590658 ], [ -0.380672719557209, 39.4101536947516 ], [ -0.379165845973769, 39.4097684217734 ], [ -0.3781398702063, 39.409565110836198 ], [ -0.377755973373009, 39.409583466722701 ], [ -0.374780327350555, 39.409345186159399 ], [ -0.373740744801484, 39.409195585760997 ], [ -0.372982383445359, 39.408980235221797 ], [ -0.372489305372444, 39.408844893023002 ], [ -0.372338686645375, 39.4088035541807 ], [ -0.371720767900799, 39.408737100343998 ], [ -0.371702529405563, 39.408735138898102 ], [ -0.370684775019597, 39.408315738026999 ], [ -0.370517629087929, 39.408150620018603 ], [ -0.370516779281674, 39.408149771856202 ], [ -0.37027329182224, 39.4075226959052 ], [ -0.370034710960852, 39.407382175780597 ], [ -0.369889959130927, 39.407216730035003 ], [ -0.369285524997081, 39.406969468896101 ], [ -0.369283837960965, 39.406968787300798 ], [ -0.368501257126463, 39.406779939303497 ], [ -0.367773593000252, 39.406367101141498 ], [ -0.367041809200119, 39.405755940864303 ], [ -0.367038224023837, 39.405751987264402 ], [ -0.366406236763551, 39.405056921336303 ], [ -0.365812417123109, 39.404791230844097 ], [ -0.364161134866135, 39.401465660271398 ], [ -0.36414544309477, 39.401451782947298 ], [ -0.363273454736685, 39.400679810102503 ], [ -0.362862200609722, 39.4001930491617 ], [ -0.362861632874457, 39.400186081912999 ], [ -0.362679268583561, 39.397963777275898 ], [ -0.362637206767033, 39.397539443323602 ], [ -0.362462127813098, 39.3972561800419 ], [ -0.362460788424992, 39.397255226230698 ], [ -0.361907939148004, 39.396865246195802 ], [ -0.360945626086434, 39.396212827816498 ], [ -0.360532714567759, 39.395771056007298 ], [ -0.360289360058996, 39.395143933316596 ], [ -0.360289211836941, 39.395143393917998 ], [ -0.360099521784949, 39.394328840333102 ], [ -0.360046266061624, 39.394201512195302 ], [ -0.359463713989775, 39.393026188223097 ], [ -0.359397165895198, 39.392943609086103 ], [ -0.358796390599497, 39.392263901828798 ], [ -0.35879588933955, 39.392263340886601 ], [ -0.357605716809517, 39.391191288150601 ], [ -0.357013251828498, 39.390364975662003 ], [ -0.356469809709181, 39.3896070111321 ], [ -0.356073431683318, 39.389364205837602 ], [ -0.356072660030478, 39.389363746929 ], [ -0.354927669165992, 39.388941344193199 ], [ -0.354195835060189, 39.388339147053799 ], [ -0.353233379166481, 39.387695651684197 ], [ -0.352092881675009, 39.386747967214703 ], [ -0.352085272944561, 39.386741631816001 ], [ -0.351907154091714, 39.385620462692899 ], [ -0.351653435719504, 39.385118716303303 ], [ -0.35099281465957, 39.383812260261301 ], [ -0.35087026828513, 39.383569895834199 ], [ -0.350110192045146, 39.382489519189903 ], [ -0.34955747302387, 39.381449921259801 ], [ -0.348703848925116, 39.380517956824697 ], [ -0.347450647001504, 39.379149696677601 ], [ -0.3471644401587, 39.3784314583284 ], [ -0.346883469595711, 39.3779532788257 ], [ -0.346826412202136, 39.377856186003399 ], [ -0.346793175434927, 39.377826072875997 ], [ -0.346377489918683, 39.377449558738199 ], [ -0.345694635555454, 39.376278282854599 ], [ -0.345690802444139, 39.376272861717403 ], [ -0.34313415941631, 39.370854222155401 ], [ -0.343133647376598, 39.370853177705001 ], [ -0.34111943227013, 39.366742984327502 ], [ -0.344125753962902, 39.365820682656398 ], [ -0.347270068561404, 39.369822573332598 ], [ -0.348489633967532, 39.371021525670898 ], [ -0.354198794110761, 39.375050655689897 ], [ -0.357162082009846, 39.378659614332797 ], [ -0.363339436892624, 39.392169349685602 ], [ -0.365504244674978, 39.395089894163299 ], [ -0.369948807765181, 39.398253433820102 ], [ -0.378515907679185, 39.400789061151201 ], [ -0.395736852424245, 39.403878576199702 ], [ -0.396840805551628, 39.404807092659901 ], [ -0.397001517749217, 39.404942235156703 ], [ -0.399116000112745, 39.406720468181398 ], [ -0.399227410970932, 39.406814155200301 ], [ -0.401013880694969, 39.4089545282893 ], [ -0.40106525085452, 39.4090160831825 ], [ -0.401717598430686, 39.4097976146736 ], [ -0.404664259412161, 39.411981458955601 ], [ -0.405277818632689, 39.412436177335302 ], [ -0.405668928039408, 39.412850280873599 ], [ -0.405603477686118, 39.412888077069297 ], [ -0.405218340279403, 39.4131104828258 ], [ -0.404496736188112, 39.413820187970103 ], [ -0.403723761937269, 39.414580441998098 ], [ -0.403722648924632, 39.414585422237103 ], [ -0.403688560554542, 39.414618947925099 ], [ -0.403391873965633, 39.415945921918301 ], [ -0.402369346830554, 39.415700321944399 ], [ -0.402369157286033, 39.415700276834301 ], [ -0.401856573195011, 39.415577157281298 ], [ -0.400706988346169, 39.415301007949203 ], [ -0.399157674755424, 39.414928824678803 ], [ -0.398776710023192, 39.414843530129403 ], [ -0.398774635813228, 39.4148430651423 ], [ -0.398750384893818, 39.414837647695002 ], [ -0.398397489819258, 39.414758683113199 ], [ -0.397702904356767, 39.414636280894399 ], [ -0.396994961844267, 39.414511520895502 ], [ -0.396055175835077, 39.414345906763401 ], [ -0.39605597623399, 39.414334560995599 ], [ -0.393551998736294, 39.414055323911299 ] ] ] } },
{ "type": "Feature", "properties": { "OBJECTID": 7030, "Codigo": "46007", "Texto": "Albal", "Cod_Prov": "46", "Cod_CCAA": "10", "FechaId": "01012017", "NUTS_0": "ES", "NUTS_1": "ES5", "NUTS_2": "ES52", "NUTS_3": "ES523", "PAD_2C02": 16244, "PAD_2C03": 880, "PAD_2C04": 1099, "PAD_2C05": 1066, "PAD_2C06": 860, "PAD_2C07": 701, "PAD_2C08": 766, "PAD_2C09": 1131, "PAD_2C10": 1625, "PAD_2C11": 1792, "PAD_2C12": 1542, "PAD_2C13": 1190, "PAD_2C14": 950, "PAD_2C15": 674, "PAD_2C16": 580, "PAD_2C17": 444, "PAD_2C18": 370, "PAD_2C19": 284, "PAD_2C20": 290, "PAD_2C21": 8135, "PAD_2C22": 435, "PAD_2C23": 595, "PAD_2C24": 552, "PAD_2C25": 468, "PAD_2C26": 367, "PAD_2C27": 379, "PAD_2C28": 565, "PAD_2C29": 817, "PAD_2C30": 896, "PAD_2C31": 812, "PAD_2C32": 603, "PAD_2C33": 477, "PAD_2C34": 338, "PAD_2C35": 278, "PAD_2C36": 208, "PAD_2C37": 151, "PAD_2C38": 103, "PAD_2C39": 91, "PAD_2C40": 8109, "PAD_2C41": 445, "PAD_2C42": 504, "PAD_2C43": 514, "PAD_2C44": 392, "PAD_2C45": 334, "PAD_2C46": 387, "PAD_2C47": 566, "PAD_2C48": 808, "PAD_2C49": 896, "PAD_2C50": 730, "PAD_2C51": 587, "PAD_2C52": 473, "PAD_2C53": 336, "PAD_2C54": 302, "PAD_2C55": 236, "PAD_2C56": 219, "PAD_2C57": 181, "PAD_2C58": 199, "PAD_3C03": 15461, "PAD_3C04": 783, "PAD_3C05": 210, "PAD_3C06": 2, "PAD_3C07": 35, "PAD_3C08": 9, "PAD_3C09": 28, "PAD_3C10": 7, "PAD_3C100": 11, "PAD_3C101": 9, "PAD_3C102": 2, "PAD_3C103": 14, "PAD_3C104": 5, "PAD_3C105": 3, "PAD_3C106": 5, "PAD_3C107": 6, "PAD_3C108": 2, "PAD_3C109": 51, "PAD_3C11": 11, "PAD_3C110": 40, "PAD_3C111": 4, "PAD_3C112": 0, "PAD_3C12": 11, "PAD_3C13": 95, "PAD_3C14": 14, "PAD_3C15": 3, "PAD_3C16": 5, "PAD_3C17": 290, "PAD_3C18": 44, "PAD_3C19": 199, "PAD_3C20": 9, "PAD_3C21": 18, "PAD_3C22": 157, "PAD_3C23": 8, "PAD_3C24": 26, "PAD_3C25": 11, "PAD_3C26": 22, "PAD_3C27": 13, "PAD_3C28": 4, "PAD_3C29": 29, "PAD_3C30": 5, "PAD_3C31": 5, "PAD_3C32": 5, "PAD_3C33": 11, "PAD_3C34": 6, "PAD_3C35": 112, "PAD_3C36": 82, "PAD_3C37": 16, "PAD_3C38": 0, "PAD_3C39": 8135, "PAD_3C40": 7742, "PAD_3C41": 393, "PAD_3C42": 98, "PAD_3C43": 1, "PAD_3C44": 15, "PAD_3C45": 4, "PAD_3C46": 17, "PAD_3C47": 1, "PAD_3C48": 5, "PAD_3C49": 6, "PAD_3C50": 44, "PAD_3C51": 5, "PAD_3C52": 0, "PAD_3C53": 2, "PAD_3C54": 167, "PAD_3C55": 23, "PAD_3C56": 118, "PAD_3C57": 5, "PAD_3C58": 12, "PAD_3C59": 62, "PAD_3C60": 5, "PAD_3C61": 7, "PAD_3C62": 5, "PAD_3C63": 11, "PAD_3C64": 4, "PAD_3C65": 2, "PAD_3C66": 15, "PAD_3C67": 0, "PAD_3C68": 2, "PAD_3C69": 0, "PAD_3C70": 5, "PAD_3C71": 4, "PAD_3C72": 61, "PAD_3C73": 42, "PAD_3C74": 12, "PAD_3C75": 0, "PAD_3C76": 8109, "PAD_3C77": 7719, "PAD_3C78": 390, "PAD_3C79": 112, "PAD_3C80": 1, "PAD_3C81": 20, "PAD_3C82": 5, "PAD_3C83": 11, "PAD_3C84": 6, "PAD_3C85": 6, "PAD_3C86": 5, "PAD_3C87": 51, "PAD_3C88": 9, "PAD_3C89": 3, "PAD_3C90": 3, "PAD_3C91": 123, "PAD_3C92": 21, "PAD_3C93": 81, "PAD_3C94": 4, "PAD_3C95": 6, "PAD_3C96": 95, "PAD_3C97": 3, "PAD_3C98": 19, "PAD_3C99": 6, "PAD_3_COD_PROV": "46", "PAD_3_COD_CCAA": "10", "Shape__Area": 12356250.305496201, "Shape__Length": 26967.2184830806 }, "geometry": { "type": "Polygon", "coordinates": [ [ [ -0.437018626777075, 39.403572095267002 ], [ -0.435833354556909, 39.402960369769502 ], [ -0.435532441394623, 39.403015562714501 ], [ -0.435365722162709, 39.403046139062504 ], [ -0.434430426831609, 39.4032176898261 ], [ -0.432711752962051, 39.401954537784697 ], [ -0.432104365167516, 39.401418618130599 ], [ -0.431487284551099, 39.401198399821801 ], [ -0.431485455581175, 39.4011977507949 ], [ -0.430742309889353, 39.401219095100998 ], [ -0.430067252902797, 39.4012384659435 ], [ -0.430054573182533, 39.401243036895202 ], [ -0.430020209927998, 39.4012554350359 ], [ -0.429417559848288, 39.401539408845601 ], [ -0.42885069236126, 39.401797124251601 ], [ -0.428745617320802, 39.4018128250136 ], [ -0.427785564420462, 39.402025800827197 ], [ -0.427410987608258, 39.402107602191798 ], [ -0.424907420640635, 39.4022953869312 ], [ -0.42469760113975, 39.402317745727302 ], [ -0.424092541778424, 39.402254137914802 ], [ -0.423291083746549, 39.402169878089502 ], [ -0.42328639364247, 39.402169387334901 ], [ -0.418815043688785, 39.401871985181302 ], [ -0.417408139121735, 39.401921800796799 ], [ -0.416299965709155, 39.401886914737403 ], [ -0.41629991989507, 39.401886914043402 ], [ -0.416255473949746, 39.4018855160462 ], [ -0.416251559091762, 39.401885393183399 ], [ -0.416216304708439, 39.4018842853366 ], [ -0.41448531313968, 39.401829768977301 ], [ -0.414253581932361, 39.401815627952203 ], [ -0.413817995139285, 39.401794653111402 ], [ -0.412862603596985, 39.401748642686002 ], [ -0.411489714636461, 39.4019247120168 ], [ -0.411485870745347, 39.401925199302497 ], [ -0.411411212660409, 39.401957444838402 ], [ -0.410990225287361, 39.402139340923299 ], [ -0.410565203580349, 39.402328059883203 ], [ -0.410335713669654, 39.402291095091002 ], [ -0.409511350394655, 39.402158306134297 ], [ -0.408107573761432, 39.401932180954397 ], [ -0.407125324388745, 39.401773944814202 ], [ -0.406986486168312, 39.401301813683702 ], [ -0.406986444845812, 39.401301678325403 ], [ -0.406986294827164, 39.401301166046103 ], [ -0.406986284945696, 39.401301129950497 ], [ -0.406815994012223, 39.4007220249201 ], [ -0.40681353442497, 39.400719019939601 ], [ -0.405727402076206, 39.399391461832302 ], [ -0.405355330665307, 39.398944573302899 ], [ -0.405250589798101, 39.398818771739499 ], [ -0.405250545780677, 39.398818716900102 ], [ -0.405185700891897, 39.398740830967398 ], [ -0.405185666755908, 39.398740794176398 ], [ -0.40429557914147, 39.397671682951596 ], [ -0.404260085806286, 39.397629051861301 ], [ -0.404082157396258, 39.397417889021298 ], [ -0.403067750133043, 39.396593485720203 ], [ -0.401959277581463, 39.395802991998103 ], [ -0.401594701713277, 39.395614680930002 ], [ -0.401509165928552, 39.395567609852101 ], [ -0.401424035284051, 39.395520763664102 ], [ -0.401050984709482, 39.395332619137598 ], [ -0.401050939793727, 39.395332596228798 ], [ -0.400956736164808, 39.395285104966298 ], [ -0.400956661604649, 39.395285066785 ], [ -0.400954121169024, 39.395283763067503 ], [ -0.40073350840998, 39.395170349265101 ], [ -0.399600997839702, 39.3945881353321 ], [ -0.399505110767956, 39.394556432734902 ], [ -0.399460431260687, 39.394541659890301 ], [ -0.398373699735592, 39.394182355299897 ], [ -0.397035342912925, 39.393643270679199 ], [ -0.397023910054299, 39.393638658964697 ], [ -0.397014325928533, 39.393635530107602 ], [ -0.395750607427868, 39.393222805054002 ], [ -0.395251496269513, 39.393116335029902 ], [ -0.394287691106231, 39.392910729717798 ], [ -0.393926697719404, 39.392974446019302 ], [ -0.393925400552128, 39.392974673726201 ], [ -0.393925396060543, 39.392974178047197 ], [ -0.393917125271733, 39.392262825764 ], [ -0.393538271580448, 39.391524651802698 ], [ -0.393305630379735, 39.391254867867502 ], [ -0.39307084490045, 39.390982619696999 ], [ -0.393037026923253, 39.390954849072898 ], [ -0.392758459353666, 39.389736551931797 ], [ -0.392757515224283, 39.389732432189803 ], [ -0.392334024246525, 39.389641261835102 ], [ -0.391916754102101, 39.3895514319819 ], [ -0.391916480115953, 39.389550537772003 ], [ -0.391751305986347, 39.3890071969102 ], [ -0.391035420570111, 39.388631501924102 ], [ -0.39103393026506, 39.388630729894203 ], [ -0.391070865396286, 39.3876406208825 ], [ -0.391051435734998, 39.387633135834697 ], [ -0.388610154355957, 39.386693507761301 ], [ -0.387728395920841, 39.386367395147303 ], [ -0.384280804692522, 39.385237639093603 ], [ -0.379906771928529, 39.383804113810697 ], [ -0.376352345860104, 39.382431816654901 ], [ -0.376313582657286, 39.382416848218597 ], [ -0.376296661092261, 39.3824085481575 ], [ -0.373908427027352, 39.381236463247198 ], [ -0.373051616604326, 39.380559476297499 ], [ -0.37227417862484, 39.379622988014901 ], [ -0.371463758999688, 39.378019121774201 ], [ -0.371317267133051, 39.3779109023288 ], [ -0.370469853087864, 39.377284962753798 ], [ -0.370441308221396, 39.377271586826303 ], [ -0.369317753854513, 39.376745410119803 ], [ -0.368668718366779, 39.376100123247298 ], [ -0.367833179151357, 39.375477586673398 ], [ -0.367496405242907, 39.3751221260639 ], [ -0.36727496693213, 39.3748883879556 ], [ -0.366362755608876, 39.374294624742198 ], [ -0.366357255224382, 39.374291049898197 ], [ -0.357185113915394, 39.366118084293703 ], [ -0.356304732597628, 39.365333475052502 ], [ -0.355734264662968, 39.364825055158498 ], [ -0.355734940196052, 39.364824848889597 ], [ -0.355737653108219, 39.364823987699303 ], [ -0.356536507822373, 39.364570329885602 ], [ -0.357296494230847, 39.364329032098198 ], [ -0.357983631761336, 39.364263572112101 ], [ -0.357983725186134, 39.364263565166901 ], [ -0.357984230937633, 39.364264017990003 ], [ -0.358686700913416, 39.364890959103299 ], [ -0.359257665616404, 39.365400520279799 ], [ -0.360136789292801, 39.366185080153201 ], [ -0.365107851377765, 39.370620989902399 ], [ -0.373492086639257, 39.378100944343203 ], [ -0.375821645444751, 39.379901272121501 ], [ -0.37815132462449, 39.381701541663901 ], [ -0.380041679121264, 39.381979409213201 ], [ -0.381915024916462, 39.3822547461941 ], [ -0.382060465754228, 39.382504275144903 ], [ -0.382351351921312, 39.383003313011898 ], [ -0.38239135120597, 39.383012591309601 ], [ -0.389199424927832, 39.384589625705097 ], [ -0.390763374769485, 39.384958636130399 ], [ -0.391224819568011, 39.3850675077123 ], [ -0.392081746772026, 39.384988201149199 ], [ -0.392084961842438, 39.384987903985397 ], [ -0.392086132347256, 39.3849878040051 ], [ -0.392086842914627, 39.384987742906098 ], [ -0.392087101629457, 39.384987785258801 ], [ -0.39664684940032, 39.3856573891062 ], [ -0.396647559967724, 39.3856574953342 ], [ -0.396844225437911, 39.385687019093197 ], [ -0.399256707727271, 39.386049150868502 ], [ -0.399771922085462, 39.386163296010899 ], [ -0.399816775865901, 39.386173234858198 ], [ -0.401280603079262, 39.386497530721201 ], [ -0.401378466444622, 39.386519212785601 ], [ -0.404277114270799, 39.387161310991203 ], [ -0.404495813618293, 39.387211250280302 ], [ -0.404961944029345, 39.388104513845398 ], [ -0.408177973831929, 39.388725751299603 ], [ -0.409799362851158, 39.388815966841101 ], [ -0.409800030299434, 39.388815982115098 ], [ -0.410087226187342, 39.387957656802399 ], [ -0.410087282781193, 39.3879575276667 ], [ -0.410363664749708, 39.388017761135103 ], [ -0.417457264391373, 39.389589933678401 ], [ -0.424889245925826, 39.390160200903701 ], [ -0.424889906187559, 39.390160252278598 ], [ -0.425474872032576, 39.3890921571818 ], [ -0.425946529777569, 39.388580104291599 ], [ -0.426821172657309, 39.388158037007599 ], [ -0.431051093191843, 39.3858557929981 ], [ -0.432957634431717, 39.384818001811801 ], [ -0.433644633621687, 39.3844440318586 ], [ -0.434130137100109, 39.384184508919503 ], [ -0.435427399591824, 39.3845825173414 ], [ -0.435562990402483, 39.384684565824301 ], [ -0.435743293958104, 39.384832714227301 ], [ -0.435934869573903, 39.384990079945901 ], [ -0.43648376716196, 39.385218406140801 ], [ -0.436924219230615, 39.385237142665297 ], [ -0.437630854694338, 39.385279736197802 ], [ -0.438065706665521, 39.3854515007571 ], [ -0.438551004429775, 39.3858315320999 ], [ -0.43872346209968, 39.386195703660398 ], [ -0.438787750931323, 39.386341272329602 ], [ -0.438797744688866, 39.3863865507169 ], [ -0.439704414305125, 39.387307396971103 ], [ -0.441344427196845, 39.388811949102397 ], [ -0.443554784055692, 39.3912299062697 ], [ -0.449195456641645, 39.398605856939199 ], [ -0.449600769311305, 39.399272381986698 ], [ -0.450087994860164, 39.400877663162397 ], [ -0.438285987946203, 39.403527951817502 ], [ -0.437478998088835, 39.403556067274899 ], [ -0.437018626777075, 39.403572095267002 ] ] ] } },
{ "type": "Feature", "properties": { "OBJECTID": 7253, "Codigo": "46230", "Texto": "Silla", "Cod_Prov": "46", "Cod_CCAA": "10", "FechaId": "01012017", "NUTS_0": "ES", "NUTS_1": "ES5", "NUTS_2": "ES52", "NUTS_3": "ES523", "PAD_2C02": 18440, "PAD_2C03": 919, "PAD_2C04": 1007, "PAD_2C05": 922, "PAD_2C06": 829, "PAD_2C07": 843, "PAD_2C08": 972, "PAD_2C09": 1250, "PAD_2C10": 1716, "PAD_2C11": 1667, "PAD_2C12": 1383, "PAD_2C13": 1351, "PAD_2C14": 1252, "PAD_2C15": 1181, "PAD_2C16": 988, "PAD_2C17": 750, "PAD_2C18": 540, "PAD_2C19": 476, "PAD_2C20": 394, "PAD_2C21": 9160, "PAD_2C22": 463, "PAD_2C23": 534, "PAD_2C24": 471, "PAD_2C25": 414, "PAD_2C26": 439, "PAD_2C27": 502, "PAD_2C28": 633, "PAD_2C29": 891, "PAD_2C30": 870, "PAD_2C31": 714, "PAD_2C32": 675, "PAD_2C33": 604, "PAD_2C34": 545, "PAD_2C35": 499, "PAD_2C36": 366, "PAD_2C37": 224, "PAD_2C38": 189, "PAD_2C39": 127, "PAD_2C40": 9280, "PAD_2C41": 456, "PAD_2C42": 473, "PAD_2C43": 451, "PAD_2C44": 415, "PAD_2C45": 404, "PAD_2C46": 470, "PAD_2C47": 617, "PAD_2C48": 825, "PAD_2C49": 797, "PAD_2C50": 669, "PAD_2C51": 676, "PAD_2C52": 648, "PAD_2C53": 636, "PAD_2C54": 489, "PAD_2C55": 384, "PAD_2C56": 316, "PAD_2C57": 287, "PAD_2C58": 267, "PAD_3C03": 16998, "PAD_3C04": 1442, "PAD_3C05": 660, "PAD_3C06": 10, "PAD_3C07": 172, "PAD_3C08": 16, "PAD_3C09": 39, "PAD_3C10": 18, "PAD_3C100": 20, "PAD_3C101": 7, "PAD_3C102": 15, "PAD_3C103": 10, "PAD_3C104": 6, "PAD_3C105": 6, "PAD_3C106": 0, "PAD_3C107": 11, "PAD_3C108": 5, "PAD_3C109": 40, "PAD_3C11": 21, "PAD_3C110": 25, "PAD_3C111": 11, "PAD_3C112": 2, "PAD_3C12": 13, "PAD_3C13": 349, "PAD_3C14": 122, "PAD_3C15": 8, "PAD_3C16": 73, "PAD_3C17": 338, "PAD_3C18": 29, "PAD_3C19": 242, "PAD_3C20": 25, "PAD_3C21": 14, "PAD_3C22": 219, "PAD_3C23": 26, "PAD_3C24": 7, "PAD_3C25": 27, "PAD_3C26": 43, "PAD_3C27": 12, "PAD_3C28": 23, "PAD_3C29": 18, "PAD_3C30": 8, "PAD_3C31": 11, "PAD_3C32": 1, "PAD_3C33": 23, "PAD_3C34": 10, "PAD_3C35": 99, "PAD_3C36": 46, "PAD_3C37": 40, "PAD_3C38": 4, "PAD_3C39": 9160, "PAD_3C40": 8442, "PAD_3C41": 718, "PAD_3C42": 333, "PAD_3C43": 4, "PAD_3C44": 89, "PAD_3C45": 8, "PAD_3C46": 21, "PAD_3C47": 9, "PAD_3C48": 14, "PAD_3C49": 6, "PAD_3C50": 171, "PAD_3C51": 55, "PAD_3C52": 1, "PAD_3C53": 32, "PAD_3C54": 181, "PAD_3C55": 21, "PAD_3C56": 119, "PAD_3C57": 13, "PAD_3C58": 10, "PAD_3C59": 88, "PAD_3C60": 12, "PAD_3C61": 0, "PAD_3C62": 7, "PAD_3C63": 23, "PAD_3C64": 5, "PAD_3C65": 8, "PAD_3C66": 8, "PAD_3C67": 2, "PAD_3C68": 5, "PAD_3C69": 1, "PAD_3C70": 12, "PAD_3C71": 5, "PAD_3C72": 59, "PAD_3C73": 21, "PAD_3C74": 29, "PAD_3C75": 2, "PAD_3C76": 9280, "PAD_3C77": 8556, "PAD_3C78": 724, "PAD_3C79": 327, "PAD_3C80": 6, "PAD_3C81": 83, "PAD_3C82": 8, "PAD_3C83": 18, "PAD_3C84": 9, "PAD_3C85": 7, "PAD_3C86": 7, "PAD_3C87": 178, "PAD_3C88": 67, "PAD_3C89": 7, "PAD_3C90": 41, "PAD_3C91": 157, "PAD_3C92": 8, "PAD_3C93": 123, "PAD_3C94": 12, "PAD_3C95": 4, "PAD_3C96": 131, "PAD_3C97": 14, "PAD_3C98": 7, "PAD_3C99": 20, "PAD_3_COD_PROV": "46", "PAD_3_COD_CCAA": "10", "Shape__Area": 41903620.494979903, "Shape__Length": 30566.359365749398 }, "geometry": { "type": "Polygon", "coordinates": [ [ [ -0.375821645444751, 39.379901272121501 ], [ -0.373492086639257, 39.378100944343203 ], [ -0.365107851377765, 39.370620989902399 ], [ -0.360136789292801, 39.366185080153201 ], [ -0.359257665616404, 39.365400520279799 ], [ -0.358686700913416, 39.364890959103299 ], [ -0.357984230937633, 39.364264017990003 ], [ -0.361044887230378, 39.363728295711198 ], [ -0.360638704991494, 39.362187571900002 ], [ -0.363635809071149, 39.359642921905298 ], [ -0.370219124308928, 39.3623143403101 ], [ -0.371987183061218, 39.359122339040198 ], [ -0.375279994566079, 39.357960749289099 ], [ -0.378301393582602, 39.3575333187677 ], [ -0.380902696354797, 39.356240541207903 ], [ -0.382684846080659, 39.355444494139697 ], [ -0.382643014232821, 39.354379388834197 ], [ -0.385252535691528, 39.353176743659802 ], [ -0.386272129827217, 39.351676556879603 ], [ -0.386400246654725, 39.347608489896999 ], [ -0.386746379211803, 39.343624131129602 ], [ -0.388111857071206, 39.3430776379573 ], [ -0.388020572068691, 39.3405643497467 ], [ -0.391069661653808, 39.339686747798602 ], [ -0.390641654845108, 39.339009911071898 ], [ -0.391043137996742, 39.338523418989297 ], [ -0.393171395126829, 39.338055867243 ], [ -0.394679290993066, 39.336208948320603 ], [ -0.392475571785838, 39.335562788747502 ], [ -0.392898247093331, 39.334798028120296 ], [ -0.396804351019083, 39.335507600130697 ], [ -0.397795756919484, 39.333801156687599 ], [ -0.396823584847636, 39.333427504804803 ], [ -0.396340273258465, 39.3320907110432 ], [ -0.398842303208621, 39.331876308658401 ], [ -0.398427083918003, 39.329291101224698 ], [ -0.396663523030312, 39.329316449073602 ], [ -0.395605483695411, 39.326255185338198 ], [ -0.405212980930419, 39.325543420838002 ], [ -0.405683565188648, 39.325677702945399 ], [ -0.405683358576115, 39.325678896084298 ], [ -0.407255217185548, 39.326146322826801 ], [ -0.407772431193545, 39.326274986968997 ], [ -0.407967784225106, 39.326324404159898 ], [ -0.41077187807943, 39.327035595771299 ], [ -0.414871505168522, 39.328162905229199 ], [ -0.417182308049218, 39.328727821276203 ], [ -0.420913686058927, 39.329472641205101 ], [ -0.421143679924493, 39.3295185457076 ], [ -0.425442002676347, 39.3302986063456 ], [ -0.425637712339089, 39.330338993188299 ], [ -0.425663326901092, 39.330340853999502 ], [ -0.426169515885578, 39.330378903340097 ], [ -0.429267686722909, 39.330365926307003 ], [ -0.431451582806755, 39.333440675124599 ], [ -0.43354111356497, 39.334370879745499 ], [ -0.430894561753579, 39.339788167834101 ], [ -0.431595734562086, 39.343460783031603 ], [ -0.434290189035965, 39.3484499340978 ], [ -0.433739902652496, 39.348896674269596 ], [ -0.433354184035792, 39.351185452305103 ], [ -0.430594831672504, 39.356817061982703 ], [ -0.430616895194214, 39.364593452230899 ], [ -0.430617389267618, 39.3647555841535 ], [ -0.428799940242679, 39.366841498249002 ], [ -0.428309248095121, 39.367245069758297 ], [ -0.428175428762205, 39.3676295143365 ], [ -0.426843352061679, 39.371446845185901 ], [ -0.426348379441819, 39.372935963212797 ], [ -0.426073409624907, 39.373763111901198 ], [ -0.425099592737807, 39.376255040776101 ], [ -0.425100083217956, 39.376255308812397 ], [ -0.425099954758871, 39.376255621289999 ], [ -0.425098885763658, 39.376255008139502 ], [ -0.424199223904957, 39.377045876081901 ], [ -0.422306340650653, 39.376751701985 ], [ -0.419178797598493, 39.376599238148103 ], [ -0.415180278589577, 39.376404191720702 ], [ -0.414195080946117, 39.376364246743996 ], [ -0.412991065377545, 39.376381937111503 ], [ -0.412975885645859, 39.376382148207099 ], [ -0.412975578422052, 39.376382164178203 ], [ -0.412608015655551, 39.376590220089 ], [ -0.412512241771539, 39.376984440881003 ], [ -0.411996819902553, 39.377747201793397 ], [ -0.411996445305063, 39.377747766324099 ], [ -0.411588543690768, 39.377792762118901 ], [ -0.410971800840859, 39.377709465019599 ], [ -0.410629839161672, 39.377663265115203 ], [ -0.408171602979914, 39.377590473851797 ], [ -0.407162544285884, 39.377567964782699 ], [ -0.407154224988064, 39.377570513163 ], [ -0.406751595586134, 39.377693908124897 ], [ -0.404390072027888, 39.378145762150197 ], [ -0.401678702277196, 39.3784288537354 ], [ -0.401579662118805, 39.3784391908654 ], [ -0.401559828215657, 39.378441260791 ], [ -0.401546729880479, 39.378442625928102 ], [ -0.400900146793488, 39.379599349875299 ], [ -0.400448492733261, 39.379571249065499 ], [ -0.400062564809099, 39.379554255951199 ], [ -0.40001741907617, 39.379552270076402 ], [ -0.397077111878698, 39.379422754117002 ], [ -0.395047900296885, 39.379333324951403 ], [ -0.394376809372281, 39.380210247017402 ], [ -0.393930920699559, 39.380650691845901 ], [ -0.393794133332933, 39.3812061592443 ], [ -0.392928929051861, 39.383556139928103 ], [ -0.392086183551224, 39.384987674863901 ], [ -0.392086842914627, 39.384987742906098 ], [ -0.392086132347256, 39.3849878040051 ], [ -0.392084961842438, 39.384987903985397 ], [ -0.392081746772026, 39.384988201149199 ], [ -0.391224819568011, 39.3850675077123 ], [ -0.390763374769485, 39.384958636130399 ], [ -0.389199424927832, 39.384589625705097 ], [ -0.38239135120597, 39.383012591309601 ], [ -0.382351351921312, 39.383003313011898 ], [ -0.382060465754228, 39.382504275144903 ], [ -0.381915024916462, 39.3822547461941 ], [ -0.380041679121264, 39.381979409213201 ], [ -0.37815132462449, 39.381701541663901 ], [ -0.375821645444751, 39.379901272121501 ] ] ] } },
{ "type": "Feature", "properties": { "OBJECTID": 7038, "Codigo": "46015", "Texto": "Alcàsser", "Cod_Prov": "46", "Cod_CCAA": "10", "FechaId": "01012017", "NUTS_0": "ES", "NUTS_1": "ES5", "NUTS_2": "ES52", "NUTS_3": "ES523", "PAD_2C02": 9813, "PAD_2C03": 527, "PAD_2C04": 611, "PAD_2C05": 525, "PAD_2C06": 419, "PAD_2C07": 450, "PAD_2C08": 542, "PAD_2C09": 770, "PAD_2C10": 938, "PAD_2C11": 924, "PAD_2C12": 794, "PAD_2C13": 695, "PAD_2C14": 624, "PAD_2C15": 475, "PAD_2C16": 389, "PAD_2C17": 353, "PAD_2C18": 289, "PAD_2C19": 252, "PAD_2C20": 236, "PAD_2C21": 4944, "PAD_2C22": 256, "PAD_2C23": 297, "PAD_2C24": 274, "PAD_2C25": 207, "PAD_2C26": 237, "PAD_2C27": 272, "PAD_2C28": 378, "PAD_2C29": 495, "PAD_2C30": 493, "PAD_2C31": 433, "PAD_2C32": 371, "PAD_2C33": 324, "PAD_2C34": 235, "PAD_2C35": 174, "PAD_2C36": 179, "PAD_2C37": 125, "PAD_2C38": 101, "PAD_2C39": 93, "PAD_2C40": 4869, "PAD_2C41": 271, "PAD_2C42": 314, "PAD_2C43": 251, "PAD_2C44": 212, "PAD_2C45": 213, "PAD_2C46": 270, "PAD_2C47": 392, "PAD_2C48": 443, "PAD_2C49": 431, "PAD_2C50": 361, "PAD_2C51": 324, "PAD_2C52": 300, "PAD_2C53": 240, "PAD_2C54": 215, "PAD_2C55": 174, "PAD_2C56": 164, "PAD_2C57": 151, "PAD_2C58": 143, "PAD_3C03": 9042, "PAD_3C04": 771, "PAD_3C05": 192, "PAD_3C06": 9, "PAD_3C07": 28, "PAD_3C08": 7, "PAD_3C09": 21, "PAD_3C10": 3, "PAD_3C100": 9, "PAD_3C101": 3, "PAD_3C102": 1, "PAD_3C103": 12, "PAD_3C104": 2, "PAD_3C105": 3, "PAD_3C106": 3, "PAD_3C107": 11, "PAD_3C108": 8, "PAD_3C109": 15, "PAD_3C11": 4, "PAD_3C110": 3, "PAD_3C111": 3, "PAD_3C112": 0, "PAD_3C12": 2, "PAD_3C13": 95, "PAD_3C14": 171, "PAD_3C15": 9, "PAD_3C16": 24, "PAD_3C17": 246, "PAD_3C18": 28, "PAD_3C19": 204, "PAD_3C20": 0, "PAD_3C21": 12, "PAD_3C22": 132, "PAD_3C23": 11, "PAD_3C24": 8, "PAD_3C25": 12, "PAD_3C26": 16, "PAD_3C27": 5, "PAD_3C28": 1, "PAD_3C29": 17, "PAD_3C30": 4, "PAD_3C31": 4, "PAD_3C32": 7, "PAD_3C33": 23, "PAD_3C34": 12, "PAD_3C35": 30, "PAD_3C36": 8, "PAD_3C37": 7, "PAD_3C38": 0, "PAD_3C39": 4944, "PAD_3C40": 4566, "PAD_3C41": 378, "PAD_3C42": 98, "PAD_3C43": 6, "PAD_3C44": 10, "PAD_3C45": 2, "PAD_3C46": 16, "PAD_3C47": 1, "PAD_3C48": 3, "PAD_3C49": 0, "PAD_3C50": 48, "PAD_3C51": 87, "PAD_3C52": 4, "PAD_3C53": 12, "PAD_3C54": 131, "PAD_3C55": 16, "PAD_3C56": 107, "PAD_3C57": 0, "PAD_3C58": 6, "PAD_3C59": 47, "PAD_3C60": 4, "PAD_3C61": 3, "PAD_3C62": 0, "PAD_3C63": 7, "PAD_3C64": 2, "PAD_3C65": 0, "PAD_3C66": 5, "PAD_3C67": 2, "PAD_3C68": 1, "PAD_3C69": 4, "PAD_3C70": 12, "PAD_3C71": 4, "PAD_3C72": 15, "PAD_3C73": 5, "PAD_3C74": 4, "PAD_3C75": 0, "PAD_3C76": 4869, "PAD_3C77": 4476, "PAD_3C78": 393, "PAD_3C79": 94, "PAD_3C80": 3, "PAD_3C81": 18, "PAD_3C82": 5, "PAD_3C83": 5, "PAD_3C84": 2, "PAD_3C85": 1, "PAD_3C86": 2, "PAD_3C87": 47, "PAD_3C88": 84, "PAD_3C89": 5, "PAD_3C90": 12, "PAD_3C91": 115, "PAD_3C92": 12, "PAD_3C93": 97, "PAD_3C94": 0, "PAD_3C95": 6, "PAD_3C96": 85, "PAD_3C97": 7, "PAD_3C98": 5, "PAD_3C99": 12, "PAD_3_COD_PROV": "46", "PAD_3_COD_CCAA": "10", "Shape__Area": 15095212.848587001, "Shape__Length": 16546.3974104642 }, "geometry": { "type": "Polygon", "coordinates": [ [ [ -0.448847770897452, 39.363469106914003 ], [ -0.449245818891419, 39.363463365302202 ], [ -0.44941550705534, 39.363584193245501 ], [ -0.449539807839511, 39.363677033924503 ], [ -0.449800293220757, 39.363853898007299 ], [ -0.450037274182614, 39.364039281966498 ], [ -0.450273593984408, 39.364242661684997 ], [ -0.450487068730183, 39.364436537107501 ], [ -0.450678296697972, 39.364602912853599 ], [ -0.450879802290954, 39.364805526277003 ], [ -0.451047576144993, 39.3649803887117 ], [ -0.451203052961099, 39.365172952250198 ], [ -0.451336282999186, 39.365338051828701 ], [ -0.451513960779258, 39.365558150656902 ], [ -0.451539836751017, 39.365598321972698 ], [ -0.451678783667565, 39.365814014777001 ], [ -0.45180183938676, 39.366001586059099 ], [ -0.451810713843452, 39.366015100267099 ], [ -0.451963899955592, 39.366270714084202 ], [ -0.452043440384122, 39.366435911769003 ], [ -0.452043482604953, 39.366436002747498 ], [ -0.452104187158577, 39.366562093957199 ], [ -0.452257382253888, 39.366817702994197 ], [ -0.452365471142109, 39.367036292207402 ], [ -0.452472300592332, 39.367290888340499 ], [ -0.452591006668914, 39.3675367219695 ], [ -0.452699150354391, 39.367755288792097 ], [ -0.452807566229422, 39.367964919789301 ], [ -0.452949505434202, 39.368211223288199 ], [ -0.45306792494821, 39.368466072092502 ], [ -0.453208506798609, 39.368748452901201 ], [ -0.453360722730217, 39.369031051325003 ], [ -0.453448594134696, 39.369183574051597 ], [ -0.453502655646818, 39.369277412176501 ], [ -0.453644598444853, 39.369523767297402 ], [ -0.453831913351253, 39.369798152691601 ], [ -0.453997086582561, 39.3700449990396 ], [ -0.454196324827736, 39.370310621852198 ], [ -0.454453772106698, 39.370672056312799 ], [ -0.454741385711223, 39.370962194899597 ], [ -0.454908148960561, 39.3711640391776 ], [ -0.455165078809928, 39.371439923677698 ], [ -0.455422378765166, 39.371706816870002 ], [ -0.455658039203556, 39.371928194918397 ], [ -0.455994239088527, 39.372259872138997 ], [ -0.456024707248015, 39.372281957231401 ], [ -0.456378727013275, 39.372538564062801 ], [ -0.456829916644502, 39.372899786301403 ], [ -0.457294010574801, 39.373225240333099 ], [ -0.457645365936937, 39.373458166674297 ], [ -0.458110448014043, 39.3737566253292 ], [ -0.458587455226518, 39.374046321254603 ], [ -0.45907572371944, 39.374345282233897 ], [ -0.459588494660026, 39.374608745735301 ], [ -0.460135762704147, 39.374881961207301 ], [ -0.460846330093899, 39.375108558066003 ], [ -0.461101128241088, 39.375189825744599 ], [ -0.461197203060693, 39.3752204712289 ], [ -0.461330442980282, 39.375547694888802 ], [ -0.461419352837205, 39.376678309123399 ], [ -0.461616421650989, 39.379184528836397 ], [ -0.461684601984425, 39.379465279678499 ], [ -0.461822051409412, 39.380035844889697 ], [ -0.462018868694909, 39.380850972214603 ], [ -0.462454162637164, 39.382653219018998 ], [ -0.463061845977411, 39.384548739759303 ], [ -0.463182778079301, 39.384925952265903 ], [ -0.463184185739352, 39.384930352097903 ], [ -0.463184808271841, 39.384936734874003 ], [ -0.463639606435542, 39.3896608879094 ], [ -0.463852201730692, 39.390701565974702 ], [ -0.463876231664549, 39.390819171978997 ], [ -0.464299171076722, 39.391963529145798 ], [ -0.464308420130904, 39.392008769173202 ], [ -0.464362275030494, 39.392265954682699 ], [ -0.464516865209431, 39.393004261729601 ], [ -0.464553164333411, 39.393453979091802 ], [ -0.464596965288353, 39.393997011110997 ], [ -0.464689509728932, 39.3943026600992 ], [ -0.464690319110984, 39.394305336298203 ], [ -0.465167505986545, 39.395234618867697 ], [ -0.465483924968963, 39.396755005333198 ], [ -0.465502778810145, 39.396935582142198 ], [ -0.465700271628725, 39.3987956766953 ], [ -0.465899561077901, 39.399700339332298 ], [ -0.465899708401592, 39.399700914097899 ], [ -0.465210230759763, 39.399821039311298 ], [ -0.464571690289519, 39.399932081941301 ], [ -0.463691147274975, 39.400085184800403 ], [ -0.463680555239466, 39.400087944770704 ], [ -0.461592719602206, 39.400633982197903 ], [ -0.461045691408243, 39.400748156931101 ], [ -0.458504075398493, 39.401269170793398 ], [ -0.457917388381372, 39.401436506920099 ], [ -0.456950934086316, 39.401498498124099 ], [ -0.456765101400127, 39.401510408930797 ], [ -0.455829347928241, 39.4016971269943 ], [ -0.455635502269709, 39.4017741516681 ], [ -0.454368273152887, 39.4022777447802 ], [ -0.450773148012198, 39.402793494730801 ], [ -0.450772913551923, 39.402793530825598 ], [ -0.450772687176454, 39.402793228184699 ], [ -0.450528808949883, 39.402481852310999 ], [ -0.450528385843383, 39.402479756721299 ], [ -0.450302330192025, 39.401368815344497 ], [ -0.450088364966068, 39.400878521825497 ], [ -0.450087994860164, 39.400877663162397 ], [ -0.449600769311305, 39.399272381986698 ], [ -0.449195456641645, 39.398605856939199 ], [ -0.443554784055692, 39.3912299062697 ], [ -0.441344427196845, 39.388811949102397 ], [ -0.439704414305125, 39.387307396971103 ], [ -0.438797744688866, 39.3863865507169 ], [ -0.438787750931323, 39.386341272329602 ], [ -0.43872346209968, 39.386195703660398 ], [ -0.438551004429775, 39.3858315320999 ], [ -0.438065706665521, 39.3854515007571 ], [ -0.437630854694338, 39.385279736197802 ], [ -0.436924219230615, 39.385237142665297 ], [ -0.43648376716196, 39.385218406140801 ], [ -0.435934869573903, 39.384990079945901 ], [ -0.435743293958104, 39.384832714227301 ], [ -0.435562990402483, 39.384684565824301 ], [ -0.435427399591824, 39.3845825173414 ], [ -0.434130137100109, 39.384184508919503 ], [ -0.43299939531265, 39.383679291017401 ], [ -0.432645286614177, 39.383521069021 ], [ -0.430902257620613, 39.3829330241213 ], [ -0.431694503429254, 39.381590152009302 ], [ -0.430504056014742, 39.381131433755399 ], [ -0.429492500004215, 39.380226176220098 ], [ -0.428942625947447, 39.379394190790102 ], [ -0.428385117109081, 39.378138628827102 ], [ -0.425100083217956, 39.376255308812397 ], [ -0.425099592737807, 39.376255040776101 ], [ -0.426073409624907, 39.373763111901198 ], [ -0.426348379441819, 39.372935963212797 ], [ -0.426843352061679, 39.371446845185901 ], [ -0.428175428762205, 39.3676295143365 ], [ -0.428309248095121, 39.367245069758297 ], [ -0.428799940242679, 39.366841498249002 ], [ -0.430617389267618, 39.3647555841535 ], [ -0.430616895194214, 39.364593452230899 ], [ -0.431274759324556, 39.3645539172037 ], [ -0.431775720114101, 39.364501928869402 ], [ -0.432241866694801, 39.364449168893501 ], [ -0.432824007338279, 39.364398970240003 ], [ -0.433430360273592, 39.364322255037798 ], [ -0.434199352292768, 39.3642401628233 ], [ -0.434956753349829, 39.364157769787198 ], [ -0.435643624979011, 39.364100864683003 ], [ -0.436261186194142, 39.364033422333797 ], [ -0.436972226996031, 39.363949992834499 ], [ -0.437636189788833, 39.363883571280702 ], [ -0.438346849705019, 39.363809166175102 ], [ -0.439115170682697, 39.363744996118001 ], [ -0.439744040788921, 39.3636867891477 ], [ -0.440115813060821, 39.363676972112202 ], [ -0.440672741587529, 39.363680237049302 ], [ -0.441532563163425, 39.363654120326302 ], [ -0.442218060370215, 39.363633199993501 ], [ -0.443043061449053, 39.3636063019175 ], [ -0.443832967146355, 39.3635876339007 ], [ -0.444587068691377, 39.3635952180652 ], [ -0.444844579750733, 39.363592560135103 ], [ -0.445701631820611, 39.363583709164601 ], [ -0.446503451873516, 39.363556281844602 ], [ -0.447305598913232, 39.363519850740502 ], [ -0.448003018560466, 39.363490112722097 ], [ -0.448502650741704, 39.363474078300698 ], [ -0.448847770897452, 39.363469106914003 ] ] ] } },
{ "type": "Feature", "properties": { "OBJECTID": 7032, "Codigo": "46009", "Texto": "Albalat dels Sorells", "Cod_Prov": "46", "Cod_CCAA": "10", "FechaId": "01012017", "NUTS_0": "ES", "NUTS_1": "ES5", "NUTS_2": "ES52", "NUTS_3": "ES523", "PAD_2C02": 3900, "PAD_2C03": 199, "PAD_2C04": 193, "PAD_2C05": 171, "PAD_2C06": 170, "PAD_2C07": 189, "PAD_2C08": 184, "PAD_2C09": 237, "PAD_2C10": 367, "PAD_2C11": 333, "PAD_2C12": 299, "PAD_2C13": 278, "PAD_2C14": 282, "PAD_2C15": 253, "PAD_2C16": 195, "PAD_2C17": 176, "PAD_2C18": 115, "PAD_2C19": 143, "PAD_2C20": 116, "PAD_2C21": 1915, "PAD_2C22": 121, "PAD_2C23": 99, "PAD_2C24": 90, "PAD_2C25": 80, "PAD_2C26": 92, "PAD_2C27": 87, "PAD_2C28": 120, "PAD_2C29": 190, "PAD_2C30": 174, "PAD_2C31": 150, "PAD_2C32": 129, "PAD_2C33": 135, "PAD_2C34": 123, "PAD_2C35": 97, "PAD_2C36": 92, "PAD_2C37": 35, "PAD_2C38": 66, "PAD_2C39": 35, "PAD_2C40": 1985, "PAD_2C41": 78, "PAD_2C42": 94, "PAD_2C43": 81, "PAD_2C44": 90, "PAD_2C45": 97, "PAD_2C46": 97, "PAD_2C47": 117, "PAD_2C48": 177, "PAD_2C49": 159, "PAD_2C50": 149, "PAD_2C51": 149, "PAD_2C52": 147, "PAD_2C53": 130, "PAD_2C54": 98, "PAD_2C55": 84, "PAD_2C56": 80, "PAD_2C57": 77, "PAD_2C58": 81, "PAD_3C03": 3745, "PAD_3C04": 155, "PAD_3C05": 62, "PAD_3C06": 2, "PAD_3C07": 20, "PAD_3C08": 3, "PAD_3C09": 3, "PAD_3C10": 0, "PAD_3C100": 3, "PAD_3C101": 1, "PAD_3C102": 0, "PAD_3C103": 1, "PAD_3C104": 7, "PAD_3C105": 0, "PAD_3C106": 0, "PAD_3C107": 1, "PAD_3C108": 4, "PAD_3C109": 7, "PAD_3C11": 1, "PAD_3C110": 5, "PAD_3C111": 0, "PAD_3C112": 0, "PAD_3C12": 1, "PAD_3C13": 28, "PAD_3C14": 16, "PAD_3C15": 3, "PAD_3C16": 12, "PAD_3C17": 32, "PAD_3C18": 14, "PAD_3C19": 16, "PAD_3C20": 1, "PAD_3C21": 0, "PAD_3C22": 35, "PAD_3C23": 6, "PAD_3C24": 2, "PAD_3C25": 1, "PAD_3C26": 3, "PAD_3C27": 2, "PAD_3C28": 0, "PAD_3C29": 4, "PAD_3C30": 7, "PAD_3C31": 0, "PAD_3C32": 0, "PAD_3C33": 1, "PAD_3C34": 6, "PAD_3C35": 10, "PAD_3C36": 8, "PAD_3C37": 0, "PAD_3C38": 0, "PAD_3C39": 1915, "PAD_3C40": 1846, "PAD_3C41": 69, "PAD_3C42": 29, "PAD_3C43": 2, "PAD_3C44": 10, "PAD_3C45": 1, "PAD_3C46": 2, "PAD_3C47": 0, "PAD_3C48": 0, "PAD_3C49": 1, "PAD_3C50": 11, "PAD_3C51": 4, "PAD_3C52": 1, "PAD_3C53": 3, "PAD_3C54": 21, "PAD_3C55": 9, "PAD_3C56": 11, "PAD_3C57": 0, "PAD_3C58": 0, "PAD_3C59": 12, "PAD_3C60": 4, "PAD_3C61": 1, "PAD_3C62": 0, "PAD_3C63": 0, "PAD_3C64": 1, "PAD_3C65": 0, "PAD_3C66": 3, "PAD_3C67": 0, "PAD_3C68": 0, "PAD_3C69": 0, "PAD_3C70": 0, "PAD_3C71": 2, "PAD_3C72": 3, "PAD_3C73": 3, "PAD_3C74": 0, "PAD_3C75": 0, "PAD_3C76": 1985, "PAD_3C77": 1899, "PAD_3C78": 86, "PAD_3C79": 33, "PAD_3C80": 0, "PAD_3C81": 10, "PAD_3C82": 2, "PAD_3C83": 1, "PAD_3C84": 0, "PAD_3C85": 1, "PAD_3C86": 0, "PAD_3C87": 17, "PAD_3C88": 12, "PAD_3C89": 2, "PAD_3C90": 9, "PAD_3C91": 11, "PAD_3C92": 5, "PAD_3C93": 5, "PAD_3C94": 1, "PAD_3C95": 0, "PAD_3C96": 23, "PAD_3C97": 2, "PAD_3C98": 1, "PAD_3C99": 1, "PAD_3_COD_PROV": "46", "PAD_3_COD_CCAA": "10", "Shape__Area": 7789438.10437012, "Shape__Length": 27360.163604868001 }, "geometry": { "type": "Polygon", "coordinates": [ [ [ -0.382598819815785, 39.575299878841598 ], [ -0.382128031639982, 39.575127131180899 ], [ -0.381320524352986, 39.575156924984803 ], [ -0.381218775774013, 39.575160684089703 ], [ -0.381027436415149, 39.575094594717697 ], [ -0.381023437115505, 39.575093216816498 ], [ -0.375356796031293, 39.570091560318097 ], [ -0.37489115789705, 39.569783732297303 ], [ -0.374343093945566, 39.5695010873021 ], [ -0.374342902604418, 39.569501065143101 ], [ -0.374342621431726, 39.569500986201703 ], [ -0.372749405376435, 39.569171051861701 ], [ -0.372633735605509, 39.569147097872197 ], [ -0.372378694014874, 39.568854799951097 ], [ -0.372377138132801, 39.568853012673102 ], [ -0.371210240053466, 39.566466285876203 ], [ -0.370782947405425, 39.566087852926998 ], [ -0.370782276363893, 39.5660872656848 ], [ -0.370780883975192, 39.566086386899002 ], [ -0.370043387788183, 39.565620099765198 ], [ -0.366547259686759, 39.563904026084401 ], [ -0.357383081044443, 39.559404904228302 ], [ -0.355336149295352, 39.558142142808101 ], [ -0.354183979095097, 39.557530315283401 ], [ -0.35357925929694, 39.557090120839 ], [ -0.353187447407691, 39.556804925220099 ], [ -0.352710032360067, 39.556505780192801 ], [ -0.351413917016979, 39.556007744127001 ], [ -0.351356446398373, 39.555988441963699 ], [ -0.351156092445603, 39.555954205873398 ], [ -0.350200231084388, 39.555790898014799 ], [ -0.349765263230546, 39.555600772713397 ], [ -0.349727990332778, 39.555356718929801 ], [ -0.349728331692575, 39.555355839315403 ], [ -0.350294114014709, 39.553937238771702 ], [ -0.350314006308368, 39.553835319083298 ], [ -0.350351899941997, 39.553641281313901 ], [ -0.350449577356125, 39.553483806868499 ], [ -0.350451078440941, 39.5534813688162 ], [ -0.350450611317017, 39.553481097305799 ], [ -0.350442143797143, 39.553476237131498 ], [ -0.349961403186298, 39.5531999657547 ], [ -0.348850779169636, 39.552724190830702 ], [ -0.348629268095294, 39.552641999124397 ], [ -0.347427902556827, 39.552196224217298 ], [ -0.346080016405616, 39.551534822016997 ], [ -0.345885425145393, 39.551449293797802 ], [ -0.345537088122605, 39.551218955832802 ], [ -0.345363330590467, 39.5511040476934 ], [ -0.344979962864866, 39.550962544239503 ], [ -0.344973169804682, 39.550960023672801 ], [ -0.344943151701174, 39.550958562866199 ], [ -0.344299459392742, 39.550927133698202 ], [ -0.343730423372654, 39.550899345106899 ], [ -0.34373004608024, 39.550899327790503 ], [ -0.34219719681203, 39.550824462905503 ], [ -0.342009126422472, 39.550874198288902 ], [ -0.34200884435145, 39.5508747461786 ], [ -0.342007248045207, 39.550877825720598 ], [ -0.341468627183979, 39.551924851663102 ], [ -0.34131437297499, 39.552020007035502 ], [ -0.34131369295032, 39.552020433011002 ], [ -0.34131016167293, 39.552020428855201 ], [ -0.340894794160291, 39.552019849112902 ], [ -0.340595927360193, 39.551922879705401 ], [ -0.340526896322173, 39.5519032958846 ], [ -0.339426232825361, 39.551400390698497 ], [ -0.338845662437042, 39.5511351069051 ], [ -0.338279749859196, 39.551023028114599 ], [ -0.338422600853963, 39.550792634014599 ], [ -0.340001814868931, 39.548245510020799 ], [ -0.340003488430323, 39.548242818955998 ], [ -0.342078205969502, 39.549065051125197 ], [ -0.342775752279193, 39.5493512586919 ], [ -0.34286873599592, 39.5493894171642 ], [ -0.343675456358725, 39.547874027793497 ], [ -0.34385840904612, 39.547530323138702 ], [ -0.343858615658652, 39.5475299359262 ], [ -0.34385897318813, 39.547529264018998 ], [ -0.343858645303056, 39.547529169813401 ], [ -0.343851053640586, 39.547526978841397 ], [ -0.343179935766535, 39.547333575942403 ], [ -0.343019917966669, 39.547257833727002 ], [ -0.342549780171131, 39.547075901758298 ], [ -0.34102011722726, 39.5463021717594 ], [ -0.340786875951953, 39.5461379067251 ], [ -0.340702851133512, 39.546078736804098 ], [ -0.340520980916053, 39.5459664392638 ], [ -0.339152695821353, 39.545397038097597 ], [ -0.339123655983184, 39.545384953784499 ], [ -0.338669022211151, 39.544797984748399 ], [ -0.338516935636925, 39.5445151880472 ], [ -0.338156259355373, 39.544209682801103 ], [ -0.337809824964371, 39.543228796014503 ], [ -0.337366835155049, 39.5426420892992 ], [ -0.337307146596008, 39.542390321307401 ], [ -0.337306718099626, 39.542388468922802 ], [ -0.337307192410094, 39.542386561118903 ], [ -0.337499754376073, 39.541600107797997 ], [ -0.337647808412996, 39.541369960202097 ], [ -0.337648209959932, 39.5413693249509 ], [ -0.338732330980794, 39.541619362701098 ], [ -0.339900235173245, 39.541808266214197 ], [ -0.340342350921791, 39.5418093849974 ], [ -0.340682909432512, 39.541727070907498 ], [ -0.340910278420827, 39.541561097812 ], [ -0.34108780528392, 39.541177811341697 ], [ -0.341175779994631, 39.5407023592415 ], [ -0.341148207105288, 39.540206242982897 ], [ -0.341148146918183, 39.540206003287501 ], [ -0.341147406706375, 39.540203584858702 ], [ -0.340961974668791, 39.5395984131898 ], [ -0.33973085063991, 39.537714442173296 ], [ -0.339501846717778, 39.537619089136498 ], [ -0.339496828728625, 39.537619492338401 ], [ -0.338626574119005, 39.5376891513271 ], [ -0.338302129587852, 39.537654692828603 ], [ -0.338107634447385, 39.537569168284399 ], [ -0.338105510830047, 39.537566717895501 ], [ -0.337806846150896, 39.537219936772502 ], [ -0.337378226691175, 39.536867763284398 ], [ -0.336729083405622, 39.536501581021099 ], [ -0.335859770230461, 39.536112286344903 ], [ -0.335149996951443, 39.535853324140398 ], [ -0.335148379085604, 39.535852733178203 ], [ -0.335102412292527, 39.535839687668798 ], [ -0.334354243221603, 39.535627324028503 ], [ -0.334062984253657, 39.535638627169199 ], [ -0.333791858327892, 39.535731517923999 ], [ -0.333708641094909, 39.535820253804197 ], [ -0.333610473200666, 39.535924933758402 ], [ -0.333609927024964, 39.535925530262503 ], [ -0.33360934132339, 39.535927141723903 ], [ -0.33351891061868, 39.536175686694399 ], [ -0.333503680581357, 39.536477597043302 ], [ -0.333470371948947, 39.537138515097602 ], [ -0.333363546091979, 39.537207776214103 ], [ -0.333363009797778, 39.5372081149888 ], [ -0.331782364766535, 39.536559239802997 ], [ -0.331287716438493, 39.536412753176798 ], [ -0.331067535769086, 39.536389651101501 ], [ -0.330754194414857, 39.536977050119802 ], [ -0.330695923397303, 39.537211094682597 ], [ -0.330671680562734, 39.537308465684298 ], [ -0.330729355098915, 39.537625099062097 ], [ -0.330870774179143, 39.537880590735703 ], [ -0.331096017753491, 39.538074969784503 ], [ -0.33225487411441, 39.538497939102399 ], [ -0.333040508322546, 39.538773630280097 ], [ -0.333793232750251, 39.539037760758703 ], [ -0.333904739728161, 39.5391293216924 ], [ -0.333905806028416, 39.539130198048703 ], [ -0.333906060251628, 39.5391304058803 ], [ -0.333169619585075, 39.540131505113003 ], [ -0.332989053721401, 39.5402894927172 ], [ -0.332988839922359, 39.540289453229903 ], [ -0.33276989443646, 39.540239428305902 ], [ -0.331015289752165, 39.5392712219884 ], [ -0.3303114732018, 39.538813622109302 ], [ -0.329854422063345, 39.538595928334402 ], [ -0.328910242394085, 39.538340002842602 ], [ -0.328580963130053, 39.538431527979498 ], [ -0.328119653977122, 39.538628109208297 ], [ -0.327782897136684, 39.538611377954602 ], [ -0.325747930048834, 39.537978995816403 ], [ -0.32470776359485, 39.537495594230101 ], [ -0.324001935716551, 39.537091989274003 ], [ -0.323039356753608, 39.536709436042401 ], [ -0.322627825047241, 39.536519769737303 ], [ -0.322392023573373, 39.536298159990601 ], [ -0.322236361704299, 39.535808074294899 ], [ -0.322272400316854, 39.535475610968902 ], [ -0.322225043830035, 39.535195264858501 ], [ -0.321967698959009, 39.534928065835402 ], [ -0.321910999993242, 39.534890728016798 ], [ -0.320605472102601, 39.534049817074397 ], [ -0.320153677905193, 39.5336971002626 ], [ -0.319617751091527, 39.533414464791598 ], [ -0.319142969904293, 39.533358457874201 ], [ -0.318529864332998, 39.533569543260803 ], [ -0.31829634907151, 39.533591165703299 ], [ -0.317700619612772, 39.533352216174201 ], [ -0.315226977323892, 39.532033857342498 ], [ -0.31374788773388, 39.531170874280299 ], [ -0.313311098096658, 39.531034670687603 ], [ -0.312939838762767, 39.531008058908803 ], [ -0.312298885417652, 39.531038267977998 ], [ -0.312042492760849, 39.531050379731703 ], [ -0.310773543370286, 39.530471474891499 ], [ -0.311706549794048, 39.529204813975198 ], [ -0.312144246729705, 39.528413212180098 ], [ -0.31231543777507, 39.527894621706601 ], [ -0.312742030635505, 39.527994593693499 ], [ -0.31355714755128, 39.528274713209001 ], [ -0.313808670440951, 39.528388621910203 ], [ -0.314985283800095, 39.5289473198388 ], [ -0.316007225233599, 39.529295239100399 ], [ -0.318279573931912, 39.530401708888398 ], [ -0.321392846347448, 39.5317257419415 ], [ -0.322293411013067, 39.532205937748401 ], [ -0.323728880209521, 39.532995766991 ], [ -0.324440203980729, 39.533255370331197 ], [ -0.324787507042625, 39.533299401767003 ], [ -0.32629921625724, 39.5333161751782 ], [ -0.32701883597011, 39.533359763164697 ], [ -0.327744204900769, 39.533556608867499 ], [ -0.32989936208204, 39.534389902696503 ], [ -0.330244604408694, 39.5344879462249 ], [ -0.330661321190873, 39.534542572831398 ], [ -0.333429136582449, 39.5345700853035 ], [ -0.334461194842698, 39.534656828049997 ], [ -0.336498272073164, 39.535235048827701 ], [ -0.337191855015827, 39.535656378950598 ], [ -0.337595855246862, 39.536044005836601 ], [ -0.338404639039867, 39.536494926696101 ], [ -0.340151523602607, 39.537057409933297 ], [ -0.340567925974469, 39.537121020720903 ], [ -0.341103688396433, 39.537106271181699 ], [ -0.342194683325852, 39.536869969141598 ], [ -0.342649715949862, 39.536835321103503 ], [ -0.34281211428527, 39.5368480581322 ], [ -0.343229544329778, 39.536884634902897 ], [ -0.343723542277588, 39.537049063862199 ], [ -0.344201119920286, 39.537339237328197 ], [ -0.34506162241915, 39.537656205181499 ], [ -0.345885588638765, 39.537888200277301 ], [ -0.34781270040034, 39.538430722277802 ], [ -0.348123140196244, 39.538527916988599 ], [ -0.348188780992352, 39.5386374928691 ], [ -0.348167906840098, 39.538880260096597 ], [ -0.347094446126725, 39.541098915927201 ], [ -0.347132046011269, 39.541113975663698 ], [ -0.350692915695207, 39.542541350761802 ], [ -0.354188023310496, 39.543954319026398 ], [ -0.356065221979945, 39.544771818812798 ], [ -0.355524980557952, 39.545516233853398 ], [ -0.356392154844425, 39.5459684037709 ], [ -0.355730483653918, 39.547151486931298 ], [ -0.357401956445221, 39.548180512983201 ], [ -0.357265508641764, 39.548708907059002 ], [ -0.358308838962192, 39.549426305953197 ], [ -0.358988704630478, 39.549910207664396 ], [ -0.362963913256078, 39.552486954956798 ], [ -0.363563760592111, 39.552933020287298 ], [ -0.363833670199006, 39.5534886372592 ], [ -0.36506570332295, 39.555066129735401 ], [ -0.366586047144099, 39.556406868081297 ], [ -0.370777030202644, 39.560681882316501 ], [ -0.372352351817488, 39.562113922911898 ], [ -0.374692755085076, 39.5645541490385 ], [ -0.376019610777172, 39.566097622060703 ], [ -0.379260273283165, 39.569675217296698 ], [ -0.381348921895764, 39.571704264867797 ], [ -0.382773392119891, 39.572826438774896 ], [ -0.382858411373318, 39.573350870679903 ], [ -0.383249224335996, 39.5747199929177 ], [ -0.383403931295922, 39.574939652671397 ], [ -0.383828516421678, 39.575102409978903 ], [ -0.383713712626687, 39.575370080932899 ], [ -0.383618794837143, 39.575509100085 ], [ -0.383356405027484, 39.575893513150199 ], [ -0.383355951378283, 39.5758930610099 ], [ -0.383026201397038, 39.575568066954197 ], [ -0.382963541211033, 39.575506288214001 ], [ -0.382598819815785, 39.575299878841598 ] ] ] } },
{ "type": "Feature", "properties": { "OBJECTID": 7227, "Codigo": "46204", "Texto": "Puig de Santa Maria, el", "Cod_Prov": "46", "Cod_CCAA": "10", "FechaId": "01012017", "NUTS_0": "ES", "NUTS_1": "ES5", "NUTS_2": "ES52", "NUTS_3": "ES523", "PAD_2C02": 8618, "PAD_2C03": 378, "PAD_2C04": 495, "PAD_2C05": 469, "PAD_2C06": 400, "PAD_2C07": 360, "PAD_2C08": 410, "PAD_2C09": 508, "PAD_2C10": 661, "PAD_2C11": 793, "PAD_2C12": 700, "PAD_2C13": 689, "PAD_2C14": 582, "PAD_2C15": 548, "PAD_2C16": 465, "PAD_2C17": 360, "PAD_2C18": 293, "PAD_2C19": 253, "PAD_2C20": 254, "PAD_2C21": 4200, "PAD_2C22": 191, "PAD_2C23": 242, "PAD_2C24": 230, "PAD_2C25": 210, "PAD_2C26": 201, "PAD_2C27": 211, "PAD_2C28": 264, "PAD_2C29": 309, "PAD_2C30": 404, "PAD_2C31": 366, "PAD_2C32": 345, "PAD_2C33": 271, "PAD_2C34": 276, "PAD_2C35": 222, "PAD_2C36": 158, "PAD_2C37": 123, "PAD_2C38": 106, "PAD_2C39": 71, "PAD_2C40": 4418, "PAD_2C41": 187, "PAD_2C42": 253, "PAD_2C43": 239, "PAD_2C44": 190, "PAD_2C45": 159, "PAD_2C46": 199, "PAD_2C47": 244, "PAD_2C48": 352, "PAD_2C49": 389, "PAD_2C50": 334, "PAD_2C51": 344, "PAD_2C52": 311, "PAD_2C53": 272, "PAD_2C54": 243, "PAD_2C55": 202, "PAD_2C56": 170, "PAD_2C57": 147, "PAD_2C58": 183, "PAD_3C03": 8151, "PAD_3C04": 467, "PAD_3C05": 227, "PAD_3C06": 12, "PAD_3C07": 21, "PAD_3C08": 22, "PAD_3C09": 39, "PAD_3C10": 5, "PAD_3C100": 7, "PAD_3C101": 5, "PAD_3C102": 3, "PAD_3C103": 13, "PAD_3C104": 3, "PAD_3C105": 4, "PAD_3C106": 0, "PAD_3C107": 2, "PAD_3C108": 1, "PAD_3C109": 15, "PAD_3C11": 13, "PAD_3C110": 6, "PAD_3C111": 3, "PAD_3C112": 0, "PAD_3C12": 9, "PAD_3C13": 65, "PAD_3C14": 50, "PAD_3C15": 21, "PAD_3C16": 23, "PAD_3C17": 37, "PAD_3C18": 17, "PAD_3C19": 9, "PAD_3C20": 0, "PAD_3C21": 0, "PAD_3C22": 111, "PAD_3C23": 24, "PAD_3C24": 1, "PAD_3C25": 6, "PAD_3C26": 13, "PAD_3C27": 6, "PAD_3C28": 6, "PAD_3C29": 30, "PAD_3C30": 4, "PAD_3C31": 6, "PAD_3C32": 1, "PAD_3C33": 3, "PAD_3C34": 1, "PAD_3C35": 41, "PAD_3C36": 13, "PAD_3C37": 16, "PAD_3C38": 1, "PAD_3C39": 4200, "PAD_3C40": 3979, "PAD_3C41": 221, "PAD_3C42": 102, "PAD_3C43": 4, "PAD_3C44": 11, "PAD_3C45": 8, "PAD_3C46": 16, "PAD_3C47": 2, "PAD_3C48": 6, "PAD_3C49": 6, "PAD_3C50": 31, "PAD_3C51": 21, "PAD_3C52": 7, "PAD_3C53": 10, "PAD_3C54": 16, "PAD_3C55": 10, "PAD_3C56": 1, "PAD_3C57": 0, "PAD_3C58": 0, "PAD_3C59": 55, "PAD_3C60": 17, "PAD_3C61": 1, "PAD_3C62": 1, "PAD_3C63": 6, "PAD_3C64": 1, "PAD_3C65": 3, "PAD_3C66": 17, "PAD_3C67": 1, "PAD_3C68": 2, "PAD_3C69": 1, "PAD_3C70": 1, "PAD_3C71": 0, "PAD_3C72": 26, "PAD_3C73": 7, "PAD_3C74": 13, "PAD_3C75": 1, "PAD_3C76": 4418, "PAD_3C77": 4172, "PAD_3C78": 246, "PAD_3C79": 125, "PAD_3C80": 8, "PAD_3C81": 10, "PAD_3C82": 14, "PAD_3C83": 23, "PAD_3C84": 3, "PAD_3C85": 7, "PAD_3C86": 3, "PAD_3C87": 34, "PAD_3C88": 29, "PAD_3C89": 14, "PAD_3C90": 13, "PAD_3C91": 21, "PAD_3C92": 7, "PAD_3C93": 8, "PAD_3C94": 0, "PAD_3C95": 0, "PAD_3C96": 56, "PAD_3C97": 7, "PAD_3C98": 0, "PAD_3C99": 5, "PAD_3_COD_PROV": "46", "PAD_3_COD_CCAA": "10", "Shape__Area": 45237387.683395401, "Shape__Length": 35267.385855483502 }, "geometry": { "type": "Polygon", "coordinates": [ [ [ -0.275431451235611, 39.5747986832273 ], [ -0.280436678945783, 39.566169127063901 ], [ -0.284859297990222, 39.567362052264997 ], [ -0.287663411607482, 39.5679514701473 ], [ -0.288761918249297, 39.568182352239603 ], [ -0.291977456673435, 39.568401854740699 ], [ -0.295215514065079, 39.568622787897603 ], [ -0.295526675208152, 39.5687047183009 ], [ -0.299824157136889, 39.569836352746201 ], [ -0.304686353290877, 39.572021262006501 ], [ -0.309356461789352, 39.572878414335001 ], [ -0.309018749141436, 39.574086762070998 ], [ -0.31386785504512, 39.5741990009343 ], [ -0.31130685967972, 39.578131686910702 ], [ -0.314395393390657, 39.578318580726403 ], [ -0.317008140699574, 39.579406522059301 ], [ -0.317747021190443, 39.581684197095797 ], [ -0.320286625872292, 39.583139186079102 ], [ -0.319495139140098, 39.583427762734303 ], [ -0.317442289289863, 39.584444533100502 ], [ -0.323286051198646, 39.586876545662498 ], [ -0.323102272959486, 39.587421282040197 ], [ -0.325581380598539, 39.589251966943998 ], [ -0.328834806368093, 39.590039049934497 ], [ -0.330746621616992, 39.591134595807198 ], [ -0.334337063840112, 39.593191825907802 ], [ -0.337923865191395, 39.5934739721162 ], [ -0.340160098920332, 39.595153651052101 ], [ -0.340583649186899, 39.595471775152802 ], [ -0.342461064350315, 39.596927980843397 ], [ -0.348277434829436, 39.599816991709297 ], [ -0.353816340870106, 39.603296257000103 ], [ -0.354192224731087, 39.603817192191698 ], [ -0.358019277810127, 39.605148652693202 ], [ -0.364610220642993, 39.6076407487475 ], [ -0.373036267989386, 39.613642385223699 ], [ -0.374674968442446, 39.614343844234597 ], [ -0.379368060337494, 39.624252628341999 ], [ -0.379367841148535, 39.624252716907897 ], [ -0.379367575247228, 39.624252819312296 ], [ -0.362973099428164, 39.630039203741802 ], [ -0.361714085404631, 39.630483429892699 ], [ -0.354182414229853, 39.633140487174103 ], [ -0.353377814789428, 39.633761211040799 ], [ -0.351752442640236, 39.632392529865299 ], [ -0.346844171895319, 39.628319033916199 ], [ -0.34435345712447, 39.626251637144797 ], [ -0.337006452622648, 39.620152413941199 ], [ -0.320990940089348, 39.609874496262798 ], [ -0.317670202657252, 39.607563632167697 ], [ -0.317467316353698, 39.607422452254397 ], [ -0.313200184905163, 39.604452660309498 ], [ -0.306828325898747, 39.602097961826203 ], [ -0.30060280155381, 39.601069458975999 ], [ -0.300120970388222, 39.601027742893997 ], [ -0.271805807629764, 39.598572875071604 ], [ -0.268061913393197, 39.598247758954201 ], [ -0.268416034668062, 39.597245475899598 ], [ -0.272020082774486, 39.583431582315598 ], [ -0.272584490674227, 39.582397600063203 ], [ -0.275431451235611, 39.5747986832273 ] ] ] } },
{ "type": "Feature", "properties": { "OBJECTID": 7230, "Codigo": "46207", "Texto": "Rafelbunyol", "Cod_Prov": "46", "Cod_CCAA": "10", "FechaId": "01012017", "NUTS_0": "ES", "NUTS_1": "ES5", "NUTS_2": "ES52", "NUTS_3": "ES523", "PAD_2C02": 8870, "PAD_2C03": 530, "PAD_2C04": 595, "PAD_2C05": 468, "PAD_2C06": 379, "PAD_2C07": 399, "PAD_2C08": 421, "PAD_2C09": 605, "PAD_2C10": 939, "PAD_2C11": 910, "PAD_2C12": 770, "PAD_2C13": 634, "PAD_2C14": 493, "PAD_2C15": 406, "PAD_2C16": 385, "PAD_2C17": 339, "PAD_2C18": 227, "PAD_2C19": 201, "PAD_2C20": 169, "PAD_2C21": 4361, "PAD_2C22": 269, "PAD_2C23": 304, "PAD_2C24": 237, "PAD_2C25": 197, "PAD_2C26": 201, "PAD_2C27": 208, "PAD_2C28": 296, "PAD_2C29": 472, "PAD_2C30": 456, "PAD_2C31": 378, "PAD_2C32": 335, "PAD_2C33": 239, "PAD_2C34": 193, "PAD_2C35": 178, "PAD_2C36": 154, "PAD_2C37": 100, "PAD_2C38": 85, "PAD_2C39": 59, "PAD_2C40": 4509, "PAD_2C41": 261, "PAD_2C42": 291, "PAD_2C43": 231, "PAD_2C44": 182, "PAD_2C45": 198, "PAD_2C46": 213, "PAD_2C47": 309, "PAD_2C48": 467, "PAD_2C49": 454, "PAD_2C50": 392, "PAD_2C51": 299, "PAD_2C52": 254, "PAD_2C53": 213, "PAD_2C54": 207, "PAD_2C55": 185, "PAD_2C56": 127, "PAD_2C57": 116, "PAD_2C58": 110, "PAD_3C03": 8353, "PAD_3C04": 517, "PAD_3C05": 233, "PAD_3C06": 12, "PAD_3C07": 50, "PAD_3C08": 8, "PAD_3C09": 21, "PAD_3C10": 8, "PAD_3C100": 7, "PAD_3C101": 3, "PAD_3C102": 7, "PAD_3C103": 11, "PAD_3C104": 3, "PAD_3C105": 4, "PAD_3C106": 5, "PAD_3C107": 3, "PAD_3C108": 2, "PAD_3C109": 21, "PAD_3C11": 9, "PAD_3C110": 2, "PAD_3C111": 11, "PAD_3C112": 0, "PAD_3C12": 8, "PAD_3C13": 100, "PAD_3C14": 44, "PAD_3C15": 18, "PAD_3C16": 19, "PAD_3C17": 22, "PAD_3C18": 2, "PAD_3C19": 9, "PAD_3C20": 5, "PAD_3C21": 0, "PAD_3C22": 146, "PAD_3C23": 9, "PAD_3C24": 16, "PAD_3C25": 16, "PAD_3C26": 11, "PAD_3C27": 4, "PAD_3C28": 16, "PAD_3C29": 30, "PAD_3C30": 3, "PAD_3C31": 4, "PAD_3C32": 5, "PAD_3C33": 9, "PAD_3C34": 8, "PAD_3C35": 69, "PAD_3C36": 7, "PAD_3C37": 45, "PAD_3C38": 3, "PAD_3C39": 4361, "PAD_3C40": 4098, "PAD_3C41": 263, "PAD_3C42": 117, "PAD_3C43": 8, "PAD_3C44": 24, "PAD_3C45": 3, "PAD_3C46": 11, "PAD_3C47": 3, "PAD_3C48": 4, "PAD_3C49": 7, "PAD_3C50": 52, "PAD_3C51": 18, "PAD_3C52": 7, "PAD_3C53": 9, "PAD_3C54": 12, "PAD_3C55": 1, "PAD_3C56": 6, "PAD_3C57": 1, "PAD_3C58": 0, "PAD_3C59": 65, "PAD_3C60": 4, "PAD_3C61": 4, "PAD_3C62": 5, "PAD_3C63": 4, "PAD_3C64": 1, "PAD_3C65": 9, "PAD_3C66": 19, "PAD_3C67": 0, "PAD_3C68": 0, "PAD_3C69": 0, "PAD_3C70": 6, "PAD_3C71": 6, "PAD_3C72": 48, "PAD_3C73": 5, "PAD_3C74": 34, "PAD_3C75": 3, "PAD_3C76": 4509, "PAD_3C77": 4255, "PAD_3C78": 254, "PAD_3C79": 116, "PAD_3C80": 4, "PAD_3C81": 26, "PAD_3C82": 5, "PAD_3C83": 10, "PAD_3C84": 5, "PAD_3C85": 5, "PAD_3C86": 1, "PAD_3C87": 48, "PAD_3C88": 26, "PAD_3C89": 11, "PAD_3C90": 10, "PAD_3C91": 10, "PAD_3C92": 1, "PAD_3C93": 3, "PAD_3C94": 4, "PAD_3C95": 0, "PAD_3C96": 81, "PAD_3C97": 5, "PAD_3C98": 12, "PAD_3C99": 11, "PAD_3_COD_PROV": "46", "PAD_3_COD_CCAA": "10", "Shape__Area": 7050709.3652343797, "Shape__Length": 15812.115376662599 }, "geometry": { "type": "Polygon", "coordinates": [ [ [ -0.324384911776684, 39.583422255945898 ], [ -0.324918527225119, 39.582578735971502 ], [ -0.325796854095856, 39.58274788776 ], [ -0.325981123713462, 39.582783367904597 ], [ -0.327784247304555, 39.581304659138297 ], [ -0.330416409003409, 39.582089947154401 ], [ -0.332722634967694, 39.582777913682499 ], [ -0.332872519771168, 39.5828272952158 ], [ -0.333288835904742, 39.582964472341899 ], [ -0.334687829009121, 39.5834254621236 ], [ -0.336759176069323, 39.584365409964398 ], [ -0.336803938221625, 39.5843868767288 ], [ -0.339290279095341, 39.585579203918101 ], [ -0.354183596412766, 39.592719436970697 ], [ -0.361580356801555, 39.596643257808502 ], [ -0.367890489869847, 39.600046492694098 ], [ -0.367213724287611, 39.605014103150303 ], [ -0.369164681828404, 39.605463707753898 ], [ -0.373275120141964, 39.6119445373064 ], [ -0.374674968442446, 39.614343844234597 ], [ -0.373036267989386, 39.613642385223699 ], [ -0.364610220642993, 39.6076407487475 ], [ -0.358019277810127, 39.605148652693202 ], [ -0.354192224731087, 39.603817192191698 ], [ -0.353816340870106, 39.603296257000103 ], [ -0.348277434829436, 39.599816991709297 ], [ -0.342461064350315, 39.596927980843397 ], [ -0.340583649186899, 39.595471775152802 ], [ -0.340160098920332, 39.595153651052101 ], [ -0.337923865191395, 39.5934739721162 ], [ -0.334337063840112, 39.593191825907802 ], [ -0.330746621616992, 39.591134595807198 ], [ -0.328834806368093, 39.590039049934497 ], [ -0.325581380598539, 39.589251966943998 ], [ -0.323102272959486, 39.587421282040197 ], [ -0.323286051198646, 39.586876545662498 ], [ -0.324384911776684, 39.583422255945898 ] ] ] } },
{ "type": "Feature", "properties": { "OBJECTID": 7222, "Codigo": "46199", "Texto": "Pobla de Farnals, la", "Cod_Prov": "46", "Cod_CCAA": "10", "FechaId": "01012017", "NUTS_0": "ES", "NUTS_1": "ES5", "NUTS_2": "ES52", "NUTS_3": "ES523", "PAD_2C02": 7747, "PAD_2C03": 351, "PAD_2C04": 494, "PAD_2C05": 411, "PAD_2C06": 326, "PAD_2C07": 334, "PAD_2C08": 390, "PAD_2C09": 504, "PAD_2C10": 758, "PAD_2C11": 728, "PAD_2C12": 676, "PAD_2C13": 566, "PAD_2C14": 520, "PAD_2C15": 420, "PAD_2C16": 384, "PAD_2C17": 313, "PAD_2C18": 280, "PAD_2C19": 177, "PAD_2C20": 115, "PAD_2C21": 3885, "PAD_2C22": 194, "PAD_2C23": 249, "PAD_2C24": 212, "PAD_2C25": 166, "PAD_2C26": 169, "PAD_2C27": 182, "PAD_2C28": 262, "PAD_2C29": 377, "PAD_2C30": 386, "PAD_2C31": 346, "PAD_2C32": 307, "PAD_2C33": 244, "PAD_2C34": 204, "PAD_2C35": 186, "PAD_2C36": 154, "PAD_2C37": 121, "PAD_2C38": 92, "PAD_2C39": 34, "PAD_2C40": 3862, "PAD_2C41": 157, "PAD_2C42": 245, "PAD_2C43": 199, "PAD_2C44": 160, "PAD_2C45": 165, "PAD_2C46": 208, "PAD_2C47": 242, "PAD_2C48": 381, "PAD_2C49": 342, "PAD_2C50": 330, "PAD_2C51": 259, "PAD_2C52": 276, "PAD_2C53": 216, "PAD_2C54": 198, "PAD_2C55": 159, "PAD_2C56": 159, "PAD_2C57": 85, "PAD_2C58": 81, "PAD_3C03": 6995, "PAD_3C04": 752, "PAD_3C05": 377, "PAD_3C06": 21, "PAD_3C07": 28, "PAD_3C08": 20, "PAD_3C09": 61, "PAD_3C10": 23, "PAD_3C100": 17, "PAD_3C101": 2, "PAD_3C102": 13, "PAD_3C103": 32, "PAD_3C104": 2, "PAD_3C105": 1, "PAD_3C106": 2, "PAD_3C107": 7, "PAD_3C108": 5, "PAD_3C109": 27, "PAD_3C11": 9, "PAD_3C110": 16, "PAD_3C111": 2, "PAD_3C112": 0, "PAD_3C12": 12, "PAD_3C13": 184, "PAD_3C14": 82, "PAD_3C15": 31, "PAD_3C16": 20, "PAD_3C17": 47, "PAD_3C18": 17, "PAD_3C19": 19, "PAD_3C20": 4, "PAD_3C21": 4, "PAD_3C22": 193, "PAD_3C23": 14, "PAD_3C24": 6, "PAD_3C25": 10, "PAD_3C26": 24, "PAD_3C27": 3, "PAD_3C28": 22, "PAD_3C29": 67, "PAD_3C30": 2, "PAD_3C31": 2, "PAD_3C32": 4, "PAD_3C33": 11, "PAD_3C34": 10, "PAD_3C35": 53, "PAD_3C36": 24, "PAD_3C37": 6, "PAD_3C38": 0, "PAD_3C39": 3885, "PAD_3C40": 3538, "PAD_3C41": 347, "PAD_3C42": 173, "PAD_3C43": 10, "PAD_3C44": 11, "PAD_3C45": 10, "PAD_3C46": 34, "PAD_3C47": 4, "PAD_3C48": 3, "PAD_3C49": 6, "PAD_3C50": 85, "PAD_3C51": 40, "PAD_3C52": 13, "PAD_3C53": 11, "PAD_3C54": 28, "PAD_3C55": 10, "PAD_3C56": 13, "PAD_3C57": 1, "PAD_3C58": 2, "PAD_3C59": 80, "PAD_3C60": 6, "PAD_3C61": 2, "PAD_3C62": 1, "PAD_3C63": 7, "PAD_3C64": 1, "PAD_3C65": 9, "PAD_3C66": 35, "PAD_3C67": 0, "PAD_3C68": 1, "PAD_3C69": 2, "PAD_3C70": 4, "PAD_3C71": 5, "PAD_3C72": 26, "PAD_3C73": 8, "PAD_3C74": 4, "PAD_3C75": 0, "PAD_3C76": 3862, "PAD_3C77": 3457, "PAD_3C78": 405, "PAD_3C79": 204, "PAD_3C80": 11, "PAD_3C81": 17, "PAD_3C82": 10, "PAD_3C83": 27, "PAD_3C84": 19, "PAD_3C85": 6, "PAD_3C86": 6, "PAD_3C87": 99, "PAD_3C88": 42, "PAD_3C89": 18, "PAD_3C90": 9, "PAD_3C91": 19, "PAD_3C92": 7, "PAD_3C93": 6, "PAD_3C94": 3, "PAD_3C95": 2, "PAD_3C96": 113, "PAD_3C97": 8, "PAD_3C98": 4, "PAD_3C99": 9, "PAD_3_COD_PROV": "46", "PAD_3_COD_CCAA": "10", "Shape__Area": 6069933.7467651404, "Shape__Length": 20057.7697668492 }, "geometry": { "type": "Polygon", "coordinates": [ [ [ -0.320286625872292, 39.583139186079102 ], [ -0.317747021190443, 39.581684197095797 ], [ -0.317008140699574, 39.579406522059301 ], [ -0.314395393390657, 39.578318580726403 ], [ -0.31130685967972, 39.578131686910702 ], [ -0.31386785504512, 39.5741990009343 ], [ -0.309018749141436, 39.574086762070998 ], [ -0.309356461789352, 39.572878414335001 ], [ -0.304686353290877, 39.572021262006501 ], [ -0.299824157136889, 39.569836352746201 ], [ -0.295526675208152, 39.5687047183009 ], [ -0.295215514065079, 39.568622787897603 ], [ -0.291977456673435, 39.568401854740699 ], [ -0.288761918249297, 39.568182352239603 ], [ -0.287663411607482, 39.5679514701473 ], [ -0.284859297990222, 39.567362052264997 ], [ -0.280436678945783, 39.566169127063901 ], [ -0.281476875942502, 39.564563462019002 ], [ -0.28084602325445, 39.562837064886502 ], [ -0.28336854467453, 39.559940119065701 ], [ -0.281413146761284, 39.562633570772803 ], [ -0.282215405192073, 39.5641387603034 ], [ -0.282629902237224, 39.563652971675602 ], [ -0.284539693581796, 39.562129604145497 ], [ -0.28514930201169, 39.561116255226302 ], [ -0.284265119921938, 39.560521305957302 ], [ -0.284728431419632, 39.560577187763599 ], [ -0.28592672022824, 39.559902661038699 ], [ -0.286712573625335, 39.560128059213199 ], [ -0.287663206791577, 39.560416875027002 ], [ -0.293502286681089, 39.562190650323501 ], [ -0.305243626770637, 39.565756304042097 ], [ -0.30499117412467, 39.566569655793003 ], [ -0.310379435387122, 39.567775594221999 ], [ -0.311837781080627, 39.568910101673602 ], [ -0.313952710805176, 39.569291217778002 ], [ -0.313353049420409, 39.572458537222197 ], [ -0.326129882029542, 39.573383232776898 ], [ -0.326145094998888, 39.573384321968803 ], [ -0.325487123969025, 39.5750526988923 ], [ -0.326768554552161, 39.575335531054698 ], [ -0.328115813679297, 39.575903325216203 ], [ -0.328138947992815, 39.575913063885899 ], [ -0.329974022861936, 39.5766864061398 ], [ -0.330080626835021, 39.5767313281345 ], [ -0.330082086597372, 39.576731942982398 ], [ -0.333389452606472, 39.578125614025097 ], [ -0.333956718047147, 39.580337295247503 ], [ -0.335738798602732, 39.580017860244901 ], [ -0.338918689181419, 39.582100767778797 ], [ -0.338781031347272, 39.582655053028198 ], [ -0.337750167846362, 39.583425325042398 ], [ -0.336759176069323, 39.584365409964398 ], [ -0.334687829009121, 39.5834254621236 ], [ -0.333288835904742, 39.582964472341899 ], [ -0.332872519771168, 39.5828272952158 ], [ -0.332722634967694, 39.582777913682499 ], [ -0.330416409003409, 39.582089947154401 ], [ -0.327784247304555, 39.581304659138297 ], [ -0.325981123713462, 39.582783367904597 ], [ -0.325796854095856, 39.58274788776 ], [ -0.324918527225119, 39.582578735971502 ], [ -0.324384911776684, 39.583422255945898 ], [ -0.323286051198646, 39.586876545662498 ], [ -0.317442289289863, 39.584444533100502 ], [ -0.319495139140098, 39.583427762734303 ], [ -0.320286625872292, 39.583139186079102 ] ] ] } },
{ "type": "Feature", "properties": { "OBJECTID": 7187, "Codigo": "46164", "Texto": "Massamagrell", "Cod_Prov": "46", "Cod_CCAA": "10", "FechaId": "01012017", "NUTS_0": "ES", "NUTS_1": "ES5", "NUTS_2": "ES52", "NUTS_3": "ES523", "PAD_2C02": 15553, "PAD_2C03": 791, "PAD_2C04": 925, "PAD_2C05": 835, "PAD_2C06": 697, "PAD_2C07": 718, "PAD_2C08": 751, "PAD_2C09": 1040, "PAD_2C10": 1469, "PAD_2C11": 1491, "PAD_2C12": 1243, "PAD_2C13": 1139, "PAD_2C14": 990, "PAD_2C15": 858, "PAD_2C16": 754, "PAD_2C17": 583, "PAD_2C18": 461, "PAD_2C19": 452, "PAD_2C20": 356, "PAD_2C21": 7710, "PAD_2C22": 409, "PAD_2C23": 469, "PAD_2C24": 447, "PAD_2C25": 358, "PAD_2C26": 360, "PAD_2C27": 349, "PAD_2C28": 496, "PAD_2C29": 781, "PAD_2C30": 786, "PAD_2C31": 630, "PAD_2C32": 589, "PAD_2C33": 478, "PAD_2C34": 417, "PAD_2C35": 381, "PAD_2C36": 250, "PAD_2C37": 210, "PAD_2C38": 181, "PAD_2C39": 119, "PAD_2C40": 7843, "PAD_2C41": 382, "PAD_2C42": 456, "PAD_2C43": 388, "PAD_2C44": 339, "PAD_2C45": 358, "PAD_2C46": 402, "PAD_2C47": 544, "PAD_2C48": 688, "PAD_2C49": 705, "PAD_2C50": 613, "PAD_2C51": 550, "PAD_2C52": 512, "PAD_2C53": 441, "PAD_2C54": 373, "PAD_2C55": 333, "PAD_2C56": 251, "PAD_2C57": 271, "PAD_2C58": 237, "PAD_3C03": 14571, "PAD_3C04": 982, "PAD_3C05": 410, "PAD_3C06": 9, "PAD_3C07": 33, "PAD_3C08": 13, "PAD_3C09": 46, "PAD_3C10": 25, "PAD_3C100": 19, "PAD_3C101": 0, "PAD_3C102": 2, "PAD_3C103": 81, "PAD_3C104": 1, "PAD_3C105": 0, "PAD_3C106": 1, "PAD_3C107": 2, "PAD_3C108": 7, "PAD_3C109": 20, "PAD_3C11": 9, "PAD_3C110": 18, "PAD_3C111": 0, "PAD_3C112": 0, "PAD_3C12": 6, "PAD_3C13": 250, "PAD_3C14": 94, "PAD_3C15": 27, "PAD_3C16": 44, "PAD_3C17": 149, "PAD_3C18": 39, "PAD_3C19": 95, "PAD_3C20": 1, "PAD_3C21": 1, "PAD_3C22": 289, "PAD_3C23": 13, "PAD_3C24": 15, "PAD_3C25": 7, "PAD_3C26": 25, "PAD_3C27": 2, "PAD_3C28": 2, "PAD_3C29": 189, "PAD_3C30": 1, "PAD_3C31": 2, "PAD_3C32": 1, "PAD_3C33": 7, "PAD_3C34": 11, "PAD_3C35": 40, "PAD_3C36": 33, "PAD_3C37": 5, "PAD_3C38": 0, "PAD_3C39": 7710, "PAD_3C40": 7222, "PAD_3C41": 488, "PAD_3C42": 202, "PAD_3C43": 4, "PAD_3C44": 14, "PAD_3C45": 7, "PAD_3C46": 27, "PAD_3C47": 6, "PAD_3C48": 5, "PAD_3C49": 5, "PAD_3C50": 124, "PAD_3C51": 38, "PAD_3C52": 9, "PAD_3C53": 22, "PAD_3C54": 86, "PAD_3C55": 21, "PAD_3C56": 55, "PAD_3C57": 1, "PAD_3C58": 1, "PAD_3C59": 142, "PAD_3C60": 6, "PAD_3C61": 2, "PAD_3C62": 1, "PAD_3C63": 6, "PAD_3C64": 2, "PAD_3C65": 0, "PAD_3C66": 108, "PAD_3C67": 0, "PAD_3C68": 2, "PAD_3C69": 0, "PAD_3C70": 5, "PAD_3C71": 4, "PAD_3C72": 20, "PAD_3C73": 15, "PAD_3C74": 5, "PAD_3C75": 0, "PAD_3C76": 7843, "PAD_3C77": 7349, "PAD_3C78": 494, "PAD_3C79": 208, "PAD_3C80": 5, "PAD_3C81": 19, "PAD_3C82": 6, "PAD_3C83": 19, "PAD_3C84": 19, "PAD_3C85": 4, "PAD_3C86": 1, "PAD_3C87": 126, "PAD_3C88": 56, "PAD_3C89": 18, "PAD_3C90": 22, "PAD_3C91": 63, "PAD_3C92": 18, "PAD_3C93": 40, "PAD_3C94": 0, "PAD_3C95": 0, "PAD_3C96": 147, "PAD_3C97": 7, "PAD_3C98": 13, "PAD_3C99": 6, "PAD_3_COD_PROV": "46", "PAD_3_COD_CCAA": "10", "Shape__Area": 10400938.253875701, "Shape__Length": 23906.9343913062 }, "geometry": { "type": "Polygon", "coordinates": [ [ [ -0.338918689181419, 39.582100767778797 ], [ -0.335738798602732, 39.580017860244901 ], [ -0.333956718047147, 39.580337295247503 ], [ -0.333389452606472, 39.578125614025097 ], [ -0.330082086597372, 39.576731942982398 ], [ -0.330080626835021, 39.5767313281345 ], [ -0.329974022861936, 39.5766864061398 ], [ -0.328138947992815, 39.575913063885899 ], [ -0.328115813679297, 39.575903325216203 ], [ -0.326768554552161, 39.575335531054698 ], [ -0.325487123969025, 39.5750526988923 ], [ -0.326145094998888, 39.573384321968803 ], [ -0.326129882029542, 39.573383232776898 ], [ -0.313353049420409, 39.572458537222197 ], [ -0.313952710805176, 39.569291217778002 ], [ -0.311837781080627, 39.568910101673602 ], [ -0.310379435387122, 39.567775594221999 ], [ -0.30499117412467, 39.566569655793003 ], [ -0.305243626770637, 39.565756304042097 ], [ -0.293502286681089, 39.562190650323501 ], [ -0.287663206791577, 39.560416875027002 ], [ -0.286712573625335, 39.560128059213199 ], [ -0.286716932251086, 39.559432807841901 ], [ -0.288150729682808, 39.557565996718999 ], [ -0.289443787160643, 39.5566502698995 ], [ -0.291940535915229, 39.557978153057597 ], [ -0.302078411070401, 39.561837230242098 ], [ -0.303604040578705, 39.562708782340003 ], [ -0.3092028462825, 39.564505239942299 ], [ -0.315995885799772, 39.566112206162202 ], [ -0.31825623570082, 39.564227572048203 ], [ -0.320264359331337, 39.561346813802103 ], [ -0.32026440784038, 39.561346761168302 ], [ -0.320264897422198, 39.561346443287903 ], [ -0.320266392218835, 39.561345405848101 ], [ -0.320269045842194, 39.561343565742703 ], [ -0.320503013854554, 39.561181549715599 ], [ -0.320796853682328, 39.561107200797501 ], [ -0.321168968212355, 39.561115782905702 ], [ -0.321974916024023, 39.561341598208202 ], [ -0.325116008365604, 39.562585107701402 ], [ -0.326222948391302, 39.562853818000598 ], [ -0.327067214739726, 39.563296635875197 ], [ -0.328097188010212, 39.563752757809397 ], [ -0.328382092295824, 39.563713132849102 ], [ -0.328541811855021, 39.5636909200635 ], [ -0.328542138841764, 39.5636904498379 ], [ -0.328542549371871, 39.563690382662799 ], [ -0.328984401015704, 39.5636920932034 ], [ -0.330223531728748, 39.564124389776197 ], [ -0.333934638355756, 39.565418958654398 ], [ -0.333861518186581, 39.566425138275598 ], [ -0.335013081125698, 39.567040480681399 ], [ -0.335287246950441, 39.567186973287399 ], [ -0.335547824858154, 39.567238187872597 ], [ -0.335564909916551, 39.5672415519944 ], [ -0.33882244907178, 39.567881730740702 ], [ -0.340528580663331, 39.567994014273999 ], [ -0.341834004349409, 39.568860006670299 ], [ -0.342460201069337, 39.569226264003099 ], [ -0.341273511307651, 39.571344287298999 ], [ -0.34321512367454, 39.572008037722 ], [ -0.347145968101519, 39.573018468132503 ], [ -0.347074395729576, 39.574584902346203 ], [ -0.351291084079965, 39.577265507059799 ], [ -0.353824493081299, 39.580144156921598 ], [ -0.354165512427797, 39.583420368655801 ], [ -0.354577700802642, 39.584203969049199 ], [ -0.354644545341261, 39.585818578660501 ], [ -0.356501709783209, 39.588718310308202 ], [ -0.361757821680882, 39.593502709998802 ], [ -0.361580356801555, 39.596643257808502 ], [ -0.354183596412766, 39.592719436970697 ], [ -0.339290279095341, 39.585579203918101 ], [ -0.336803938221625, 39.5843868767288 ], [ -0.336759176069323, 39.584365409964398 ], [ -0.337750167846362, 39.583425325042398 ], [ -0.338781031347272, 39.582655053028198 ], [ -0.338918689181419, 39.582100767778797 ] ] ] } },
{ "type": "Feature", "properties": { "OBJECTID": 7186, "Codigo": "46163", "Texto": "Massalfassar", "Cod_Prov": "46", "Cod_CCAA": "10", "FechaId": "01012017", "NUTS_0": "ES", "NUTS_1": "ES5", "NUTS_2": "ES52", "NUTS_3": "ES523", "PAD_2C02": 2462, "PAD_2C03": 145, "PAD_2C04": 164, "PAD_2C05": 133, "PAD_2C06": 84, "PAD_2C07": 82, "PAD_2C08": 118, "PAD_2C09": 179, "PAD_2C10": 305, "PAD_2C11": 265, "PAD_2C12": 236, "PAD_2C13": 159, "PAD_2C14": 146, "PAD_2C15": 114, "PAD_2C16": 84, "PAD_2C17": 80, "PAD_2C18": 68, "PAD_2C19": 51, "PAD_2C20": 49, "PAD_2C21": 1229, "PAD_2C22": 75, "PAD_2C23": 83, "PAD_2C24": 58, "PAD_2C25": 47, "PAD_2C26": 41, "PAD_2C27": 66, "PAD_2C28": 76, "PAD_2C29": 158, "PAD_2C30": 137, "PAD_2C31": 134, "PAD_2C32": 76, "PAD_2C33": 73, "PAD_2C34": 63, "PAD_2C35": 45, "PAD_2C36": 31, "PAD_2C37": 29, "PAD_2C38": 23, "PAD_2C39": 14, "PAD_2C40": 1233, "PAD_2C41": 70, "PAD_2C42": 81, "PAD_2C43": 75, "PAD_2C44": 37, "PAD_2C45": 41, "PAD_2C46": 52, "PAD_2C47": 103, "PAD_2C48": 147, "PAD_2C49": 128, "PAD_2C50": 102, "PAD_2C51": 83, "PAD_2C52": 73, "PAD_2C53": 51, "PAD_2C54": 39, "PAD_2C55": 49, "PAD_2C56": 39, "PAD_2C57": 28, "PAD_2C58": 35, "PAD_3C03": 2302, "PAD_3C04": 160, "PAD_3C05": 118, "PAD_3C06": 0, "PAD_3C07": 0, "PAD_3C08": 9, "PAD_3C09": 12, "PAD_3C10": 9, "PAD_3C100": 1, "PAD_3C101": 1, "PAD_3C102": 0, "PAD_3C103": 0, "PAD_3C104": 0, "PAD_3C105": 0, "PAD_3C106": 1, "PAD_3C107": 3, "PAD_3C108": 0, "PAD_3C109": 0, "PAD_3C11": 1, "PAD_3C110": 0, "PAD_3C111": 0, "PAD_3C112": 0, "PAD_3C12": 2, "PAD_3C13": 82, "PAD_3C14": 12, "PAD_3C15": 1, "PAD_3C16": 6, "PAD_3C17": 9, "PAD_3C18": 5, "PAD_3C19": 2, "PAD_3C20": 0, "PAD_3C21": 1, "PAD_3C22": 21, "PAD_3C23": 2, "PAD_3C24": 1, "PAD_3C25": 2, "PAD_3C26": 2, "PAD_3C27": 1, "PAD_3C28": 0, "PAD_3C29": 2, "PAD_3C30": 0, "PAD_3C31": 0, "PAD_3C32": 1, "PAD_3C33": 5, "PAD_3C34": 0, "PAD_3C35": 0, "PAD_3C36": 0, "PAD_3C37": 0, "PAD_3C38": 0, "PAD_3C39": 1229, "PAD_3C40": 1157, "PAD_3C41": 72, "PAD_3C42": 56, "PAD_3C43": 0, "PAD_3C44": 0, "PAD_3C45": 3, "PAD_3C46": 8, "PAD_3C47": 4, "PAD_3C48": 1, "PAD_3C49": 0, "PAD_3C50": 39, "PAD_3C51": 4, "PAD_3C52": 0, "PAD_3C53": 3, "PAD_3C54": 6, "PAD_3C55": 3, "PAD_3C56": 1, "PAD_3C57": 0, "PAD_3C58": 1, "PAD_3C59": 6, "PAD_3C60": 0, "PAD_3C61": 0, "PAD_3C62": 0, "PAD_3C63": 1, "PAD_3C64": 0, "PAD_3C65": 0, "PAD_3C66": 2, "PAD_3C67": 0, "PAD_3C68": 0, "PAD_3C69": 0, "PAD_3C70": 2, "PAD_3C71": 0, "PAD_3C72": 0, "PAD_3C73": 0, "PAD_3C74": 0, "PAD_3C75": 0, "PAD_3C76": 1233, "PAD_3C77": 1145, "PAD_3C78": 88, "PAD_3C79": 62, "PAD_3C80": 0, "PAD_3C81": 0, "PAD_3C82": 6, "PAD_3C83": 4, "PAD_3C84": 5, "PAD_3C85": 0, "PAD_3C86": 2, "PAD_3C87": 43, "PAD_3C88": 8, "PAD_3C89": 1, "PAD_3C90": 3, "PAD_3C91": 3, "PAD_3C92": 2, "PAD_3C93": 1, "PAD_3C94": 0, "PAD_3C95": 0, "PAD_3C96": 15, "PAD_3C97": 2, "PAD_3C98": 1, "PAD_3C99": 2, "PAD_3_COD_PROV": "46", "PAD_3_COD_CCAA": "10", "Shape__Area": 4267674.0680999802, "Shape__Length": 10660.139110013 }, "geometry": { "type": "Polygon", "coordinates": [ [ [ -0.320264359331337, 39.561346813802103 ], [ -0.320263868851222, 39.561347153844203 ], [ -0.319257514984486, 39.560882854332696 ], [ -0.318640152297047, 39.560598001888003 ], [ -0.318420593261831, 39.5605569387602 ], [ -0.318127797276451, 39.560604200276799 ], [ -0.317900352829647, 39.560675679779301 ], [ -0.317727293288486, 39.560730059999699 ], [ -0.317538384770769, 39.560797798880699 ], [ -0.31721944781062, 39.560746042807999 ], [ -0.317214636433932, 39.560745265760197 ], [ -0.31720494990023, 39.560741149899997 ], [ -0.31490156979875, 39.559763888311998 ], [ -0.311943191192703, 39.558154686851402 ], [ -0.311926504087987, 39.558145611258503 ], [ -0.311414259560134, 39.557548249156604 ], [ -0.311358246008919, 39.557492860803102 ], [ -0.311041773127575, 39.5572512772222 ], [ -0.310013747404663, 39.556750027323503 ], [ -0.309994220725322, 39.556741552719998 ], [ -0.308480077076273, 39.556083942219303 ], [ -0.308365172669974, 39.556045213261299 ], [ -0.308218535276241, 39.555924693326297 ], [ -0.308071254688786, 39.555822171221003 ], [ -0.308070916922244, 39.5558211267725 ], [ -0.307883525659024, 39.555259308145203 ], [ -0.307685411206252, 39.554966416295002 ], [ -0.307325514662414, 39.554642804962697 ], [ -0.306606263258821, 39.554283777751898 ], [ -0.298449997958569, 39.550653081832202 ], [ -0.29827806131148, 39.550586022930801 ], [ -0.295767168582761, 39.549513573877903 ], [ -0.295668266764922, 39.549471327344399 ], [ -0.29566925491173, 39.549470462894 ], [ -0.296451197044062, 39.548786821998497 ], [ -0.297341081639222, 39.547744537929198 ], [ -0.298355247255651, 39.546497965956704 ], [ -0.299352385305864, 39.5450887451033 ], [ -0.299353146178906, 39.545088761728501 ], [ -0.299354679603085, 39.545089414956102 ], [ -0.300898446995283, 39.545746278340097 ], [ -0.301722194025974, 39.546107767955597 ], [ -0.303103626863159, 39.546491165045303 ], [ -0.305682711603409, 39.547496941115099 ], [ -0.307455298763068, 39.547997450896602 ], [ -0.309016539285843, 39.548547135820698 ], [ -0.310973239756247, 39.549403215828903 ], [ -0.31247065407975, 39.5498601079411 ], [ -0.312698347359884, 39.549929580092702 ], [ -0.314819471866617, 39.550447104115698 ], [ -0.317310434572465, 39.551333430875701 ], [ -0.319339511407014, 39.552128001090999 ], [ -0.320187709681433, 39.552462855291303 ], [ -0.320602460949797, 39.552565036042502 ], [ -0.320602934361934, 39.552565150327702 ], [ -0.322043652414595, 39.552920074264499 ], [ -0.325428840375079, 39.554160173282597 ], [ -0.325750321364141, 39.554257494184803 ], [ -0.326042433731597, 39.553922034981802 ], [ -0.326563559902619, 39.553078205219997 ], [ -0.326564117756416, 39.553078474654001 ], [ -0.3265642156728, 39.553078516904598 ], [ -0.326564633389384, 39.553078706685902 ], [ -0.326564679203469, 39.553078726079598 ], [ -0.327409831290764, 39.553467059109998 ], [ -0.327973616658017, 39.553633162340901 ], [ -0.329060526947834, 39.554117570800202 ], [ -0.329321023108878, 39.554303741841899 ], [ -0.329508833885342, 39.554560046890401 ], [ -0.329509039599511, 39.554560308007296 ], [ -0.32949406558206, 39.555253643974197 ], [ -0.329576715978075, 39.5555258138588 ], [ -0.329823881140293, 39.555756677756797 ], [ -0.330167847859235, 39.5558907058495 ], [ -0.331097358938224, 39.555930070011698 ], [ -0.331220485624323, 39.555908286918402 ], [ -0.331683151233304, 39.555826463987501 ], [ -0.332195467626358, 39.555820209070703 ], [ -0.33246046434696, 39.555889373971098 ], [ -0.332755753157286, 39.556076207234099 ], [ -0.332755888802881, 39.556076300042797 ], [ -0.332756266993625, 39.556077674166403 ], [ -0.332837471102047, 39.556375493326499 ], [ -0.33253935798848, 39.557170422040699 ], [ -0.332314070396707, 39.557642657132902 ], [ -0.331995225064695, 39.558310987158798 ], [ -0.330856738002828, 39.560383869723204 ], [ -0.330464255970377, 39.560906352013497 ], [ -0.329998190238049, 39.561526258805202 ], [ -0.329333837576406, 39.5625137132714 ], [ -0.328542138841764, 39.5636904498379 ], [ -0.328541811855021, 39.5636909200635 ], [ -0.328382092295824, 39.563713132849102 ], [ -0.328097188010212, 39.563752757809397 ], [ -0.327067214739726, 39.563296635875197 ], [ -0.326222948391302, 39.562853818000598 ], [ -0.325116008365604, 39.562585107701402 ], [ -0.321974916024023, 39.561341598208202 ], [ -0.321168968212355, 39.561115782905702 ], [ -0.320796853682328, 39.561107200797501 ], [ -0.320503013854554, 39.561181549715599 ], [ -0.320269045842194, 39.561343565742703 ], [ -0.320266392218835, 39.561345405848101 ], [ -0.320264897422198, 39.561346443287903 ], [ -0.32026440784038, 39.561346761168302 ], [ -0.320264359331337, 39.561346813802103 ] ] ] } },
{ "type": "Feature", "properties": { "OBJECTID": 7037, "Codigo": "46014", "Texto": "Albuixech", "Cod_Prov": "46", "Cod_CCAA": "10", "FechaId": "01012017", "NUTS_0": "ES", "NUTS_1": "ES5", "NUTS_2": "ES52", "NUTS_3": "ES523", "PAD_2C02": 3911, "PAD_2C03": 197, "PAD_2C04": 194, "PAD_2C05": 177, "PAD_2C06": 157, "PAD_2C07": 156, "PAD_2C08": 181, "PAD_2C09": 255, "PAD_2C10": 336, "PAD_2C11": 347, "PAD_2C12": 332, "PAD_2C13": 306, "PAD_2C14": 271, "PAD_2C15": 233, "PAD_2C16": 180, "PAD_2C17": 158, "PAD_2C18": 161, "PAD_2C19": 138, "PAD_2C20": 132, "PAD_2C21": 1931, "PAD_2C22": 95, "PAD_2C23": 98, "PAD_2C24": 101, "PAD_2C25": 81, "PAD_2C26": 81, "PAD_2C27": 94, "PAD_2C28": 142, "PAD_2C29": 161, "PAD_2C30": 185, "PAD_2C31": 172, "PAD_2C32": 151, "PAD_2C33": 139, "PAD_2C34": 109, "PAD_2C35": 81, "PAD_2C36": 71, "PAD_2C37": 72, "PAD_2C38": 59, "PAD_2C39": 39, "PAD_2C40": 1980, "PAD_2C41": 102, "PAD_2C42": 96, "PAD_2C43": 76, "PAD_2C44": 76, "PAD_2C45": 75, "PAD_2C46": 87, "PAD_2C47": 113, "PAD_2C48": 175, "PAD_2C49": 162, "PAD_2C50": 160, "PAD_2C51": 155, "PAD_2C52": 132, "PAD_2C53": 124, "PAD_2C54": 99, "PAD_2C55": 87, "PAD_2C56": 89, "PAD_2C57": 79, "PAD_2C58": 93, "PAD_3C03": 3659, "PAD_3C04": 252, "PAD_3C05": 164, "PAD_3C06": 1, "PAD_3C07": 5, "PAD_3C08": 5, "PAD_3C09": 6, "PAD_3C10": 15, "PAD_3C100": 1, "PAD_3C101": 2, "PAD_3C102": 0, "PAD_3C103": 2, "PAD_3C104": 0, "PAD_3C105": 1, "PAD_3C106": 0, "PAD_3C107": 1, "PAD_3C108": 2, "PAD_3C109": 1, "PAD_3C11": 2, "PAD_3C110": 1, "PAD_3C111": 0, "PAD_3C112": 0, "PAD_3C12": 3, "PAD_3C13": 121, "PAD_3C14": 10, "PAD_3C15": 4, "PAD_3C16": 4, "PAD_3C17": 40, "PAD_3C18": 8, "PAD_3C19": 29, "PAD_3C20": 1, "PAD_3C21": 0, "PAD_3C22": 33, "PAD_3C23": 3, "PAD_3C24": 11, "PAD_3C25": 5, "PAD_3C26": 2, "PAD_3C27": 2, "PAD_3C28": 0, "PAD_3C29": 4, "PAD_3C30": 0, "PAD_3C31": 3, "PAD_3C32": 0, "PAD_3C33": 1, "PAD_3C34": 2, "PAD_3C35": 5, "PAD_3C36": 4, "PAD_3C37": 1, "PAD_3C38": 0, "PAD_3C39": 1931, "PAD_3C40": 1805, "PAD_3C41": 126, "PAD_3C42": 85, "PAD_3C43": 1, "PAD_3C44": 3, "PAD_3C45": 2, "PAD_3C46": 5, "PAD_3C47": 9, "PAD_3C48": 1, "PAD_3C49": 0, "PAD_3C50": 63, "PAD_3C51": 3, "PAD_3C52": 0, "PAD_3C53": 3, "PAD_3C54": 22, "PAD_3C55": 4, "PAD_3C56": 16, "PAD_3C57": 0, "PAD_3C58": 0, "PAD_3C59": 12, "PAD_3C60": 2, "PAD_3C61": 3, "PAD_3C62": 2, "PAD_3C63": 1, "PAD_3C64": 0, "PAD_3C65": 0, "PAD_3C66": 2, "PAD_3C67": 0, "PAD_3C68": 2, "PAD_3C69": 0, "PAD_3C70": 0, "PAD_3C71": 0, "PAD_3C72": 4, "PAD_3C73": 3, "PAD_3C74": 1, "PAD_3C75": 0, "PAD_3C76": 1980, "PAD_3C77": 1854, "PAD_3C78": 126, "PAD_3C79": 79, "PAD_3C80": 0, "PAD_3C81": 2, "PAD_3C82": 3, "PAD_3C83": 1, "PAD_3C84": 6, "PAD_3C85": 1, "PAD_3C86": 3, "PAD_3C87": 58, "PAD_3C88": 7, "PAD_3C89": 4, "PAD_3C90": 1, "PAD_3C91": 18, "PAD_3C92": 4, "PAD_3C93": 13, "PAD_3C94": 1, "PAD_3C95": 0, "PAD_3C96": 21, "PAD_3C97": 1, "PAD_3C98": 8, "PAD_3C99": 3, "PAD_3_COD_PROV": "46", "PAD_3_COD_CCAA": "10", "Shape__Area": 7439681.1470489502, "Shape__Length": 12396.1781439243 }, "geometry": { "type": "Polygon", "coordinates": [ [ [ -0.325428840375079, 39.554160173282597 ], [ -0.322043652414595, 39.552920074264499 ], [ -0.320602934361934, 39.552565150327702 ], [ -0.320602460949797, 39.552565036042502 ], [ -0.320187709681433, 39.552462855291303 ], [ -0.319339511407014, 39.552128001090999 ], [ -0.317310434572465, 39.551333430875701 ], [ -0.314819471866617, 39.550447104115698 ], [ -0.312698347359884, 39.549929580092702 ], [ -0.31247065407975, 39.5498601079411 ], [ -0.310973239756247, 39.549403215828903 ], [ -0.309016539285843, 39.548547135820698 ], [ -0.307455298763068, 39.547997450896602 ], [ -0.305682711603409, 39.547496941115099 ], [ -0.303103626863159, 39.546491165045303 ], [ -0.301722194025974, 39.546107767955597 ], [ -0.300898446995283, 39.545746278340097 ], [ -0.299354679603085, 39.545089414956102 ], [ -0.299353146178906, 39.545088761728501 ], [ -0.29993125338675, 39.544282444797297 ], [ -0.302945660815396, 39.540956226857901 ], [ -0.303671380089024, 39.540243352102401 ], [ -0.30518102587344, 39.538512727834302 ], [ -0.305721030140165, 39.537786509880704 ], [ -0.306650057925549, 39.536656169022102 ], [ -0.308089503065457, 39.534904596767397 ], [ -0.308618034947717, 39.533871855004399 ], [ -0.309451147813579, 39.53278309881 ], [ -0.310773543370286, 39.530471474891499 ], [ -0.312042492760849, 39.531050379731703 ], [ -0.312298885417652, 39.531038267977998 ], [ -0.312939838762767, 39.531008058908803 ], [ -0.313311098096658, 39.531034670687603 ], [ -0.31374788773388, 39.531170874280299 ], [ -0.315226977323892, 39.532033857342498 ], [ -0.317700619612772, 39.533352216174201 ], [ -0.31829634907151, 39.533591165703299 ], [ -0.318529864332998, 39.533569543260803 ], [ -0.319142969904293, 39.533358457874201 ], [ -0.319617751091527, 39.533414464791598 ], [ -0.320153677905193, 39.5336971002626 ], [ -0.320605472102601, 39.534049817074397 ], [ -0.321910999993242, 39.534890728016798 ], [ -0.321967698959009, 39.534928065835402 ], [ -0.322225043830035, 39.535195264858501 ], [ -0.322272400316854, 39.535475610968902 ], [ -0.322236361704299, 39.535808074294899 ], [ -0.322392023573373, 39.536298159990601 ], [ -0.322627825047241, 39.536519769737303 ], [ -0.323039356753608, 39.536709436042401 ], [ -0.324001935716551, 39.537091989274003 ], [ -0.32470776359485, 39.537495594230101 ], [ -0.325747930048834, 39.537978995816403 ], [ -0.327782897136684, 39.538611377954602 ], [ -0.328119653977122, 39.538628109208297 ], [ -0.328580963130053, 39.538431527979498 ], [ -0.328910242394085, 39.538340002842602 ], [ -0.329854422063345, 39.538595928334402 ], [ -0.3303114732018, 39.538813622109302 ], [ -0.331015289752165, 39.5392712219884 ], [ -0.33276989443646, 39.540239428305902 ], [ -0.332988839922359, 39.540289453229903 ], [ -0.332988555156412, 39.540290662096403 ], [ -0.332797107999697, 39.540744559849998 ], [ -0.332738464181315, 39.541364765966897 ], [ -0.333081574805756, 39.541823075715797 ], [ -0.334019407877557, 39.542240918772301 ], [ -0.334019619879972, 39.5422410178343 ], [ -0.334018841938919, 39.542242050017897 ], [ -0.333847959015692, 39.542471276843401 ], [ -0.333354577312191, 39.543504985175701 ], [ -0.333257105612299, 39.543774640837697 ], [ -0.332912077983018, 39.5447290027506 ], [ -0.332479219373461, 39.545700994074501 ], [ -0.332266815419493, 39.545849215026202 ], [ -0.332204259438051, 39.545892867183902 ], [ -0.3319344702054, 39.545949754112101 ], [ -0.331761219323058, 39.545837603216498 ], [ -0.331525914617551, 39.545685280725898 ], [ -0.331241857443235, 39.545501398124301 ], [ -0.330747837935895, 39.5453369192251 ], [ -0.329720112250247, 39.545133118852497 ], [ -0.329720063741237, 39.545133163186101 ], [ -0.32961169727358, 39.545229740310603 ], [ -0.329688558925899, 39.545789979744697 ], [ -0.329693491575128, 39.545825933910301 ], [ -0.329693529304373, 39.545826201294403 ], [ -0.329693462829054, 39.545826704198198 ], [ -0.329644123760374, 39.546203410655302 ], [ -0.329674973703861, 39.546308737171302 ], [ -0.329726473220794, 39.546484556703398 ], [ -0.330294948692159, 39.5468309749753 ], [ -0.331342169616083, 39.547134308175302 ], [ -0.331522695055587, 39.5472825669342 ], [ -0.332090757301888, 39.547944232715203 ], [ -0.332093675928257, 39.547946546971602 ], [ -0.332960091138316, 39.548639856218003 ], [ -0.33313044764881, 39.5487302781927 ], [ -0.333439077339396, 39.5488940937786 ], [ -0.33456476790001, 39.549281932114603 ], [ -0.33458737130921, 39.549289719807803 ], [ -0.334587536599209, 39.549289777992101 ], [ -0.334560729074493, 39.549387429895802 ], [ -0.334560675175601, 39.549387627306601 ], [ -0.334533433764587, 39.549486723286101 ], [ -0.334085876022058, 39.550258557288203 ], [ -0.334085282235643, 39.550259628834297 ], [ -0.334084904943229, 39.550260209976599 ], [ -0.333896140155947, 39.5503279611602 ], [ -0.333461101335201, 39.550146892678697 ], [ -0.333460865976595, 39.550146797091401 ], [ -0.333460529108384, 39.5501467887795 ], [ -0.333136362156633, 39.550112335081003 ], [ -0.333075471651743, 39.550165273149503 ], [ -0.332823426840892, 39.550384405306303 ], [ -0.332755258185552, 39.550662648806401 ], [ -0.332726863337732, 39.550778564105201 ], [ -0.332647287874915, 39.551037429755098 ], [ -0.332647099228724, 39.551037961019901 ], [ -0.33213621564854, 39.551926558337897 ], [ -0.332135910221327, 39.5519271048341 ], [ -0.331237788973314, 39.5518299060315 ], [ -0.330339676708472, 39.551732687006002 ], [ -0.329193838732623, 39.551571240743002 ], [ -0.327933150249435, 39.551371072233898 ], [ -0.32773278461857, 39.551465057789699 ], [ -0.327731718318315, 39.5514655523409 ], [ -0.327724190436238, 39.5514753782535 ], [ -0.326776125553365, 39.552713786743702 ], [ -0.326564679203469, 39.5530775236696 ], [ -0.326564273164981, 39.5530782211505 ], [ -0.326564223757641, 39.5530783008033 ], [ -0.326564117756416, 39.553078474654001 ], [ -0.326563559902619, 39.553078205219997 ], [ -0.326042433731597, 39.553922034981802 ], [ -0.325750321364141, 39.554257494184803 ], [ -0.325428840375079, 39.554160173282597 ] ] ] } },
{ "type": "Feature", "properties": { "OBJECTID": 7149, "Codigo": "46126", "Texto": "Foios", "Cod_Prov": "46", "Cod_CCAA": "10", "FechaId": "01012017", "NUTS_0": "ES", "NUTS_1": "ES5", "NUTS_2": "ES52", "NUTS_3": "ES523", "PAD_2C02": 7234, "PAD_2C03": 399, "PAD_2C04": 460, "PAD_2C05": 375, "PAD_2C06": 227, "PAD_2C07": 261, "PAD_2C08": 305, "PAD_2C09": 539, "PAD_2C10": 755, "PAD_2C11": 728, "PAD_2C12": 583, "PAD_2C13": 511, "PAD_2C14": 435, "PAD_2C15": 390, "PAD_2C16": 407, "PAD_2C17": 304, "PAD_2C18": 238, "PAD_2C19": 174, "PAD_2C20": 143, "PAD_2C21": 3564, "PAD_2C22": 205, "PAD_2C23": 231, "PAD_2C24": 204, "PAD_2C25": 114, "PAD_2C26": 136, "PAD_2C27": 140, "PAD_2C28": 243, "PAD_2C29": 377, "PAD_2C30": 394, "PAD_2C31": 290, "PAD_2C32": 282, "PAD_2C33": 205, "PAD_2C34": 180, "PAD_2C35": 187, "PAD_2C36": 140, "PAD_2C37": 123, "PAD_2C38": 66, "PAD_2C39": 47, "PAD_2C40": 3670, "PAD_2C41": 194, "PAD_2C42": 229, "PAD_2C43": 171, "PAD_2C44": 113, "PAD_2C45": 125, "PAD_2C46": 165, "PAD_2C47": 296, "PAD_2C48": 378, "PAD_2C49": 334, "PAD_2C50": 293, "PAD_2C51": 229, "PAD_2C52": 230, "PAD_2C53": 210, "PAD_2C54": 220, "PAD_2C55": 164, "PAD_2C56": 115, "PAD_2C57": 108, "PAD_2C58": 96, "PAD_3C03": 6839, "PAD_3C04": 395, "PAD_3C05": 97, "PAD_3C06": 8, "PAD_3C07": 21, "PAD_3C08": 8, "PAD_3C09": 20, "PAD_3C10": 2, "PAD_3C100": 7, "PAD_3C101": 4, "PAD_3C102": 0, "PAD_3C103": 4, "PAD_3C104": 3, "PAD_3C105": 1, "PAD_3C106": 1, "PAD_3C107": 1, "PAD_3C108": 9, "PAD_3C109": 19, "PAD_3C11": 3, "PAD_3C110": 10, "PAD_3C111": 4, "PAD_3C112": 0, "PAD_3C12": 4, "PAD_3C13": 24, "PAD_3C14": 22, "PAD_3C15": 1, "PAD_3C16": 19, "PAD_3C17": 163, "PAD_3C18": 80, "PAD_3C19": 70, "PAD_3C20": 3, "PAD_3C21": 8, "PAD_3C22": 80, "PAD_3C23": 5, "PAD_3C24": 10, "PAD_3C25": 3, "PAD_3C26": 11, "PAD_3C27": 5, "PAD_3C28": 0, "PAD_3C29": 6, "PAD_3C30": 4, "PAD_3C31": 2, "PAD_3C32": 1, "PAD_3C33": 2, "PAD_3C34": 11, "PAD_3C35": 33, "PAD_3C36": 15, "PAD_3C37": 12, "PAD_3C38": 0, "PAD_3C39": 3564, "PAD_3C40": 3375, "PAD_3C41": 189, "PAD_3C42": 47, "PAD_3C43": 3, "PAD_3C44": 9, "PAD_3C45": 4, "PAD_3C46": 16, "PAD_3C47": 0, "PAD_3C48": 2, "PAD_3C49": 4, "PAD_3C50": 6, "PAD_3C51": 9, "PAD_3C52": 0, "PAD_3C53": 7, "PAD_3C54": 94, "PAD_3C55": 47, "PAD_3C56": 39, "PAD_3C57": 2, "PAD_3C58": 5, "PAD_3C59": 25, "PAD_3C60": 2, "PAD_3C61": 2, "PAD_3C62": 0, "PAD_3C63": 4, "PAD_3C64": 1, "PAD_3C65": 0, "PAD_3C66": 2, "PAD_3C67": 1, "PAD_3C68": 1, "PAD_3C69": 0, "PAD_3C70": 1, "PAD_3C71": 2, "PAD_3C72": 14, "PAD_3C73": 5, "PAD_3C74": 8, "PAD_3C75": 0, "PAD_3C76": 3670, "PAD_3C77": 3464, "PAD_3C78": 206, "PAD_3C79": 50, "PAD_3C80": 5, "PAD_3C81": 12, "PAD_3C82": 4, "PAD_3C83": 4, "PAD_3C84": 2, "PAD_3C85": 1, "PAD_3C86": 0, "PAD_3C87": 18, "PAD_3C88": 13, "PAD_3C89": 1, "PAD_3C90": 12, "PAD_3C91": 69, "PAD_3C92": 33, "PAD_3C93": 31, "PAD_3C94": 1, "PAD_3C95": 3, "PAD_3C96": 55, "PAD_3C97": 3, "PAD_3C98": 8, "PAD_3C99": 3, "PAD_3_COD_PROV": "46", "PAD_3_COD_CCAA": "10", "Shape__Area": 10909006.2717133, "Shape__Length": 27557.773965490302 }, "geometry": { "type": "Polygon", "coordinates": [ [ [ -0.383249224335996, 39.5747199929177 ], [ -0.382858411373318, 39.573350870679903 ], [ -0.382773392119891, 39.572826438774896 ], [ -0.381348921895764, 39.571704264867797 ], [ -0.379260273283165, 39.569675217296698 ], [ -0.376019610777172, 39.566097622060703 ], [ -0.374692755085076, 39.5645541490385 ], [ -0.372352351817488, 39.562113922911898 ], [ -0.370777030202644, 39.560681882316501 ], [ -0.366586047144099, 39.556406868081297 ], [ -0.36506570332295, 39.555066129735401 ], [ -0.363833670199006, 39.5534886372592 ], [ -0.363563760592111, 39.552933020287298 ], [ -0.362963913256078, 39.552486954956798 ], [ -0.358988704630478, 39.549910207664396 ], [ -0.358308838962192, 39.549426305953197 ], [ -0.357265508641764, 39.548708907059002 ], [ -0.357401956445221, 39.548180512983201 ], [ -0.355730483653918, 39.547151486931298 ], [ -0.356392154844425, 39.5459684037709 ], [ -0.355524980557952, 39.545516233853398 ], [ -0.356065221979945, 39.544771818812798 ], [ -0.354188023310496, 39.543954319026398 ], [ -0.350692915695207, 39.542541350761802 ], [ -0.347132046011269, 39.541113975663698 ], [ -0.347094446126725, 39.541098915927201 ], [ -0.348167906840098, 39.538880260096597 ], [ -0.348188780992352, 39.5386374928691 ], [ -0.348123140196244, 39.538527916988599 ], [ -0.34781270040034, 39.538430722277802 ], [ -0.345885588638765, 39.537888200277301 ], [ -0.34506162241915, 39.537656205181499 ], [ -0.344201119920286, 39.537339237328197 ], [ -0.343723542277588, 39.537049063862199 ], [ -0.343229544329778, 39.536884634902897 ], [ -0.34281211428527, 39.5368480581322 ], [ -0.342649715949862, 39.536835321103503 ], [ -0.342194683325852, 39.536869969141598 ], [ -0.341103688396433, 39.537106271181699 ], [ -0.340567925974469, 39.537121020720903 ], [ -0.340151523602607, 39.537057409933297 ], [ -0.338404639039867, 39.536494926696101 ], [ -0.337595855246862, 39.536044005836601 ], [ -0.337191855015827, 39.535656378950598 ], [ -0.336498272073164, 39.535235048827701 ], [ -0.334461194842698, 39.534656828049997 ], [ -0.333429136582449, 39.5345700853035 ], [ -0.330661321190873, 39.534542572831398 ], [ -0.330244604408694, 39.5344879462249 ], [ -0.32989936208204, 39.534389902696503 ], [ -0.327744204900769, 39.533556608867499 ], [ -0.32701883597011, 39.533359763164697 ], [ -0.32629921625724, 39.5333161751782 ], [ -0.324787507042625, 39.533299401767003 ], [ -0.324440203980729, 39.533255370331197 ], [ -0.323728880209521, 39.532995766991 ], [ -0.322293411013067, 39.532205937748401 ], [ -0.321392846347448, 39.5317257419415 ], [ -0.318279573931912, 39.530401708888398 ], [ -0.316007225233599, 39.529295239100399 ], [ -0.314985283800095, 39.5289473198388 ], [ -0.313808670440951, 39.528388621910203 ], [ -0.31355714755128, 39.528274713209001 ], [ -0.312742030635505, 39.527994593693499 ], [ -0.31231543777507, 39.527894621706601 ], [ -0.313394483314565, 39.525856602720197 ], [ -0.31398664735999, 39.524978454700303 ], [ -0.313990563116304, 39.524979938226998 ], [ -0.313990666422571, 39.5249799763372 ], [ -0.314546414562959, 39.525190356176097 ], [ -0.315431247032976, 39.5255253181844 ], [ -0.315469655401275, 39.525543601240003 ], [ -0.318732500006596, 39.527097005917199 ], [ -0.32020025016278, 39.527950624024299 ], [ -0.321584755238238, 39.528550102706703 ], [ -0.322211552931092, 39.528888857929601 ], [ -0.32291012242191, 39.529175242242502 ], [ -0.323849021793932, 39.5295661999007 ], [ -0.324690198836104, 39.529774758159697 ], [ -0.325457843382334, 39.5300807447395 ], [ -0.327059632060393, 39.530847257976198 ], [ -0.327297010975931, 39.530960849980303 ], [ -0.327643615148518, 39.531022879029003 ], [ -0.328004300413175, 39.531022170933497 ], [ -0.328413825283225, 39.530959505151998 ], [ -0.328551862206414, 39.530881579204397 ], [ -0.328823056404158, 39.530728477683702 ], [ -0.329579107293382, 39.530301662767002 ], [ -0.329836529419491, 39.530262527259197 ], [ -0.330459157132819, 39.530321648307002 ], [ -0.33046245484823, 39.530321962865301 ], [ -0.330493827611195, 39.530331389913201 ], [ -0.332634701579482, 39.5309753839622 ], [ -0.335258328384813, 39.531764523966302 ], [ -0.335488262063241, 39.531833683053797 ], [ -0.336919845147785, 39.532425015762499 ], [ -0.337891913913366, 39.532829644149601 ], [ -0.33790464843082, 39.5328349360204 ], [ -0.339225435104858, 39.533585911995601 ], [ -0.340888532902755, 39.534209547109398 ], [ -0.340908446755978, 39.534210223995402 ], [ -0.341855830715852, 39.534242785182599 ], [ -0.341883552725513, 39.534243739889298 ], [ -0.342457031813011, 39.5342634437024 ], [ -0.342711370022785, 39.534305332299702 ], [ -0.34293614108326, 39.534395285207601 ], [ -0.343214092408605, 39.534506506819099 ], [ -0.343214292732891, 39.534506587878802 ], [ -0.343284312816049, 39.534534606814901 ], [ -0.343444639636384, 39.534601356296797 ], [ -0.343780004088121, 39.534654076876002 ], [ -0.344129739787789, 39.534635005715501 ], [ -0.344469090962778, 39.534535274691002 ], [ -0.344469332609598, 39.534535204023598 ], [ -0.344469444000704, 39.5345351707684 ], [ -0.344470938797341, 39.534534726672298 ], [ -0.345431742689254, 39.533439583988098 ], [ -0.345679609435705, 39.533346192022002 ], [ -0.345960317690641, 39.533307546675502 ], [ -0.346487043959169, 39.533463023759801 ], [ -0.346489493664954, 39.533463747072602 ], [ -0.346492370070493, 39.533465068989003 ], [ -0.346550235947823, 39.533491627863903 ], [ -0.347975859608756, 39.534146305005997 ], [ -0.349252061996951, 39.534544794697297 ], [ -0.350095782169672, 39.534690162903303 ], [ -0.350338173684448, 39.534740748157603 ], [ -0.350674254991835, 39.534775402090801 ], [ -0.352060463273057, 39.532096014301203 ], [ -0.35206065102095, 39.532095649173499 ], [ -0.35236938581443, 39.531498878960498 ], [ -0.352407056665845, 39.531427379789697 ], [ -0.352810953590647, 39.530660514058098 ], [ -0.352868973079913, 39.530550306863901 ], [ -0.352908535783316, 39.530475158818298 ], [ -0.35304589717342, 39.530205172263301 ], [ -0.353045915139729, 39.5302051362345 ], [ -0.353057783681247, 39.530181813149298 ], [ -0.353057833986918, 39.530181714763103 ], [ -0.353411395611392, 39.529486791037499 ], [ -0.353411446815359, 39.529486693343102 ], [ -0.353414176795505, 39.529487404225698 ], [ -0.353414325915857, 39.529487443719198 ], [ -0.353583570312011, 39.529531483780602 ], [ -0.354056538698969, 39.529654525863201 ], [ -0.354141914583578, 39.529678740844197 ], [ -0.354194669046956, 39.529693685271099 ], [ -0.359693864162203, 39.531533777008597 ], [ -0.361179289569911, 39.532030754793297 ], [ -0.36205226068492, 39.532322815746703 ], [ -0.362052708045941, 39.532322993113702 ], [ -0.362288806862182, 39.532413353208099 ], [ -0.36232746406381, 39.532428143929103 ], [ -0.362327643726863, 39.532428459170703 ], [ -0.362414653646958, 39.532583277257203 ], [ -0.362451281554343, 39.532845356944598 ], [ -0.36229851315882, 39.533689048931301 ], [ -0.362186468988379, 39.5343077682545 ], [ -0.362273552570337, 39.534768297963197 ], [ -0.362273734928347, 39.534769184766702 ], [ -0.362274027779135, 39.534769578978597 ], [ -0.362362290849048, 39.534888319102201 ], [ -0.362460224283015, 39.5350579752103 ], [ -0.362515143686231, 39.535153038706099 ], [ -0.362694300991523, 39.5353373082948 ], [ -0.362806091837082, 39.535456910686598 ], [ -0.36323592132746, 39.535781994341797 ], [ -0.36407702470777, 39.536305583342497 ], [ -0.36460482715802, 39.536699580326903 ], [ -0.364948272854079, 39.536955949712599 ], [ -0.366237511593653, 39.538051429731098 ], [ -0.366244580436612, 39.538057418835699 ], [ -0.366162618150107, 39.538207717828897 ], [ -0.365919838563086, 39.538652993745401 ], [ -0.365919507084757, 39.538653617937101 ], [ -0.365920982118458, 39.5386549390619 ], [ -0.36659455688477, 39.5392634698877 ], [ -0.366756668657604, 39.539591513922097 ], [ -0.366924242187323, 39.5403770312247 ], [ -0.366924665293823, 39.5403790720936 ], [ -0.366857726432109, 39.5406117577731 ], [ -0.366171173704864, 39.541567387958999 ], [ -0.366169939419652, 39.541569112207299 ], [ -0.36735818506341, 39.542145585808797 ], [ -0.367359673571834, 39.542144065933499 ], [ -0.367479233047959, 39.5420222028675 ], [ -0.367775628582675, 39.541875787346399 ], [ -0.367858392166424, 39.541872550151901 ], [ -0.367883660877078, 39.541871560912902 ], [ -0.367857428274139, 39.541899267219499 ], [ -0.36984369319885, 39.542469921847001 ], [ -0.370663725695842, 39.542733946818103 ], [ -0.371180746566063, 39.5429078447577 ], [ -0.371386298171038, 39.5429569062441 ], [ -0.372264711280063, 39.543166561739902 ], [ -0.372850353556494, 39.5432114056971 ], [ -0.373935398045439, 39.543294480029601 ], [ -0.374458602918079, 39.543247776144398 ], [ -0.374458923616609, 39.543247747049698 ], [ -0.374536597345971, 39.5432408142009 ], [ -0.374536644058386, 39.543240810044502 ], [ -0.374740978446161, 39.543222566285699 ], [ -0.375256573690021, 39.543126138075998 ], [ -0.375455467880441, 39.543048937222302 ], [ -0.375870635967091, 39.542887788025801 ], [ -0.376883324753191, 39.542235615149302 ], [ -0.376884106287466, 39.542235110141199 ], [ -0.376884256306115, 39.542235013850302 ], [ -0.377755314009573, 39.542894287951 ], [ -0.377980712992453, 39.543088582300101 ], [ -0.379264030037693, 39.544234651234397 ], [ -0.379865763835797, 39.544941873319097 ], [ -0.380510941957695, 39.5457311919006 ], [ -0.380905441606294, 39.5463796737818 ], [ -0.381706896044914, 39.548893182911897 ], [ -0.381844049924155, 39.549887256926702 ], [ -0.382101861020809, 39.550766928877501 ], [ -0.38244280940037, 39.551603364344402 ], [ -0.382440194404586, 39.551608250970602 ], [ -0.382371148993545, 39.551736874743199 ], [ -0.382342173834067, 39.551790851233001 ], [ -0.382180019840436, 39.552092929154 ], [ -0.381491079391172, 39.552805831794601 ], [ -0.38148983791945, 39.552807115247703 ], [ -0.381487873303898, 39.552808602335503 ], [ -0.381214293180763, 39.553017079680401 ], [ -0.380974960429505, 39.553191861275202 ], [ -0.380379361226446, 39.553556796711099 ], [ -0.37668246594722, 39.555403810144902 ], [ -0.376204359196831, 39.555642653281197 ], [ -0.375723643738838, 39.555921584226397 ], [ -0.374336355682638, 39.556726501915897 ], [ -0.373198695969165, 39.557285985019 ], [ -0.373198162369889, 39.557286248203397 ], [ -0.373198014147868, 39.5572863209254 ], [ -0.373198149793463, 39.5572865543284 ], [ -0.373477896851039, 39.5577594181904 ], [ -0.373635587116026, 39.558025968320202 ], [ -0.373646631004108, 39.558038321231599 ], [ -0.375009182152335, 39.559561451042804 ], [ -0.375327385188922, 39.560073156328599 ], [ -0.375627788108123, 39.560440291143799 ], [ -0.377102926009204, 39.561752862273501 ], [ -0.37753951532214, 39.562213159997398 ], [ -0.377799588376685, 39.562328200708997 ], [ -0.377882940356933, 39.562365065304498 ], [ -0.378290382932145, 39.562671566810998 ], [ -0.384954041692292, 39.569317118944397 ], [ -0.385406544660476, 39.569981811829003 ], [ -0.385869630681032, 39.5706620343068 ], [ -0.386109718017119, 39.571397132994598 ], [ -0.386277022052276, 39.5722116767435 ], [ -0.386226280713427, 39.573561841339398 ], [ -0.386075660189763, 39.573855513267503 ], [ -0.38607552903572, 39.573855748692097 ], [ -0.38607474300986, 39.573856380183699 ], [ -0.385859383598575, 39.574031031020702 ], [ -0.385579580845446, 39.574042775903401 ], [ -0.385255298909367, 39.574005006286697 ], [ -0.384819212653005, 39.573954212846701 ], [ -0.384524885938371, 39.573919926769001 ], [ -0.384118499781912, 39.574008797305503 ], [ -0.384114074680844, 39.574009768775703 ], [ -0.383992042142743, 39.574476675982503 ], [ -0.383828516421678, 39.575102409978903 ], [ -0.383403931295922, 39.574939652671397 ], [ -0.383249224335996, 39.5747199929177 ] ] ] } },
{ "type": "Feature", "properties": { "OBJECTID": 7139, "Codigo": "46116", "Texto": "Eliana, l'", "Cod_Prov": "46", "Cod_CCAA": "10", "FechaId": "01012017", "NUTS_0": "ES", "NUTS_1": "ES5", "NUTS_2": "ES52", "NUTS_3": "ES523", "PAD_2C02": 17760, "PAD_2C03": 688, "PAD_2C04": 942, "PAD_2C05": 1093, "PAD_2C06": 1073, "PAD_2C07": 1042, "PAD_2C08": 932, "PAD_2C09": 906, "PAD_2C10": 1204, "PAD_2C11": 1379, "PAD_2C12": 1412, "PAD_2C13": 1530, "PAD_2C14": 1440, "PAD_2C15": 1195, "PAD_2C16": 972, "PAD_2C17": 672, "PAD_2C18": 466, "PAD_2C19": 389, "PAD_2C20": 425, "PAD_2C21": 8660, "PAD_2C22": 340, "PAD_2C23": 492, "PAD_2C24": 571, "PAD_2C25": 568, "PAD_2C26": 569, "PAD_2C27": 479, "PAD_2C28": 439, "PAD_2C29": 563, "PAD_2C30": 668, "PAD_2C31": 666, "PAD_2C32": 719, "PAD_2C33": 685, "PAD_2C34": 590, "PAD_2C35": 500, "PAD_2C36": 344, "PAD_2C37": 201, "PAD_2C38": 151, "PAD_2C39": 115, "PAD_2C40": 9100, "PAD_2C41": 348, "PAD_2C42": 450, "PAD_2C43": 522, "PAD_2C44": 505, "PAD_2C45": 473, "PAD_2C46": 453, "PAD_2C47": 467, "PAD_2C48": 641, "PAD_2C49": 711, "PAD_2C50": 746, "PAD_2C51": 811, "PAD_2C52": 755, "PAD_2C53": 605, "PAD_2C54": 472, "PAD_2C55": 328, "PAD_2C56": 265, "PAD_2C57": 238, "PAD_2C58": 310, "PAD_3C03": 16316, "PAD_3C04": 1444, "PAD_3C05": 843, "PAD_3C06": 58, "PAD_3C07": 46, "PAD_3C08": 170, "PAD_3C09": 127, "PAD_3C10": 22, "PAD_3C100": 44, "PAD_3C101": 5, "PAD_3C102": 2, "PAD_3C103": 8, "PAD_3C104": 20, "PAD_3C105": 3, "PAD_3C106": 2, "PAD_3C107": 7, "PAD_3C108": 17, "PAD_3C109": 49, "PAD_3C11": 24, "PAD_3C110": 39, "PAD_3C111": 2, "PAD_3C112": 3, "PAD_3C12": 161, "PAD_3C13": 135, "PAD_3C14": 109, "PAD_3C15": 46, "PAD_3C16": 21, "PAD_3C17": 44, "PAD_3C18": 9, "PAD_3C19": 14, "PAD_3C20": 2, "PAD_3C21": 5, "PAD_3C22": 314, "PAD_3C23": 39, "PAD_3C24": 28, "PAD_3C25": 28, "PAD_3C26": 65, "PAD_3C27": 12, "PAD_3C28": 8, "PAD_3C29": 13, "PAD_3C30": 30, "PAD_3C31": 4, "PAD_3C32": 2, "PAD_3C33": 10, "PAD_3C34": 28, "PAD_3C35": 124, "PAD_3C36": 97, "PAD_3C37": 11, "PAD_3C38": 10, "PAD_3C39": 8660, "PAD_3C40": 7957, "PAD_3C41": 703, "PAD_3C42": 431, "PAD_3C43": 32, "PAD_3C44": 22, "PAD_3C45": 89, "PAD_3C46": 79, "PAD_3C47": 8, "PAD_3C48": 13, "PAD_3C49": 75, "PAD_3C50": 55, "PAD_3C51": 46, "PAD_3C52": 14, "PAD_3C53": 9, "PAD_3C54": 28, "PAD_3C55": 8, "PAD_3C56": 7, "PAD_3C57": 1, "PAD_3C58": 5, "PAD_3C59": 116, "PAD_3C60": 18, "PAD_3C61": 7, "PAD_3C62": 6, "PAD_3C63": 21, "PAD_3C64": 7, "PAD_3C65": 6, "PAD_3C66": 5, "PAD_3C67": 10, "PAD_3C68": 1, "PAD_3C69": 0, "PAD_3C70": 3, "PAD_3C71": 11, "PAD_3C72": 75, "PAD_3C73": 58, "PAD_3C74": 9, "PAD_3C75": 7, "PAD_3C76": 9100, "PAD_3C77": 8359, "PAD_3C78": 741, "PAD_3C79": 412, "PAD_3C80": 26, "PAD_3C81": 24, "PAD_3C82": 81, "PAD_3C83": 48, "PAD_3C84": 14, "PAD_3C85": 11, "PAD_3C86": 86, "PAD_3C87": 80, "PAD_3C88": 63, "PAD_3C89": 32, "PAD_3C90": 12, "PAD_3C91": 16, "PAD_3C92": 1, "PAD_3C93": 7, "PAD_3C94": 1, "PAD_3C95": 0, "PAD_3C96": 198, "PAD_3C97": 21, "PAD_3C98": 21, "PAD_3C99": 22, "PAD_3_COD_PROV": "46", "PAD_3_COD_CCAA": "10", "Shape__Area": 14770864.100921599, "Shape__Length": 18437.717876717699 }, "geometry": { "type": "Polygon", "coordinates": [ [ [ -0.529562911040206, 39.580671689920699 ], [ -0.525567162435639, 39.577952338193498 ], [ -0.525096156867539, 39.577631760838202 ], [ -0.522300952741258, 39.5763644090488 ], [ -0.521599850001358, 39.576107290687901 ], [ -0.521576210834672, 39.576125953703603 ], [ -0.521417965410846, 39.576052833206496 ], [ -0.520851162602543, 39.575883019064101 ], [ -0.518688153247377, 39.574845811787696 ], [ -0.518941452106343, 39.574511621659802 ], [ -0.519494550216661, 39.573781945145797 ], [ -0.519411362628082, 39.5737426589737 ], [ -0.514631310220312, 39.571486537873298 ], [ -0.514248309007361, 39.571334018955497 ], [ -0.514198332134841, 39.571282155799501 ], [ -0.511641216593139, 39.570075079013101 ], [ -0.509724333947713, 39.568978250126101 ], [ -0.509733694392969, 39.568956378339301 ], [ -0.510005436563043, 39.568321333177103 ], [ -0.510424223961998, 39.567342670855197 ], [ -0.510701693790299, 39.566881043656302 ], [ -0.511645670440315, 39.5654250811289 ], [ -0.511793643628865, 39.564355610095902 ], [ -0.512254145196338, 39.563065889872298 ], [ -0.512391884777155, 39.562680143877898 ], [ -0.512393759561164, 39.562674904145503 ], [ -0.512338981193458, 39.562652402239401 ], [ -0.510099832431407, 39.5617339613081 ], [ -0.508363969298889, 39.561980172088397 ], [ -0.507116744765163, 39.562157050277797 ], [ -0.501554680156454, 39.560798051663397 ], [ -0.501532623821287, 39.560792662196803 ], [ -0.501565663857431, 39.560746846172897 ], [ -0.501799835787398, 39.560422126010998 ], [ -0.502742839561958, 39.559114453192898 ], [ -0.503496984226107, 39.558068652204803 ], [ -0.506420262959066, 39.554014399806697 ], [ -0.506460322430863, 39.553958840323901 ], [ -0.506537620664438, 39.553851624165603 ], [ -0.509946598708587, 39.549123322182098 ], [ -0.513614800899323, 39.544034604260403 ], [ -0.514021930860812, 39.543469757172502 ], [ -0.51402263693663, 39.5434687402471 ], [ -0.51403968606241, 39.5434450288409 ], [ -0.514598695985592, 39.542669502270599 ], [ -0.515887351718549, 39.544021748709397 ], [ -0.515947162448495, 39.544084503836999 ], [ -0.517390346376622, 39.545598778276798 ], [ -0.520857221739132, 39.549236139657999 ], [ -0.523690530603126, 39.550538187301399 ], [ -0.523723171787292, 39.5505532200538 ], [ -0.525911998723738, 39.551559036291799 ], [ -0.527081313271199, 39.552096336261698 ], [ -0.530005613388624, 39.553439957931303 ], [ -0.530414193230994, 39.5534486483457 ], [ -0.531633646347719, 39.553474572052401 ], [ -0.533354718719094, 39.5543251161006 ], [ -0.533791994344912, 39.554541218767604 ], [ -0.535219393076843, 39.555246600814698 ], [ -0.53702089161562, 39.556136805085899 ], [ -0.53907972783888, 39.556439276872197 ], [ -0.539079890433954, 39.556439317042901 ], [ -0.546045101956854, 39.557462294790597 ], [ -0.546065114624758, 39.557465227211303 ], [ -0.549271025804003, 39.557935956696497 ], [ -0.55099855257069, 39.5588868057052 ], [ -0.554302257046688, 39.5607051508293 ], [ -0.554568549137938, 39.560851723304197 ], [ -0.554311469269922, 39.5612066491665 ], [ -0.549790942842665, 39.565300574781801 ], [ -0.549872676957107, 39.565949823860798 ], [ -0.54683514060486, 39.565958915052697 ], [ -0.546524453772254, 39.566518210804603 ], [ -0.544719370057194, 39.566544826279703 ], [ -0.542324869344867, 39.569023877206497 ], [ -0.541319081416803, 39.570065119319999 ], [ -0.540824439376941, 39.570577184044701 ], [ -0.538835062688084, 39.572636545054202 ], [ -0.538185495397735, 39.574381867161698 ], [ -0.538140621854326, 39.574502433958301 ], [ -0.539246391375206, 39.575148055186098 ], [ -0.537214435440194, 39.576644998031597 ], [ -0.53678006855931, 39.576430227174399 ], [ -0.535275489273091, 39.5777333900662 ], [ -0.535266636375962, 39.577741081092803 ], [ -0.535983183850558, 39.578232030346001 ], [ -0.535439594407517, 39.578789233051197 ], [ -0.534302540158521, 39.578024645905799 ], [ -0.531614279568528, 39.580608314306097 ], [ -0.530533124784715, 39.579909670750801 ], [ -0.530353347641859, 39.580050854126398 ], [ -0.52957284461061, 39.580663896750401 ], [ -0.529562911040206, 39.580671689920699 ] ] ] } },
{ "type": "Feature", "properties": { "OBJECTID": 7074, "Codigo": "46051", "Texto": "Benaguasil", "Cod_Prov": "46", "Cod_CCAA": "10", "FechaId": "01012017", "NUTS_0": "ES", "NUTS_1": "ES5", "NUTS_2": "ES52", "NUTS_3": "ES523", "PAD_2C02": 10960, "PAD_2C03": 509, "PAD_2C04": 556, "PAD_2C05": 525, "PAD_2C06": 560, "PAD_2C07": 574, "PAD_2C08": 658, "PAD_2C09": 784, "PAD_2C10": 966, "PAD_2C11": 859, "PAD_2C12": 845, "PAD_2C13": 838, "PAD_2C14": 729, "PAD_2C15": 538, "PAD_2C16": 508, "PAD_2C17": 432, "PAD_2C18": 405, "PAD_2C19": 340, "PAD_2C20": 334, "PAD_2C21": 5564, "PAD_2C22": 279, "PAD_2C23": 301, "PAD_2C24": 273, "PAD_2C25": 290, "PAD_2C26": 290, "PAD_2C27": 346, "PAD_2C28": 432, "PAD_2C29": 511, "PAD_2C30": 455, "PAD_2C31": 430, "PAD_2C32": 419, "PAD_2C33": 378, "PAD_2C34": 268, "PAD_2C35": 236, "PAD_2C36": 216, "PAD_2C37": 177, "PAD_2C38": 151, "PAD_2C39": 112, "PAD_2C40": 5396, "PAD_2C41": 230, "PAD_2C42": 255, "PAD_2C43": 252, "PAD_2C44": 270, "PAD_2C45": 284, "PAD_2C46": 312, "PAD_2C47": 352, "PAD_2C48": 455, "PAD_2C49": 404, "PAD_2C50": 415, "PAD_2C51": 419, "PAD_2C52": 351, "PAD_2C53": 270, "PAD_2C54": 272, "PAD_2C55": 216, "PAD_2C56": 228, "PAD_2C57": 189, "PAD_2C58": 222, "PAD_3C03": 10106, "PAD_3C04": 854, "PAD_3C05": 399, "PAD_3C06": 5, "PAD_3C07": 13, "PAD_3C08": 16, "PAD_3C09": 14, "PAD_3C10": 7, "PAD_3C100": 20, "PAD_3C101": 6, "PAD_3C102": 0, "PAD_3C103": 2, "PAD_3C104": 1, "PAD_3C105": 3, "PAD_3C106": 0, "PAD_3C107": 10, "PAD_3C108": 7, "PAD_3C109": 18, "PAD_3C11": 74, "PAD_3C110": 11, "PAD_3C111": 4, "PAD_3C112": 0, "PAD_3C12": 24, "PAD_3C13": 215, "PAD_3C14": 55, "PAD_3C15": 11, "PAD_3C16": 24, "PAD_3C17": 240, "PAD_3C18": 11, "PAD_3C19": 212, "PAD_3C20": 0, "PAD_3C21": 5, "PAD_3C22": 120, "PAD_3C23": 17, "PAD_3C24": 9, "PAD_3C25": 8, "PAD_3C26": 32, "PAD_3C27": 14, "PAD_3C28": 0, "PAD_3C29": 8, "PAD_3C30": 1, "PAD_3C31": 3, "PAD_3C32": 1, "PAD_3C33": 15, "PAD_3C34": 10, "PAD_3C35": 40, "PAD_3C36": 21, "PAD_3C37": 13, "PAD_3C38": 0, "PAD_3C39": 5564, "PAD_3C40": 5119, "PAD_3C41": 445, "PAD_3C42": 211, "PAD_3C43": 1, "PAD_3C44": 8, "PAD_3C45": 9, "PAD_3C46": 9, "PAD_3C47": 5, "PAD_3C48": 38, "PAD_3C49": 10, "PAD_3C50": 120, "PAD_3C51": 24, "PAD_3C52": 4, "PAD_3C53": 10, "PAD_3C54": 140, "PAD_3C55": 5, "PAD_3C56": 126, "PAD_3C57": 0, "PAD_3C58": 2, "PAD_3C59": 48, "PAD_3C60": 6, "PAD_3C61": 4, "PAD_3C62": 3, "PAD_3C63": 12, "PAD_3C64": 8, "PAD_3C65": 0, "PAD_3C66": 6, "PAD_3C67": 0, "PAD_3C68": 0, "PAD_3C69": 1, "PAD_3C70": 5, "PAD_3C71": 3, "PAD_3C72": 22, "PAD_3C73": 10, "PAD_3C74": 9, "PAD_3C75": 0, "PAD_3C76": 5396, "PAD_3C77": 4987, "PAD_3C78": 409, "PAD_3C79": 188, "PAD_3C80": 4, "PAD_3C81": 5, "PAD_3C82": 7, "PAD_3C83": 5, "PAD_3C84": 2, "PAD_3C85": 36, "PAD_3C86": 14, "PAD_3C87": 95, "PAD_3C88": 31, "PAD_3C89": 7, "PAD_3C90": 14, "PAD_3C91": 100, "PAD_3C92": 6, "PAD_3C93": 86, "PAD_3C94": 0, "PAD_3C95": 3, "PAD_3C96": 72, "PAD_3C97": 11, "PAD_3C98": 5, "PAD_3C99": 5, "PAD_3_COD_PROV": "46", "PAD_3_COD_CCAA": "10", "Shape__Area": 42820155.570709199, "Shape__Length": 42758.120455372999 }, "geometry": { "type": "Polygon", "coordinates": [ [ [ -0.664067428562699, 39.6138898731786 ], [ -0.664067315374998, 39.613889817124601 ], [ -0.663577499084843, 39.613906948893103 ], [ -0.663378114414275, 39.613947988028698 ], [ -0.659689259056839, 39.6147317738955 ], [ -0.655012845283402, 39.615725177316897 ], [ -0.654610556342972, 39.615708135959203 ], [ -0.654605717118541, 39.615707926281203 ], [ -0.645560880560019, 39.613461652327601 ], [ -0.642867292062075, 39.6127977529407 ], [ -0.642095365246848, 39.612607489171502 ], [ -0.64052057004477, 39.611780746804001 ], [ -0.635686791196463, 39.609242801938798 ], [ -0.633937810864161, 39.608270236107501 ], [ -0.63328356874105, 39.607986608900397 ], [ -0.61120044490998, 39.603939582050501 ], [ -0.607971477570665, 39.603350587868498 ], [ -0.607566322106163, 39.603279153059702 ], [ -0.605308307824835, 39.603241591789597 ], [ -0.600989448687304, 39.603188458916101 ], [ -0.59433538393439, 39.603094812014803 ], [ -0.588743910279905, 39.603015780083197 ], [ -0.586670616570459, 39.602992172091398 ], [ -0.586339841611493, 39.602988411035597 ], [ -0.585868543192639, 39.602983055302801 ], [ -0.585822072444657, 39.603010150959797 ], [ -0.584303953750485, 39.6038952729212 ], [ -0.580019960924064, 39.606392773705998 ], [ -0.579361029595171, 39.606919576021298 ], [ -0.579360681947161, 39.606920045953501 ], [ -0.579360460063277, 39.606919564255598 ], [ -0.579360619065064, 39.606919337248598 ], [ -0.57850479319559, 39.606424253172001 ], [ -0.578343929182691, 39.606360051213599 ], [ -0.578343365939011, 39.606359826973097 ], [ -0.576571140800415, 39.605652507277398 ], [ -0.576241989995468, 39.605521129263302 ], [ -0.576242887412469, 39.605520797051199 ], [ -0.576411022389241, 39.6054577576908 ], [ -0.576879197365854, 39.605282237171899 ], [ -0.576882979273201, 39.60527980717 ], [ -0.57774884022275, 39.6047238141335 ], [ -0.5779297330732, 39.604547383002803 ], [ -0.577891636420294, 39.604303360321303 ], [ -0.57789108485471, 39.6043027941665 ], [ -0.577348508711328, 39.603750300289597 ], [ -0.575001362689193, 39.601360134304201 ], [ -0.574252167742251, 39.600511626293098 ], [ -0.574239576955233, 39.600497356747702 ], [ -0.571947842613091, 39.597545646797002 ], [ -0.571947797697336, 39.597545587268698 ], [ -0.570762883904945, 39.596019284755599 ], [ -0.569547553157068, 39.594462459131698 ], [ -0.569247188865408, 39.594077683889203 ], [ -0.569248151859397, 39.5940772623253 ], [ -0.570027442164998, 39.593742658219803 ], [ -0.570313916705737, 39.593541415958597 ], [ -0.570580913076178, 39.593231699143601 ], [ -0.570892573682538, 39.5929769429613 ], [ -0.571611431624035, 39.592730712811402 ], [ -0.571596353401988, 39.592496190314499 ], [ -0.571596181823742, 39.592495597065799 ], [ -0.571440394190541, 39.591961372161002 ], [ -0.571440536124383, 39.5919613209349 ], [ -0.571958308884473, 39.591801050998598 ], [ -0.572006939182377, 39.591406509945102 ], [ -0.572007006556026, 39.591405902149901 ], [ -0.572007037997058, 39.591405664016001 ], [ -0.571940064101024, 39.590989851214196 ], [ -0.571306129293231, 39.590138760708101 ], [ -0.571119995671414, 39.589801563043402 ], [ -0.570963086940736, 39.589627097321298 ], [ -0.570961758332462, 39.589626812799402 ], [ -0.570327566606466, 39.589487678664803 ], [ -0.570006824930914, 39.589336817191601 ], [ -0.569775446761487, 39.588972175271699 ], [ -0.569775088333712, 39.588971613145198 ], [ -0.569733610422098, 39.588826591969003 ], [ -0.569670721165666, 39.588627082043502 ], [ -0.569655041072397, 39.588436566329797 ], [ -0.569539992037332, 39.5870387723349 ], [ -0.569140567824345, 39.586147909002598 ], [ -0.56914038995792, 39.586147499851997 ], [ -0.568216332551009, 39.584605661912299 ], [ -0.567981811176404, 39.583988125666103 ], [ -0.567977406736569, 39.583447505889403 ], [ -0.567971185004905, 39.5832955830763 ], [ -0.567971175123437, 39.583295212679403 ], [ -0.567971133800937, 39.583294217107799 ], [ -0.568174927402926, 39.582460632718401 ], [ -0.568448235336541, 39.581970850247103 ], [ -0.569059334969817, 39.581359163727399 ], [ -0.569365091848152, 39.581053124930399 ], [ -0.569537087784016, 39.580795463154097 ], [ -0.569597215619237, 39.580402140297103 ], [ -0.56959749409697, 39.580400340162001 ], [ -0.569608773343693, 39.580398895899698 ], [ -0.570322502803227, 39.580307403970302 ], [ -0.570378044738933, 39.580221832303003 ], [ -0.5705071128823, 39.580022942192699 ], [ -0.571109304821224, 39.580053527340397 ], [ -0.571111402387413, 39.580053624963597 ], [ -0.570864248004994, 39.581796213876402 ], [ -0.570889997314296, 39.583391333043203 ], [ -0.570911050231271, 39.583454854271302 ], [ -0.571003158988959, 39.583817100702603 ], [ -0.571003538078001, 39.583817072317203 ], [ -0.571028661261558, 39.583814624946498 ], [ -0.573070847211017, 39.5836171242631 ], [ -0.574287408650851, 39.583453344301397 ], [ -0.579081819730126, 39.582827239136599 ], [ -0.579095281882961, 39.582825475066002 ], [ -0.579164480905939, 39.582816417933302 ], [ -0.578971779701076, 39.579325930884998 ], [ -0.578971485053661, 39.579325536926198 ], [ -0.57720268069968, 39.576973701731497 ], [ -0.575493349309068, 39.5738530489268 ], [ -0.57515606964912, 39.573237267046402 ], [ -0.574921525816654, 39.572953101004202 ], [ -0.574837524354405, 39.572959499094601 ], [ -0.573159096806207, 39.573087390841202 ], [ -0.572116577664491, 39.573272801914598 ], [ -0.571158982554744, 39.573360919916901 ], [ -0.571036619436645, 39.573224207792599 ], [ -0.571035722918008, 39.573223192688197 ], [ -0.571034333224265, 39.573217354106802 ], [ -0.570883576156643, 39.572580371062799 ], [ -0.570691525332045, 39.570747522909599 ], [ -0.570694096310405, 39.570745586109901 ], [ -0.571695642393709, 39.569993731206097 ], [ -0.572384421146228, 39.569269425724102 ], [ -0.572685245375302, 39.568654080939702 ], [ -0.572929514369044, 39.567992513662098 ], [ -0.572867261119857, 39.567441649084699 ], [ -0.572512095104301, 39.566614580188499 ], [ -0.572512008866013, 39.566614393906697 ], [ -0.572367903823098, 39.566336449147897 ], [ -0.572322854209924, 39.5662495659492 ], [ -0.572054158226974, 39.565731339198997 ], [ -0.572053977665591, 39.565730983943297 ], [ -0.573090107090719, 39.565392247180803 ], [ -0.575635594839359, 39.5646480329385 ], [ -0.575735924080185, 39.564618708992697 ], [ -0.575741931114475, 39.564618001932502 ], [ -0.576063157880293, 39.564580486182997 ], [ -0.576214998316148, 39.564565671150902 ], [ -0.576807846877794, 39.564587033244699 ], [ -0.577965604599129, 39.564764377080998 ], [ -0.577968648989626, 39.5647645349746 ], [ -0.578558150428521, 39.564794750126197 ], [ -0.579014598797423, 39.564723218775299 ], [ -0.579784040872545, 39.564263725800203 ], [ -0.579787207433947, 39.564261837295803 ], [ -0.579810337255879, 39.5642669501771 ], [ -0.579819918686687, 39.564269069290702 ], [ -0.58190095587388, 39.564729335078503 ], [ -0.583476503864192, 39.564942320180897 ], [ -0.59051833179937, 39.566290017690903 ], [ -0.592503931072466, 39.566669946022401 ], [ -0.59250707607427, 39.566670547109602 ], [ -0.592741927130576, 39.566765148339897 ], [ -0.593379504606866, 39.567021984880697 ], [ -0.593392237327692, 39.567037676084297 ], [ -0.593647475649358, 39.5673518477332 ], [ -0.593888101076306, 39.567798282821698 ], [ -0.594222400126152, 39.568228650165501 ], [ -0.59464257542219, 39.568445183862401 ], [ -0.594714154980676, 39.568482072212802 ], [ -0.595295329036878, 39.569178795773603 ], [ -0.59530092284617, 39.569181754705298 ], [ -0.595649718009745, 39.569366323793602 ], [ -0.596835644203431, 39.569742225197999 ], [ -0.597636830045752, 39.570137190820603 ], [ -0.598695473048537, 39.570492427853097 ], [ -0.600866493579417, 39.570996814266699 ], [ -0.601530420439603, 39.5716591810449 ], [ -0.602032611921071, 39.5719488462424 ], [ -0.602033116774274, 39.571949387733703 ], [ -0.602212200417736, 39.572141727657403 ], [ -0.60216145099408, 39.572511422922197 ], [ -0.60213451590861, 39.572707695018501 ], [ -0.602305326068305, 39.573142705805999 ], [ -0.602305723123655, 39.573143691829401 ], [ -0.602217770870804, 39.573331045019202 ], [ -0.60175724594714, 39.573519727857601 ], [ -0.601260969871825, 39.5738228148724 ], [ -0.601257802412126, 39.573824739814903 ], [ -0.601026877891933, 39.574108236866103 ], [ -0.600984630124106, 39.574656913062398 ], [ -0.601145807649026, 39.575047626966303 ], [ -0.601513689317429, 39.575181360893701 ], [ -0.602037468213514, 39.575183179859401 ], [ -0.602545316386338, 39.575310757996299 ], [ -0.603981267978134, 39.575529600221003 ], [ -0.604713100287277, 39.575562733335701 ], [ -0.604713529681956, 39.575562761032103 ], [ -0.605173705160983, 39.5753830670795 ], [ -0.60576139739289, 39.574864189175599 ], [ -0.605762015433827, 39.574863647707097 ], [ -0.605762140299657, 39.574863392898301 ], [ -0.605986617611048, 39.574426834964697 ], [ -0.605884826811244, 39.574001351675101 ], [ -0.605480152843753, 39.573245248008099 ], [ -0.605353292759317, 39.572883289075797 ], [ -0.605352948704562, 39.572882285737897 ], [ -0.60535306907884, 39.572882176333202 ], [ -0.605353956614339, 39.572881418809501 ], [ -0.605556931851072, 39.572706287295098 ], [ -0.606145990420565, 39.572502200333702 ], [ -0.608552950765867, 39.571903196158999 ], [ -0.609431541741284, 39.571741089164099 ], [ -0.609431779794848, 39.571741134865498 ], [ -0.609432114866432, 39.571741195800797 ], [ -0.610183308564917, 39.571882703259902 ], [ -0.610890617765096, 39.572302709884497 ], [ -0.611239193739745, 39.572661217972602 ], [ -0.611617654867266, 39.573164511183599 ], [ -0.611852240920561, 39.573790955681702 ], [ -0.612148234908375, 39.575668619745599 ], [ -0.612148587047937, 39.575670915766999 ], [ -0.612148278925799, 39.575671572168702 ], [ -0.611959876159581, 39.5760814287557 ], [ -0.611490387846012, 39.576531257854803 ], [ -0.610475443390233, 39.577372167037801 ], [ -0.610471860010578, 39.5773751380828 ], [ -0.610471469243441, 39.577376198131702 ], [ -0.610317134186046, 39.577813393872297 ], [ -0.610424961664545, 39.578401194128297 ], [ -0.610683111426036, 39.579019138808199 ], [ -0.6111314632793, 39.5795238349858 ], [ -0.611455355346572, 39.579584577825003 ], [ -0.611633876644652, 39.579471111803301 ], [ -0.6115721075874, 39.579235647804197 ], [ -0.611318773694148, 39.578815983675597 ], [ -0.611105194743776, 39.578272468172798 ], [ -0.611104648568074, 39.578271068870997 ], [ -0.611104731213074, 39.578270724065298 ], [ -0.611104842604181, 39.5782703391015 ], [ -0.611212557793275, 39.577840831719499 ], [ -0.611677107169403, 39.5775350951929 ], [ -0.612180244576882, 39.577401885098602 ], [ -0.612182290040773, 39.577401336726098 ], [ -0.612191138446316, 39.577406054668799 ], [ -0.61241094272164, 39.577523181266699 ], [ -0.612588614213465, 39.577670416118799 ], [ -0.613146712346661, 39.5781328812702 ], [ -0.613676421920249, 39.578393866674297 ], [ -0.614520498724152, 39.578809768912897 ], [ -0.614870624292661, 39.579123297315697 ], [ -0.615656385163255, 39.579634928870803 ], [ -0.6157289986826, 39.579758910973197 ], [ -0.615843338048591, 39.579954083153602 ], [ -0.616819863356306, 39.580484332338401 ], [ -0.616826252174597, 39.580487801056002 ], [ -0.617291643272171, 39.581515339728497 ], [ -0.617401315890241, 39.582038076813902 ], [ -0.617401746183284, 39.582040135842803 ], [ -0.617613250025328, 39.582323743300996 ], [ -0.618637571096043, 39.582712330748002 ], [ -0.619533523810963, 39.583052209702601 ], [ -0.620199188911232, 39.583304721149098 ], [ -0.620655339937795, 39.583584350855098 ], [ -0.620794577908503, 39.583938560109303 ], [ -0.620730147143052, 39.584459733660402 ], [ -0.62056032243524, 39.585013084111303 ], [ -0.620559785242709, 39.585014830126099 ], [ -0.620560219128974, 39.585014744279199 ], [ -0.620572781169918, 39.585012033179197 ], [ -0.621591987233394, 39.584792716887897 ], [ -0.622605822269791, 39.584386619878103 ], [ -0.622618970910606, 39.584381352708597 ], [ -0.623014870134416, 39.584380422230701 ], [ -0.623698841103537, 39.584466494848499 ], [ -0.624633540851594, 39.584861443041099 ], [ -0.62463993416147, 39.584864140992998 ], [ -0.624658890410621, 39.584861389040597 ], [ -0.625997283165906, 39.584666724301897 ], [ -0.6269758368695, 39.584650663929402 ], [ -0.627868602361785, 39.584759044024899 ], [ -0.629414179859268, 39.585187011063603 ], [ -0.630576578277342, 39.585657701207197 ], [ -0.6305856800078, 39.5856613738965 ], [ -0.631784090089016, 39.586028141996401 ], [ -0.633360089033572, 39.586249489743302 ], [ -0.634051207897397, 39.586470777245502 ], [ -0.63463084942775, 39.586545634112703 ], [ -0.635328967964292, 39.586559856686797 ], [ -0.635332579191724, 39.5865623849595 ], [ -0.635567804845486, 39.586726901791799 ], [ -0.635838082761658, 39.586995438219802 ], [ -0.636919417208524, 39.588069777056099 ], [ -0.63817738918629, 39.589086335317297 ], [ -0.638860504060943, 39.5895845207816 ], [ -0.639143223643815, 39.589790681317503 ], [ -0.640092511133771, 39.590638833313498 ], [ -0.640458807275732, 39.5911687812998 ], [ -0.640624242815059, 39.591591023318202 ], [ -0.64136970975358, 39.593493605113402 ], [ -0.642123400768562, 39.594274704813202 ], [ -0.64214159434801, 39.5954552431214 ], [ -0.642141748858211, 39.595456147146699 ], [ -0.642141740773404, 39.595456390804301 ], [ -0.642228290756052, 39.595988523912801 ], [ -0.642562490092921, 39.596436741800197 ], [ -0.643170424961422, 39.597052734257801 ], [ -0.643992870333285, 39.598213585261099 ], [ -0.644565940687337, 39.598828792217702 ], [ -0.645694501365277, 39.599800583228401 ], [ -0.645776727756495, 39.599871382064798 ], [ -0.646003528111213, 39.600178407137697 ], [ -0.646378015091942, 39.6006853828289 ], [ -0.646927562161933, 39.601309142885903 ], [ -0.64693771761622, 39.601304974754001 ], [ -0.649230564072669, 39.600364842808702 ], [ -0.652308363814288, 39.599580267191101 ], [ -0.654102363217062, 39.599206611737998 ], [ -0.655580582339587, 39.5988986942968 ], [ -0.65835721918726, 39.597960175009597 ], [ -0.658372436648158, 39.597955039694803 ], [ -0.658967477997419, 39.597921985812 ], [ -0.65947685420454, 39.598013369345601 ], [ -0.659833364998084, 39.598146685869899 ], [ -0.660100533845068, 39.598512414673799 ], [ -0.660598309208606, 39.599961803686803 ], [ -0.660599045827159, 39.599963939705503 ], [ -0.660995290004021, 39.600647611120401 ], [ -0.661568842753381, 39.601253797798499 ], [ -0.662068201846768, 39.601642187716898 ], [ -0.662678407656332, 39.601852735870501 ], [ -0.663534800362774, 39.602014101054898 ], [ -0.665988494662441, 39.602207100209903 ], [ -0.665997345762908, 39.602207795812397 ], [ -0.666343166604593, 39.602313865763399 ], [ -0.666558575423186, 39.602489366120501 ], [ -0.667331737421921, 39.603454419799398 ], [ -0.667497554745282, 39.603661413907197 ], [ -0.668443533740062, 39.604518217128401 ], [ -0.669328661755824, 39.605319879696303 ], [ -0.671330840335784, 39.606396122777497 ], [ -0.673938328008729, 39.607484457921402 ], [ -0.674570959361033, 39.607595572724001 ], [ -0.674575203002421, 39.607596320178999 ], [ -0.674577712895345, 39.607596149925399 ], [ -0.674983799014473, 39.6075684947794 ], [ -0.675372997704566, 39.607423097281902 ], [ -0.676002263967844, 39.607066373296398 ], [ -0.676769168302299, 39.606424017858203 ], [ -0.677337500941525, 39.606080071178098 ], [ -0.67772016887952, 39.605848482035 ], [ -0.67812256741443, 39.605640297810901 ], [ -0.67838723265667, 39.605503366292801 ], [ -0.678407575904605, 39.605492853851104 ], [ -0.678409013209061, 39.605492549323202 ], [ -0.679005677814044, 39.605369686037299 ], [ -0.680313314948937, 39.605803228018402 ], [ -0.680422619257764, 39.605839454211903 ], [ -0.681438153008372, 39.6061210360537 ], [ -0.684500333742124, 39.606486162839097 ], [ -0.684524024112812, 39.606488983142498 ], [ -0.685647041287164, 39.606691551216798 ], [ -0.685647035897248, 39.606691682023197 ], [ -0.685646857132525, 39.606692691792603 ], [ -0.685492824807386, 39.608174986295602 ], [ -0.685682616369017, 39.610169819200699 ], [ -0.686185032429327, 39.615017695868097 ], [ -0.686212652031052, 39.615937155926503 ], [ -0.686158508772261, 39.616512656326499 ], [ -0.68592649729058, 39.617183743790697 ], [ -0.685408465815692, 39.618047244847197 ], [ -0.68467755966959, 39.619005656016199 ], [ -0.684287643225582, 39.619520412060602 ], [ -0.683514566566804, 39.6206941512431 ], [ -0.682058345388935, 39.621043453004098 ], [ -0.678764154970129, 39.621662291903597 ], [ -0.677582419417236, 39.621827784045301 ], [ -0.677582015175342, 39.621827829713702 ], [ -0.677581849885342, 39.621827732149399 ], [ -0.677581456423247, 39.621827498963697 ], [ -0.676699354831673, 39.621308932898799 ], [ -0.664764394560731, 39.614291220903503 ], [ -0.664341875560099, 39.614039461830501 ], [ -0.664072278566928, 39.613892520174197 ], [ -0.664067428562699, 39.6138898731786 ] ] ] } },
{ "type": "Feature", "properties": { "OBJECTID": 7279, "Codigo": "46256", "Texto": "Vilamarxant", "Cod_Prov": "46", "Cod_CCAA": "10", "FechaId": "01012017", "NUTS_0": "ES", "NUTS_1": "ES5", "NUTS_2": "ES52", "NUTS_3": "ES523", "PAD_2C02": 9376, "PAD_2C03": 485, "PAD_2C04": 519, "PAD_2C05": 478, "PAD_2C06": 437, "PAD_2C07": 441, "PAD_2C08": 559, "PAD_2C09": 688, "PAD_2C10": 900, "PAD_2C11": 752, "PAD_2C12": 691, "PAD_2C13": 748, "PAD_2C14": 628, "PAD_2C15": 528, "PAD_2C16": 436, "PAD_2C17": 369, "PAD_2C18": 295, "PAD_2C19": 222, "PAD_2C20": 200, "PAD_2C21": 4855, "PAD_2C22": 265, "PAD_2C23": 293, "PAD_2C24": 241, "PAD_2C25": 238, "PAD_2C26": 228, "PAD_2C27": 275, "PAD_2C28": 363, "PAD_2C29": 494, "PAD_2C30": 415, "PAD_2C31": 357, "PAD_2C32": 401, "PAD_2C33": 313, "PAD_2C34": 267, "PAD_2C35": 210, "PAD_2C36": 188, "PAD_2C37": 130, "PAD_2C38": 102, "PAD_2C39": 75, "PAD_2C40": 4521, "PAD_2C41": 220, "PAD_2C42": 226, "PAD_2C43": 237, "PAD_2C44": 199, "PAD_2C45": 213, "PAD_2C46": 284, "PAD_2C47": 325, "PAD_2C48": 406, "PAD_2C49": 337, "PAD_2C50": 334, "PAD_2C51": 347, "PAD_2C52": 315, "PAD_2C53": 261, "PAD_2C54": 226, "PAD_2C55": 181, "PAD_2C56": 165, "PAD_2C57": 120, "PAD_2C58": 125, "PAD_3C03": 8596, "PAD_3C04": 780, "PAD_3C05": 555, "PAD_3C06": 15, "PAD_3C07": 10, "PAD_3C08": 27, "PAD_3C09": 25, "PAD_3C10": 24, "PAD_3C100": 6, "PAD_3C101": 1, "PAD_3C102": 0, "PAD_3C103": 6, "PAD_3C104": 4, "PAD_3C105": 1, "PAD_3C106": 1, "PAD_3C107": 4, "PAD_3C108": 1, "PAD_3C109": 10, "PAD_3C11": 19, "PAD_3C110": 5, "PAD_3C111": 1, "PAD_3C112": 0, "PAD_3C12": 99, "PAD_3C13": 294, "PAD_3C14": 69, "PAD_3C15": 9, "PAD_3C16": 56, "PAD_3C17": 66, "PAD_3C18": 1, "PAD_3C19": 62, "PAD_3C20": 1, "PAD_3C21": 1, "PAD_3C22": 63, "PAD_3C23": 7, "PAD_3C24": 6, "PAD_3C25": 2, "PAD_3C26": 10, "PAD_3C27": 3, "PAD_3C28": 1, "PAD_3C29": 10, "PAD_3C30": 5, "PAD_3C31": 1, "PAD_3C32": 1, "PAD_3C33": 6, "PAD_3C34": 1, "PAD_3C35": 27, "PAD_3C36": 13, "PAD_3C37": 4, "PAD_3C38": 0, "PAD_3C39": 4855, "PAD_3C40": 4454, "PAD_3C41": 401, "PAD_3C42": 279, "PAD_3C43": 8, "PAD_3C44": 4, "PAD_3C45": 14, "PAD_3C46": 18, "PAD_3C47": 13, "PAD_3C48": 11, "PAD_3C49": 49, "PAD_3C50": 146, "PAD_3C51": 38, "PAD_3C52": 4, "PAD_3C53": 30, "PAD_3C54": 43, "PAD_3C55": 1, "PAD_3C56": 40, "PAD_3C57": 1, "PAD_3C58": 1, "PAD_3C59": 24, "PAD_3C60": 3, "PAD_3C61": 2, "PAD_3C62": 0, "PAD_3C63": 4, "PAD_3C64": 2, "PAD_3C65": 1, "PAD_3C66": 4, "PAD_3C67": 1, "PAD_3C68": 0, "PAD_3C69": 0, "PAD_3C70": 2, "PAD_3C71": 0, "PAD_3C72": 17, "PAD_3C73": 8, "PAD_3C74": 3, "PAD_3C75": 0, "PAD_3C76": 4521, "PAD_3C77": 4142, "PAD_3C78": 379, "PAD_3C79": 276, "PAD_3C80": 7, "PAD_3C81": 6, "PAD_3C82": 13, "PAD_3C83": 7, "PAD_3C84": 11, "PAD_3C85": 8, "PAD_3C86": 50, "PAD_3C87": 148, "PAD_3C88": 31, "PAD_3C89": 5, "PAD_3C90": 26, "PAD_3C91": 23, "PAD_3C92": 0, "PAD_3C93": 22, "PAD_3C94": 0, "PAD_3C95": 0, "PAD_3C96": 39, "PAD_3C97": 4, "PAD_3C98": 4, "PAD_3C99": 2, "PAD_3_COD_PROV": "46", "PAD_3_COD_CCAA": "10", "Shape__Area": 119746899.645264, "Shape__Length": 47537.021030029697 }, "geometry": { "type": "Polygon", "coordinates": [ [ [ -0.669328661755824, 39.605319879696303 ], [ -0.668443533740062, 39.604518217128401 ], [ -0.667497554745282, 39.603661413907197 ], [ -0.667331737421921, 39.603454419799398 ], [ -0.666558575423186, 39.602489366120501 ], [ -0.666343166604593, 39.602313865763399 ], [ -0.665997345762908, 39.602207795812397 ], [ -0.665988494662441, 39.602207100209903 ], [ -0.663534800362774, 39.602014101054898 ], [ -0.662678407656332, 39.601852735870501 ], [ -0.662068201846768, 39.601642187716898 ], [ -0.661568842753381, 39.601253797798499 ], [ -0.660995290004021, 39.600647611120401 ], [ -0.660599045827159, 39.599963939705503 ], [ -0.660598309208606, 39.599961803686803 ], [ -0.660100533845068, 39.598512414673799 ], [ -0.659833364998084, 39.598146685869899 ], [ -0.65947685420454, 39.598013369345601 ], [ -0.658967477997419, 39.597921985812 ], [ -0.658372436648158, 39.597955039694803 ], [ -0.65835721918726, 39.597960175009597 ], [ -0.655580582339587, 39.5988986942968 ], [ -0.654102363217062, 39.599206611737998 ], [ -0.652308363814288, 39.599580267191101 ], [ -0.649230564072669, 39.600364842808702 ], [ -0.64693771761622, 39.601304974754001 ], [ -0.646927562161933, 39.601309142885903 ], [ -0.646378015091942, 39.6006853828289 ], [ -0.646003528111213, 39.600178407137697 ], [ -0.645776727756495, 39.599871382064798 ], [ -0.645694501365277, 39.599800583228401 ], [ -0.644565940687337, 39.598828792217702 ], [ -0.643992870333285, 39.598213585261099 ], [ -0.643170424961422, 39.597052734257801 ], [ -0.642562490092921, 39.596436741800197 ], [ -0.642228290756052, 39.595988523912801 ], [ -0.642141740773404, 39.595456390804301 ], [ -0.642141748858211, 39.595456147146699 ], [ -0.64214159434801, 39.5954552431214 ], [ -0.642123400768562, 39.594274704813202 ], [ -0.64136970975358, 39.593493605113402 ], [ -0.640624242815059, 39.591591023318202 ], [ -0.640458807275732, 39.5911687812998 ], [ -0.640092511133771, 39.590638833313498 ], [ -0.639143223643815, 39.589790681317503 ], [ -0.638860504060943, 39.5895845207816 ], [ -0.63817738918629, 39.589086335317297 ], [ -0.636919417208524, 39.588069777056099 ], [ -0.635838082761658, 39.586995438219802 ], [ -0.635567804845486, 39.586726901791799 ], [ -0.635332579191724, 39.5865623849595 ], [ -0.635328967964292, 39.586559856686797 ], [ -0.63463084942775, 39.586545634112703 ], [ -0.634051207897397, 39.586470777245502 ], [ -0.633360089033572, 39.586249489743302 ], [ -0.631784090089016, 39.586028141996401 ], [ -0.6305856800078, 39.5856613738965 ], [ -0.630576578277342, 39.585657701207197 ], [ -0.629414179859268, 39.585187011063603 ], [ -0.627868602361785, 39.584759044024899 ], [ -0.6269758368695, 39.584650663929402 ], [ -0.625997283165906, 39.584666724301897 ], [ -0.624658890410621, 39.584861389040597 ], [ -0.62463993416147, 39.584864140992998 ], [ -0.624633540851594, 39.584861443041099 ], [ -0.623698841103537, 39.584466494848499 ], [ -0.623014870134416, 39.584380422230701 ], [ -0.622618970910606, 39.584381352708597 ], [ -0.622605822269791, 39.584386619878103 ], [ -0.621591987233394, 39.584792716887897 ], [ -0.620572781169918, 39.585012033179197 ], [ -0.620560219128974, 39.585014744279199 ], [ -0.620559785242709, 39.585014830126099 ], [ -0.62056032243524, 39.585013084111303 ], [ -0.620730147143052, 39.584459733660402 ], [ -0.620794577908503, 39.583938560109303 ], [ -0.620655339937795, 39.583584350855098 ], [ -0.620199188911232, 39.583304721149098 ], [ -0.619533523810963, 39.583052209702601 ], [ -0.618637571096043, 39.582712330748002 ], [ -0.617613250025328, 39.582323743300996 ], [ -0.617401746183284, 39.582040135842803 ], [ -0.617401315890241, 39.582038076813902 ], [ -0.617291643272171, 39.581515339728497 ], [ -0.616826252174597, 39.580487801056002 ], [ -0.616819863356306, 39.580484332338401 ], [ -0.615843338048591, 39.579954083153602 ], [ -0.6157289986826, 39.579758910973197 ], [ -0.615656385163255, 39.579634928870803 ], [ -0.614870624292661, 39.579123297315697 ], [ -0.614520498724152, 39.578809768912897 ], [ -0.613676421920249, 39.578393866674297 ], [ -0.613146712346661, 39.5781328812702 ], [ -0.612588614213465, 39.577670416118799 ], [ -0.61241094272164, 39.577523181266699 ], [ -0.612191138446316, 39.577406054668799 ], [ -0.612182290040773, 39.577401336726098 ], [ -0.612180244576882, 39.577401885098602 ], [ -0.611677107169403, 39.5775350951929 ], [ -0.611212557793275, 39.577840831719499 ], [ -0.611104842604181, 39.5782703391015 ], [ -0.611104731213074, 39.578270724065298 ], [ -0.611104648568074, 39.578271068870997 ], [ -0.611105194743776, 39.578272468172798 ], [ -0.611318773694148, 39.578815983675597 ], [ -0.6115721075874, 39.579235647804197 ], [ -0.611633876644652, 39.579471111803301 ], [ -0.611455355346572, 39.579584577825003 ], [ -0.6111314632793, 39.5795238349858 ], [ -0.610683111426036, 39.579019138808199 ], [ -0.610424961664545, 39.578401194128297 ], [ -0.610317134186046, 39.577813393872297 ], [ -0.610471469243441, 39.577376198131702 ], [ -0.610471860010578, 39.5773751380828 ], [ -0.610475443390233, 39.577372167037801 ], [ -0.611490387846012, 39.576531257854803 ], [ -0.611959876159581, 39.5760814287557 ], [ -0.612148278925799, 39.575671572168702 ], [ -0.612148587047937, 39.575670915766999 ], [ -0.612148234908375, 39.575668619745599 ], [ -0.611852240920561, 39.573790955681702 ], [ -0.611617654867266, 39.573164511183599 ], [ -0.611239193739745, 39.572661217972602 ], [ -0.610890617765096, 39.572302709884497 ], [ -0.610183308564917, 39.571882703259902 ], [ -0.609432114866432, 39.571741195800797 ], [ -0.609431779794848, 39.571741134865498 ], [ -0.609431541741284, 39.571741089164099 ], [ -0.608552950765867, 39.571903196158999 ], [ -0.606145990420565, 39.572502200333702 ], [ -0.605556931851072, 39.572706287295098 ], [ -0.605353956614339, 39.572881418809501 ], [ -0.60535306907884, 39.572882176333202 ], [ -0.605352948704562, 39.572882285737897 ], [ -0.605353292759317, 39.572883289075797 ], [ -0.605480152843753, 39.573245248008099 ], [ -0.605884826811244, 39.574001351675101 ], [ -0.605986617611048, 39.574426834964697 ], [ -0.605762140299657, 39.574863392898301 ], [ -0.605762015433827, 39.574863647707097 ], [ -0.60576139739289, 39.574864189175599 ], [ -0.605173705160983, 39.5753830670795 ], [ -0.604713529681956, 39.575562761032103 ], [ -0.604713100287277, 39.575562733335701 ], [ -0.603981267978134, 39.575529600221003 ], [ -0.602545316386338, 39.575310757996299 ], [ -0.602037468213514, 39.575183179859401 ], [ -0.601513689317429, 39.575181360893701 ], [ -0.601145807649026, 39.575047626966303 ], [ -0.600984630124106, 39.574656913062398 ], [ -0.601026877891933, 39.574108236866103 ], [ -0.601257802412126, 39.573824739814903 ], [ -0.601260969871825, 39.5738228148724 ], [ -0.60175724594714, 39.573519727857601 ], [ -0.602217770870804, 39.573331045019202 ], [ -0.602305723123655, 39.573143691829401 ], [ -0.602305326068305, 39.573142705805999 ], [ -0.60213451590861, 39.572707695018501 ], [ -0.60216145099408, 39.572511422922197 ], [ -0.602212200417736, 39.572141727657403 ], [ -0.602033116774274, 39.571949387733703 ], [ -0.602032611921071, 39.5719488462424 ], [ -0.601530420439603, 39.5716591810449 ], [ -0.600866493579417, 39.570996814266699 ], [ -0.598695473048537, 39.570492427853097 ], [ -0.597636830045752, 39.570137190820603 ], [ -0.596835644203431, 39.569742225197999 ], [ -0.595649718009745, 39.569366323793602 ], [ -0.59530092284617, 39.569181754705298 ], [ -0.595295329036878, 39.569178795773603 ], [ -0.594714154980676, 39.568482072212802 ], [ -0.59464257542219, 39.568445183862401 ], [ -0.594222400126152, 39.568228650165501 ], [ -0.593888101076306, 39.567798282821698 ], [ -0.593647475649358, 39.5673518477332 ], [ -0.593392237327692, 39.567037676084297 ], [ -0.593379504606866, 39.567021984880697 ], [ -0.592741927130576, 39.566765148339897 ], [ -0.59250676974876, 39.5666699861872 ], [ -0.592506717646495, 39.566669966797299 ], [ -0.591361184199529, 39.563799914654403 ], [ -0.590657222122102, 39.5622819036913 ], [ -0.591519913815291, 39.559267881324402 ], [ -0.592365012901991, 39.556315126318999 ], [ -0.593467800914438, 39.554417616142203 ], [ -0.593695882266785, 39.554025183256101 ], [ -0.594728623246628, 39.552248145284402 ], [ -0.602077537566746, 39.531482579018402 ], [ -0.604237195307607, 39.521786194952597 ], [ -0.606317625233695, 39.517786310707301 ], [ -0.606317632420206, 39.517786274672098 ], [ -0.606317825557981, 39.517785206782598 ], [ -0.606322247065829, 39.517786370997001 ], [ -0.606345239445504, 39.517792415902697 ], [ -0.60657168676233, 39.517852004243998 ], [ -0.607320534061263, 39.518049056762202 ], [ -0.610454220691672, 39.518701501217599 ], [ -0.616155789172397, 39.519888339323899 ], [ -0.620044069624605, 39.520814874908602 ], [ -0.621848499366144, 39.521113103187702 ], [ -0.629377463018671, 39.522735439739598 ], [ -0.629559274845652, 39.522779319164897 ], [ -0.629559435644099, 39.522779357969299 ], [ -0.629804000183553, 39.522838377983803 ], [ -0.629804045997638, 39.522838387684899 ], [ -0.630433863826467, 39.522990382665903 ], [ -0.632354322665071, 39.523453829143001 ], [ -0.63562281677517, 39.524151081177997 ], [ -0.637892834345315, 39.524767862187602 ], [ -0.637916678327906, 39.524774343022102 ], [ -0.63868148779113, 39.524861946827301 ], [ -0.640740393184666, 39.524867777699598 ], [ -0.64314009424419, 39.524772384844198 ], [ -0.643140949440327, 39.524772384151298 ], [ -0.645304525632461, 39.5247532091106 ], [ -0.648539224223291, 39.525080026662003 ], [ -0.652241675582531, 39.525335066996298 ], [ -0.659043922831452, 39.525822683664302 ], [ -0.659239725918992, 39.525836703200902 ], [ -0.659337830032875, 39.525859752662697 ], [ -0.665449678866809, 39.527295048675199 ], [ -0.670040656568531, 39.528468332738399 ], [ -0.673521695668143, 39.529324374273997 ], [ -0.673521858263218, 39.529324413074796 ], [ -0.673578273361368, 39.529338282244602 ], [ -0.67357832007375, 39.529338291251896 ], [ -0.682445654921998, 39.531518325120302 ], [ -0.684883050189162, 39.532044407255697 ], [ -0.687523099994496, 39.532772648777403 ], [ -0.687751772438265, 39.5328357992923 ], [ -0.689667444154704, 39.533364847146302 ], [ -0.691527467934213, 39.533762169062697 ], [ -0.691527606274766, 39.533762212017798 ], [ -0.691528433623159, 39.533762503004503 ], [ -0.692554290813011, 39.534087904978797 ], [ -0.693254474576381, 39.534309995670398 ], [ -0.696427502026309, 39.535463032341497 ], [ -0.700471215277164, 39.537029626872197 ], [ -0.700861329350533, 39.537217442032699 ], [ -0.702751132281756, 39.538127229796899 ], [ -0.703964482244434, 39.538711312341199 ], [ -0.704435892952692, 39.538882806734797 ], [ -0.706688837142569, 39.539720056748401 ], [ -0.709003666272323, 39.540801755117997 ], [ -0.709854957446282, 39.541097858094801 ], [ -0.710638911804847, 39.541193955216599 ], [ -0.710643043156831, 39.541194460232198 ], [ -0.711160974918708, 39.541366786024298 ], [ -0.711865888312062, 39.541845643954801 ], [ -0.712185356176562, 39.5420626562696 ], [ -0.713589918835679, 39.542874080891899 ], [ -0.71492402842367, 39.543471279096799 ], [ -0.715000432833533, 39.543505474934499 ], [ -0.715283141636606, 39.5436621601525 ], [ -0.715994743885547, 39.5440565441736 ], [ -0.716642529816719, 39.544528714750399 ], [ -0.717122684725957, 39.544790402980297 ], [ -0.717560299914945, 39.544872527789302 ], [ -0.717712505066788, 39.544901089785199 ], [ -0.717994526658681, 39.545103310762997 ], [ -0.717996573919199, 39.545104773771001 ], [ -0.71799671495471, 39.545104885297597 ], [ -0.718104979014431, 39.545350043996599 ], [ -0.718104544229836, 39.545350183924 ], [ -0.718106351640163, 39.545355386866099 ], [ -0.718636130384028, 39.546883197916003 ], [ -0.719125504703043, 39.547928855826299 ], [ -0.719455324752895, 39.548872266222901 ], [ -0.719967431838492, 39.549936362657803 ], [ -0.720239383316023, 39.550397241669401 ], [ -0.720628941332222, 39.551057441186998 ], [ -0.721138133384738, 39.552211605701601 ], [ -0.721247022671905, 39.552778789924197 ], [ -0.721247511355393, 39.552781309039503 ], [ -0.721247478117734, 39.552781619340202 ], [ -0.721213359204942, 39.553113981758401 ], [ -0.721163742556859, 39.553212162990903 ], [ -0.720329743952125, 39.554862416118901 ], [ -0.720281506217986, 39.554969663267698 ], [ -0.719387165080693, 39.556958073804303 ], [ -0.719325562211771, 39.557095045863903 ], [ -0.718340906252427, 39.559084804861001 ], [ -0.717906346233734, 39.560282276006802 ], [ -0.71790605967116, 39.560282990729299 ], [ -0.71790587821148, 39.5602835773282 ], [ -0.717904720283088, 39.562094427843398 ], [ -0.718303771695212, 39.5655438158905 ], [ -0.71821252262528, 39.565602670047099 ], [ -0.714034567833307, 39.5682978206966 ], [ -0.712861338427862, 39.568987142181001 ], [ -0.712847604983803, 39.568995214346003 ], [ -0.711726529068779, 39.569810978047499 ], [ -0.710227253435989, 39.570799450863902 ], [ -0.709293471766132, 39.571582903814203 ], [ -0.705941182806315, 39.574751078252604 ], [ -0.704339184820799, 39.576377138821201 ], [ -0.699948650903356, 39.581704844259903 ], [ -0.699050205363524, 39.583173547907201 ], [ -0.698348188138646, 39.584666562991998 ], [ -0.698261160252242, 39.584851635704901 ], [ -0.697531786632021, 39.586175943776098 ], [ -0.697480715611503, 39.586268681715197 ], [ -0.697071723442432, 39.587368677709101 ], [ -0.696042735623828, 39.592420473192199 ], [ -0.694903232567377, 39.599748593942302 ], [ -0.694903112193133, 39.599749443230401 ], [ -0.694645855357022, 39.600483051899197 ], [ -0.693157199607519, 39.601901433812898 ], [ -0.693154687019671, 39.601903821020301 ], [ -0.693154583713405, 39.601903926918503 ], [ -0.693153597363225, 39.601903501941599 ], [ -0.692787266186978, 39.601743428736803 ], [ -0.692278171152549, 39.601643234935899 ], [ -0.691566717125628, 39.601674142771202 ], [ -0.69088451673592, 39.6018768370581 ], [ -0.690523961726976, 39.602212042102003 ], [ -0.690395930239425, 39.602560778211398 ], [ -0.690426995778583, 39.603029903069597 ], [ -0.690673385694705, 39.603674477115298 ], [ -0.69109260967485, 39.604376518836801 ], [ -0.691351466410491, 39.6049762272172 ], [ -0.69144954087997, 39.605203445131103 ], [ -0.691449598372151, 39.605203832713698 ], [ -0.691549430844615, 39.606052270776999 ], [ -0.691429144631439, 39.606518348895499 ], [ -0.691061507304779, 39.606727059933498 ], [ -0.691061113842683, 39.606727309088299 ], [ -0.691060950349311, 39.606727342308901 ], [ -0.690520001953204, 39.606887714051901 ], [ -0.689524427869904, 39.6070570757159 ], [ -0.687521837861507, 39.607035204872297 ], [ -0.686531577313139, 39.606935040874802 ], [ -0.68652356703572, 39.606934236660997 ], [ -0.685647035897248, 39.606691682023197 ], [ -0.685647041287164, 39.606691551216798 ], [ -0.684524024112812, 39.606488983142498 ], [ -0.684500333742124, 39.606486162839097 ], [ -0.681438153008372, 39.6061210360537 ], [ -0.680422619257764, 39.605839454211903 ], [ -0.680313314948937, 39.605803228018402 ], [ -0.679005677814044, 39.605369686037299 ], [ -0.678409013209061, 39.605492549323202 ], [ -0.678407575904605, 39.605492853851104 ], [ -0.67838723265667, 39.605503366292801 ], [ -0.67812256741443, 39.605640297810901 ], [ -0.67772016887952, 39.605848482035 ], [ -0.677337500941525, 39.606080071178098 ], [ -0.676769168302299, 39.606424017858203 ], [ -0.676002263967844, 39.607066373296398 ], [ -0.675372997704566, 39.607423097281902 ], [ -0.674983799014473, 39.6075684947794 ], [ -0.674577712895345, 39.607596149925399 ], [ -0.674575203002421, 39.607596320178999 ], [ -0.674570959361033, 39.607595572724001 ], [ -0.673938328008729, 39.607484457921402 ], [ -0.671330840335784, 39.606396122777497 ], [ -0.669328661755824, 39.605319879696303 ] ] ] } },
{ "type": "Feature", "properties": { "OBJECTID": 7132, "Codigo": "46109", "Texto": "Cheste", "Cod_Prov": "46", "Cod_CCAA": "10", "FechaId": "01012017", "NUTS_0": "ES", "NUTS_1": "ES5", "NUTS_2": "ES52", "NUTS_3": "ES523", "PAD_2C02": 8372, "PAD_2C03": 443, "PAD_2C04": 439, "PAD_2C05": 451, "PAD_2C06": 388, "PAD_2C07": 393, "PAD_2C08": 433, "PAD_2C09": 508, "PAD_2C10": 710, "PAD_2C11": 718, "PAD_2C12": 696, "PAD_2C13": 602, "PAD_2C14": 537, "PAD_2C15": 490, "PAD_2C16": 427, "PAD_2C17": 347, "PAD_2C18": 287, "PAD_2C19": 273, "PAD_2C20": 230, "PAD_2C21": 4265, "PAD_2C22": 233, "PAD_2C23": 219, "PAD_2C24": 241, "PAD_2C25": 193, "PAD_2C26": 201, "PAD_2C27": 225, "PAD_2C28": 262, "PAD_2C29": 388, "PAD_2C30": 409, "PAD_2C31": 349, "PAD_2C32": 313, "PAD_2C33": 280, "PAD_2C34": 240, "PAD_2C35": 215, "PAD_2C36": 163, "PAD_2C37": 129, "PAD_2C38": 116, "PAD_2C39": 89, "PAD_2C40": 4107, "PAD_2C41": 210, "PAD_2C42": 220, "PAD_2C43": 210, "PAD_2C44": 195, "PAD_2C45": 192, "PAD_2C46": 208, "PAD_2C47": 246, "PAD_2C48": 322, "PAD_2C49": 309, "PAD_2C50": 347, "PAD_2C51": 289, "PAD_2C52": 257, "PAD_2C53": 250, "PAD_2C54": 212, "PAD_2C55": 184, "PAD_2C56": 158, "PAD_2C57": 157, "PAD_2C58": 141, "PAD_3C03": 7421, "PAD_3C04": 951, "PAD_3C05": 506, "PAD_3C06": 7, "PAD_3C07": 154, "PAD_3C08": 10, "PAD_3C09": 8, "PAD_3C10": 29, "PAD_3C100": 9, "PAD_3C101": 2, "PAD_3C102": 0, "PAD_3C103": 8, "PAD_3C104": 2, "PAD_3C105": 3, "PAD_3C106": 2, "PAD_3C107": 1, "PAD_3C108": 0, "PAD_3C109": 25, "PAD_3C11": 2, "PAD_3C110": 13, "PAD_3C111": 8, "PAD_3C112": 0, "PAD_3C12": 23, "PAD_3C13": 264, "PAD_3C14": 30, "PAD_3C15": 2, "PAD_3C16": 22, "PAD_3C17": 284, "PAD_3C18": 3, "PAD_3C19": 272, "PAD_3C20": 0, "PAD_3C21": 3, "PAD_3C22": 73, "PAD_3C23": 4, "PAD_3C24": 15, "PAD_3C25": 3, "PAD_3C26": 14, "PAD_3C27": 3, "PAD_3C28": 0, "PAD_3C29": 13, "PAD_3C30": 3, "PAD_3C31": 7, "PAD_3C32": 3, "PAD_3C33": 1, "PAD_3C34": 1, "PAD_3C35": 58, "PAD_3C36": 26, "PAD_3C37": 23, "PAD_3C38": 0, "PAD_3C39": 4265, "PAD_3C40": 3727, "PAD_3C41": 538, "PAD_3C42": 270, "PAD_3C43": 3, "PAD_3C44": 79, "PAD_3C45": 7, "PAD_3C46": 6, "PAD_3C47": 17, "PAD_3C48": 1, "PAD_3C49": 11, "PAD_3C50": 142, "PAD_3C51": 16, "PAD_3C52": 1, "PAD_3C53": 11, "PAD_3C54": 193, "PAD_3C55": 2, "PAD_3C56": 186, "PAD_3C57": 0, "PAD_3C58": 2, "PAD_3C59": 26, "PAD_3C60": 2, "PAD_3C61": 4, "PAD_3C62": 0, "PAD_3C63": 5, "PAD_3C64": 1, "PAD_3C65": 0, "PAD_3C66": 5, "PAD_3C67": 1, "PAD_3C68": 4, "PAD_3C69": 1, "PAD_3C70": 0, "PAD_3C71": 1, "PAD_3C72": 33, "PAD_3C73": 13, "PAD_3C74": 15, "PAD_3C75": 0, "PAD_3C76": 4107, "PAD_3C77": 3694, "PAD_3C78": 413, "PAD_3C79": 236, "PAD_3C80": 4, "PAD_3C81": 75, "PAD_3C82": 3, "PAD_3C83": 2, "PAD_3C84": 12, "PAD_3C85": 1, "PAD_3C86": 12, "PAD_3C87": 122, "PAD_3C88": 14, "PAD_3C89": 1, "PAD_3C90": 11, "PAD_3C91": 91, "PAD_3C92": 1, "PAD_3C93": 86, "PAD_3C94": 0, "PAD_3C95": 1, "PAD_3C96": 47, "PAD_3C97": 2, "PAD_3C98": 11, "PAD_3C99": 3, "PAD_3_COD_PROV": "46", "PAD_3_COD_CCAA": "10", "Shape__Area": 120177262.64843801, "Shape__Length": 57295.801484935801 }, "geometry": { "type": "Polygon", "coordinates": [ [ [ -0.743871638379827, 39.538060654129801 ], [ -0.743871473089794, 39.538060561297002 ], [ -0.743182809321636, 39.538128289060197 ], [ -0.740881784602846, 39.538759232329198 ], [ -0.737073282632699, 39.539946380910997 ], [ -0.736322674635822, 39.540129956790402 ], [ -0.73519641723824, 39.540414327990597 ], [ -0.732950714367899, 39.541127325685302 ], [ -0.73088564473488, 39.541654557699097 ], [ -0.730474822697554, 39.541763674895201 ], [ -0.727814315558254, 39.542351288212501 ], [ -0.721526792187342, 39.544262342743203 ], [ -0.721103241022478, 39.544391063952901 ], [ -0.718104979014431, 39.545350043996599 ], [ -0.71799671495471, 39.545104885297597 ], [ -0.717996573919199, 39.545104773771001 ], [ -0.717994526658681, 39.545103310762997 ], [ -0.717712505066788, 39.544901089785199 ], [ -0.717560299914945, 39.544872527789302 ], [ -0.717122684725957, 39.544790402980297 ], [ -0.716642529816719, 39.544528714750399 ], [ -0.715994743885547, 39.5440565441736 ], [ -0.715283141636606, 39.5436621601525 ], [ -0.715000432833533, 39.543505474934499 ], [ -0.71492402842367, 39.543471279096799 ], [ -0.713589918835679, 39.542874080891899 ], [ -0.712185356176562, 39.5420626562696 ], [ -0.711865888312062, 39.541845643954801 ], [ -0.711160974918708, 39.541366786024298 ], [ -0.710643043156831, 39.541194460232198 ], [ -0.710638911804847, 39.541193955216599 ], [ -0.709854957446282, 39.541097858094801 ], [ -0.709003666272323, 39.540801755117997 ], [ -0.706688837142569, 39.539720056748401 ], [ -0.704435892952692, 39.538882806734797 ], [ -0.703964482244434, 39.538711312341199 ], [ -0.702751132281756, 39.538127229796899 ], [ -0.700861329350533, 39.537217442032699 ], [ -0.700471215277164, 39.537029626872197 ], [ -0.696427502026309, 39.535463032341497 ], [ -0.693254474576381, 39.534309995670398 ], [ -0.692554290813011, 39.534087904978797 ], [ -0.691528433623159, 39.533762503004503 ], [ -0.691527606274766, 39.533762212017798 ], [ -0.691527467934213, 39.533762169062697 ], [ -0.689667444154704, 39.533364847146302 ], [ -0.687751772438265, 39.5328357992923 ], [ -0.687523099994496, 39.532772648777403 ], [ -0.684883050189162, 39.532044407255697 ], [ -0.682445654921998, 39.531518325120302 ], [ -0.67357832007375, 39.529338291251896 ], [ -0.673578273361368, 39.529338282244602 ], [ -0.673521858263218, 39.529324413074796 ], [ -0.673521695668143, 39.529324374273997 ], [ -0.670040656568531, 39.528468332738399 ], [ -0.665449678866809, 39.527295048675199 ], [ -0.659337830032875, 39.525859752662697 ], [ -0.659239725918992, 39.525836703200902 ], [ -0.659043922831452, 39.525822683664302 ], [ -0.652241675582531, 39.525335066996298 ], [ -0.648539224223291, 39.525080026662003 ], [ -0.645304525632461, 39.5247532091106 ], [ -0.643140949440327, 39.524772384151298 ], [ -0.64314009424419, 39.524772384844198 ], [ -0.640740393184666, 39.524867777699598 ], [ -0.63868148779113, 39.524861946827301 ], [ -0.637916678327906, 39.524774343022102 ], [ -0.637892834345315, 39.524767862187602 ], [ -0.63562281677517, 39.524151081177997 ], [ -0.632354322665071, 39.523453829143001 ], [ -0.630433863826467, 39.522990382665903 ], [ -0.629804045997638, 39.522838387684899 ], [ -0.629804000183553, 39.522838377983803 ], [ -0.629559435644099, 39.522779357969299 ], [ -0.629559274845652, 39.522779319164897 ], [ -0.629377463018671, 39.522735439739598 ], [ -0.621848499366144, 39.521113103187702 ], [ -0.620044069624605, 39.520814874908602 ], [ -0.616155789172397, 39.519888339323899 ], [ -0.610454220691672, 39.518701501217599 ], [ -0.607320534061263, 39.518049056762202 ], [ -0.60657168676233, 39.517852004243998 ], [ -0.606345239445504, 39.517792415902697 ], [ -0.606322247065829, 39.517786370997001 ], [ -0.606317825557981, 39.517785206782598 ], [ -0.606317664759568, 39.517785167975497 ], [ -0.606632462282892, 39.516070911125503 ], [ -0.606632874609593, 39.5160638161721 ], [ -0.606632989593955, 39.516061809238501 ], [ -0.606633524989858, 39.516052518853797 ], [ -0.606776890719329, 39.513560400004103 ], [ -0.606724130866035, 39.513415575249297 ], [ -0.606723935033301, 39.5134150346871 ], [ -0.606628092877343, 39.513151943993698 ], [ -0.604557936983192, 39.510442600218198 ], [ -0.602727193790341, 39.508215676296402 ], [ -0.599044491892588, 39.503373936165602 ], [ -0.596277696987181, 39.500133658137898 ], [ -0.596272431961327, 39.500127495244698 ], [ -0.596230327923935, 39.500000499043402 ], [ -0.596229328099033, 39.4999991487635 ], [ -0.596228779228406, 39.499999057266102 ], [ -0.596228731617693, 39.499999046868702 ], [ -0.594596098386029, 39.497804510020998 ], [ -0.588752223289545, 39.488908574721002 ], [ -0.588663689826705, 39.488258105741799 ], [ -0.588654009581216, 39.488186980108203 ], [ -0.588653903580026, 39.488186180756401 ], [ -0.588631715192485, 39.488023155089699 ], [ -0.588597305225534, 39.486006445284602 ], [ -0.588597116579343, 39.485995409307399 ], [ -0.588597724738778, 39.485994281305302 ], [ -0.588693515690768, 39.485817220809999 ], [ -0.588920033974498, 39.485398512026599 ], [ -0.589118910198642, 39.485024334212902 ], [ -0.589118972182375, 39.485024214269998 ], [ -0.5891194186451, 39.485023722018802 ], [ -0.589119432119823, 39.485023685966603 ], [ -0.589193406586837, 39.484791505961098 ], [ -0.590111562960615, 39.481909699215798 ], [ -0.590527152357137, 39.480605194900001 ], [ -0.590527961739222, 39.480605140124901 ], [ -0.59070231665103, 39.480055361785602 ], [ -0.590775574262461, 39.479824309242801 ], [ -0.591231880697555, 39.478392303020598 ], [ -0.591232065750491, 39.478392325208702 ], [ -0.617167657796648, 39.482467256699003 ], [ -0.62246202714564, 39.481305372998399 ], [ -0.639128442764106, 39.473888275188799 ], [ -0.642668762587643, 39.472320500693101 ], [ -0.645841101029765, 39.471664086993997 ], [ -0.648942814822549, 39.471033188181799 ], [ -0.649163186833105, 39.471046652917501 ], [ -0.655772707724344, 39.471531564045698 ], [ -0.658790590734826, 39.471664548828102 ], [ -0.670051512708754, 39.471755804698098 ], [ -0.670986753242631, 39.471939492849799 ], [ -0.671379614364123, 39.472016654862699 ], [ -0.676483036019687, 39.473055849791898 ], [ -0.687535068249025, 39.478411700256203 ], [ -0.688738843967404, 39.478922153813599 ], [ -0.69235745106962, 39.481642817295999 ], [ -0.693389146410509, 39.482438096326497 ], [ -0.694064523197299, 39.483109172148097 ], [ -0.694234428753516, 39.483312590188099 ], [ -0.694355324024458, 39.483457318211798 ], [ -0.69453377884722, 39.483686056154099 ], [ -0.696509488567336, 39.4861757597509 ], [ -0.696989204200426, 39.486788914343499 ], [ -0.699185694664544, 39.488228866683698 ], [ -0.702811117284839, 39.489354652019202 ], [ -0.703235447289086, 39.4895342242244 ], [ -0.703985975335921, 39.489693210159999 ], [ -0.704192144981833, 39.489787343688697 ], [ -0.704406421923182, 39.489989793812001 ], [ -0.704528926076792, 39.490154399661002 ], [ -0.704883566577913, 39.490683920287097 ], [ -0.705178892219153, 39.490896955852698 ], [ -0.705910725426593, 39.491271787689698 ], [ -0.706125260184443, 39.491465235141803 ], [ -0.706359813000079, 39.491758143279299 ], [ -0.706559827389646, 39.492041382930402 ], [ -0.707012816346393, 39.492410668934298 ], [ -0.707927037200953, 39.492897209969001 ], [ -0.708353127903145, 39.493022737711897 ], [ -0.708851319186672, 39.493077600049702 ], [ -0.709198436297301, 39.493129496703503 ], [ -0.71235311386092, 39.493020434796101 ], [ -0.713119788226685, 39.493044525981901 ], [ -0.713686826393561, 39.493127767786198 ], [ -0.714159093196319, 39.493263190962303 ], [ -0.714592142248694, 39.493532987671202 ], [ -0.714941154804566, 39.493882171295098 ], [ -0.71558772890842, 39.494732741903 ], [ -0.716049451286349, 39.495192273784099 ], [ -0.716740606981122, 39.495746430662102 ], [ -0.717175449070803, 39.495962175000699 ], [ -0.718044217866924, 39.496420692231602 ], [ -0.71976762765468, 39.497058113847601 ], [ -0.721063700776903, 39.497606080257498 ], [ -0.721930453753537, 39.4981275912656 ], [ -0.723485811209487, 39.499284210697603 ], [ -0.724309365102402, 39.499705731906403 ], [ -0.724540197994458, 39.5001156477379 ], [ -0.724561954292328, 39.500161132254902 ], [ -0.726343791404466, 39.501150963324001 ], [ -0.72662550307756, 39.501426759807003 ], [ -0.727206675337134, 39.502149823010903 ], [ -0.728153245423371, 39.503078239290502 ], [ -0.730830622923728, 39.505499952660301 ], [ -0.73226045788672, 39.506590933113301 ], [ -0.73385340444745, 39.507676048875197 ], [ -0.734744686821193, 39.508522261732999 ], [ -0.738089068809892, 39.511191042693 ], [ -0.739638907915072, 39.512176182791201 ], [ -0.741550819283727, 39.513474639951099 ], [ -0.744721394332947, 39.515779519172199 ], [ -0.748616628643752, 39.518701973134 ], [ -0.755012074714589, 39.523825821106797 ], [ -0.757731023551324, 39.526454952041497 ], [ -0.75971330804103, 39.528844619991403 ], [ -0.762268651206659, 39.532957014753002 ], [ -0.764225151352744, 39.535796532856899 ], [ -0.764858401644281, 39.536367281307399 ], [ -0.767989525381172, 39.538868976881403 ], [ -0.769423574341182, 39.539869513896399 ], [ -0.772421052119963, 39.540737905931699 ], [ -0.773880061668456, 39.541324443087703 ], [ -0.774959928268132, 39.541759541282801 ], [ -0.77744894342644, 39.542888326973099 ], [ -0.77949280203896, 39.5437472518554 ], [ -0.781045687331265, 39.544677847050004 ], [ -0.782959603739641, 39.545966660236203 ], [ -0.785560649593667, 39.547971297943 ], [ -0.787814202841276, 39.549563838706398 ], [ -0.79077005718138, 39.551764318754202 ], [ -0.791854154846051, 39.552442596992599 ], [ -0.795287234689258, 39.554642876302303 ], [ -0.795286922973865, 39.5546430009733 ], [ -0.795286869074939, 39.554643036296802 ], [ -0.794621308179267, 39.555080831823098 ], [ -0.79425670895489, 39.555200039340498 ], [ -0.79279765628727, 39.5557038748574 ], [ -0.791677223566, 39.556169081023498 ], [ -0.789229403349987, 39.5563026747515 ], [ -0.789229233568403, 39.556302671981101 ], [ -0.789228878733849, 39.556302683062697 ], [ -0.787979509921552, 39.556080702224698 ], [ -0.787979035611085, 39.5560806031826 ], [ -0.786223343066971, 39.555659753743797 ], [ -0.78500187323243, 39.555276121269003 ], [ -0.78463402839494, 39.554440268940503 ], [ -0.784166204659592, 39.5533772278878 ], [ -0.782962640943628, 39.553165043968001 ], [ -0.777403402434787, 39.552698440002601 ], [ -0.777402925429395, 39.552698412989798 ], [ -0.775990600427893, 39.552464178231098 ], [ -0.77599055371551, 39.552464167841499 ], [ -0.775235025645798, 39.552071306241501 ], [ -0.774339300204643, 39.5516937436688 ], [ -0.773565152754025, 39.551156358155502 ], [ -0.77274015077689, 39.5507531838185 ], [ -0.771098631410437, 39.550046002260203 ], [ -0.769119586245665, 39.549341298100501 ], [ -0.768305968618112, 39.548947257202997 ], [ -0.757772325393141, 39.544672213880098 ], [ -0.75412648765971, 39.543340509857501 ], [ -0.751151241387563, 39.542147767945004 ], [ -0.749547927370166, 39.5413509331444 ], [ -0.746410651071888, 39.539416170177397 ], [ -0.744773760724112, 39.538582618699699 ], [ -0.743871638379827, 39.538060654129801 ] ] ] } },
{ "type": "Feature", "properties": { "OBJECTID": 7237, "Codigo": "46214", "Texto": "Riba-roja de Túria", "Cod_Prov": "46", "Cod_CCAA": "10", "FechaId": "01012017", "NUTS_0": "ES", "NUTS_1": "ES5", "NUTS_2": "ES52", "NUTS_3": "ES523", "PAD_2C02": 21626, "PAD_2C03": 1042, "PAD_2C04": 1412, "PAD_2C05": 1466, "PAD_2C06": 1224, "PAD_2C07": 1159, "PAD_2C08": 1078, "PAD_2C09": 1278, "PAD_2C10": 1840, "PAD_2C11": 2020, "PAD_2C12": 1974, "PAD_2C13": 1851, "PAD_2C14": 1574, "PAD_2C15": 1061, "PAD_2C16": 780, "PAD_2C17": 585, "PAD_2C18": 515, "PAD_2C19": 431, "PAD_2C20": 336, "PAD_2C21": 10961, "PAD_2C22": 544, "PAD_2C23": 738, "PAD_2C24": 750, "PAD_2C25": 600, "PAD_2C26": 597, "PAD_2C27": 569, "PAD_2C28": 649, "PAD_2C29": 928, "PAD_2C30": 1031, "PAD_2C31": 1025, "PAD_2C32": 965, "PAD_2C33": 796, "PAD_2C34": 554, "PAD_2C35": 401, "PAD_2C36": 280, "PAD_2C37": 246, "PAD_2C38": 179, "PAD_2C39": 109, "PAD_2C40": 10665, "PAD_2C41": 498, "PAD_2C42": 674, "PAD_2C43": 716, "PAD_2C44": 624, "PAD_2C45": 562, "PAD_2C46": 509, "PAD_2C47": 629, "PAD_2C48": 912, "PAD_2C49": 989, "PAD_2C50": 949, "PAD_2C51": 886, "PAD_2C52": 778, "PAD_2C53": 507, "PAD_2C54": 379, "PAD_2C55": 305, "PAD_2C56": 269, "PAD_2C57": 252, "PAD_2C58": 227, "PAD_3C03": 20326, "PAD_3C04": 1300, "PAD_3C05": 547, "PAD_3C06": 17, "PAD_3C07": 43, "PAD_3C08": 71, "PAD_3C09": 55, "PAD_3C10": 15, "PAD_3C100": 26, "PAD_3C101": 7, "PAD_3C102": 4, "PAD_3C103": 10, "PAD_3C104": 6, "PAD_3C105": 2, "PAD_3C106": 1, "PAD_3C107": 27, "PAD_3C108": 16, "PAD_3C109": 69, "PAD_3C11": 9, "PAD_3C110": 48, "PAD_3C111": 15, "PAD_3C112": 0, "PAD_3C12": 33, "PAD_3C13": 247, "PAD_3C14": 50, "PAD_3C15": 14, "PAD_3C16": 22, "PAD_3C17": 262, "PAD_3C18": 36, "PAD_3C19": 209, "PAD_3C20": 6, "PAD_3C21": 0, "PAD_3C22": 266, "PAD_3C23": 24, "PAD_3C24": 8, "PAD_3C25": 22, "PAD_3C26": 39, "PAD_3C27": 10, "PAD_3C28": 9, "PAD_3C29": 16, "PAD_3C30": 9, "PAD_3C31": 4, "PAD_3C32": 2, "PAD_3C33": 49, "PAD_3C34": 22, "PAD_3C35": 175, "PAD_3C36": 106, "PAD_3C37": 59, "PAD_3C38": 0, "PAD_3C39": 10961, "PAD_3C40": 10308, "PAD_3C41": 653, "PAD_3C42": 266, "PAD_3C43": 9, "PAD_3C44": 27, "PAD_3C45": 26, "PAD_3C46": 31, "PAD_3C47": 8, "PAD_3C48": 2, "PAD_3C49": 17, "PAD_3C50": 115, "PAD_3C51": 22, "PAD_3C52": 6, "PAD_3C53": 8, "PAD_3C54": 157, "PAD_3C55": 24, "PAD_3C56": 122, "PAD_3C57": 3, "PAD_3C58": 0, "PAD_3C59": 102, "PAD_3C60": 14, "PAD_3C61": 2, "PAD_3C62": 4, "PAD_3C63": 13, "PAD_3C64": 3, "PAD_3C65": 5, "PAD_3C66": 6, "PAD_3C67": 3, "PAD_3C68": 2, "PAD_3C69": 1, "PAD_3C70": 22, "PAD_3C71": 6, "PAD_3C72": 106, "PAD_3C73": 58, "PAD_3C74": 44, "PAD_3C75": 0, "PAD_3C76": 10665, "PAD_3C77": 10018, "PAD_3C78": 647, "PAD_3C79": 281, "PAD_3C80": 8, "PAD_3C81": 16, "PAD_3C82": 45, "PAD_3C83": 24, "PAD_3C84": 7, "PAD_3C85": 7, "PAD_3C86": 16, "PAD_3C87": 132, "PAD_3C88": 28, "PAD_3C89": 8, "PAD_3C90": 14, "PAD_3C91": 105, "PAD_3C92": 12, "PAD_3C93": 87, "PAD_3C94": 3, "PAD_3C95": 0, "PAD_3C96": 164, "PAD_3C97": 10, "PAD_3C98": 6, "PAD_3C99": 18, "PAD_3_COD_PROV": "46", "PAD_3_COD_CCAA": "10", "Shape__Area": 96713099.302459702, "Shape__Length": 56434.099092556396 }, "geometry": { "type": "Polygon", "coordinates": [ [ [ -0.579810337255879, 39.5642669501771 ], [ -0.579787207433947, 39.564261837295803 ], [ -0.579784040872545, 39.564263725800203 ], [ -0.579014598797423, 39.564723218775299 ], [ -0.578558150428521, 39.564794750126197 ], [ -0.577968648989626, 39.5647645349746 ], [ -0.577965604599129, 39.564764377080998 ], [ -0.576807846877794, 39.564587033244699 ], [ -0.576214998316148, 39.564565671150902 ], [ -0.576063157880293, 39.564580486182997 ], [ -0.575741931114475, 39.564618001932502 ], [ -0.575735924080185, 39.564618708992697 ], [ -0.575635594839359, 39.5646480329385 ], [ -0.573090107090719, 39.565392247180803 ], [ -0.572053977665591, 39.565730983943297 ], [ -0.572054158226974, 39.565731339198997 ], [ -0.572053582406868, 39.565731510940502 ], [ -0.572016702072866, 39.5654604787293 ], [ -0.570522750754773, 39.564573356713197 ], [ -0.569457920156348, 39.566082612759502 ], [ -0.565296838420355, 39.565154855881502 ], [ -0.561861104953756, 39.564388688301698 ], [ -0.560218503117401, 39.5640223403188 ], [ -0.554568549137938, 39.560851723304197 ], [ -0.554302257046688, 39.5607051508293 ], [ -0.55099855257069, 39.5588868057052 ], [ -0.549271025804003, 39.557935956696497 ], [ -0.546065114624758, 39.557465227211303 ], [ -0.546045101956854, 39.557462294790597 ], [ -0.539079890433954, 39.556439317042901 ], [ -0.53907972783888, 39.556439276872197 ], [ -0.53702089161562, 39.556136805085899 ], [ -0.535219393076843, 39.555246600814698 ], [ -0.533791994344912, 39.554541218767604 ], [ -0.533354718719094, 39.5543251161006 ], [ -0.531633646347719, 39.553474572052401 ], [ -0.530414193230994, 39.5534486483457 ], [ -0.530005613388624, 39.553439957931303 ], [ -0.527081313271199, 39.552096336261698 ], [ -0.525911998723738, 39.551559036291799 ], [ -0.523723171787292, 39.5505532200538 ], [ -0.523690530603126, 39.550538187301399 ], [ -0.520857221739132, 39.549236139657999 ], [ -0.517390346376622, 39.545598778276798 ], [ -0.515947162448495, 39.544084503836999 ], [ -0.515887351718549, 39.544021748709397 ], [ -0.514598695985592, 39.542669502270599 ], [ -0.514617652234743, 39.542643066057998 ], [ -0.51465258861446, 39.542594309846798 ], [ -0.516729120750475, 39.539697092248801 ], [ -0.5184994181045, 39.5265988869536 ], [ -0.5160987603392, 39.525080826975298 ], [ -0.516082644563005, 39.525078487011598 ], [ -0.515207285725977, 39.524951997198798 ], [ -0.515068793356927, 39.522643302834602 ], [ -0.517226517024971, 39.520842584075801 ], [ -0.520847578324557, 39.517820364662299 ], [ -0.522120776746425, 39.516582142951798 ], [ -0.522146095762717, 39.516557533939597 ], [ -0.522421929758903, 39.516289284676702 ], [ -0.524056071261927, 39.514699943803002 ], [ -0.525087889671984, 39.513696375214401 ], [ -0.526711952077508, 39.510206267730098 ], [ -0.529519800889733, 39.507124216088599 ], [ -0.529250909972346, 39.500612430294801 ], [ -0.529094462077412, 39.500105151893202 ], [ -0.527944552936751, 39.4951257449925 ], [ -0.526902651835905, 39.4845180118473 ], [ -0.527036720900481, 39.483681905218198 ], [ -0.526274857911404, 39.480909467071903 ], [ -0.526678251779631, 39.481008167810899 ], [ -0.528372504049898, 39.474385872695798 ], [ -0.528669707170071, 39.473223991992903 ], [ -0.529295693684212, 39.470776739840197 ], [ -0.544749644180575, 39.469958642274001 ], [ -0.545308510373356, 39.470047595317801 ], [ -0.552135804449015, 39.471133735722802 ], [ -0.55255505627697, 39.470438977235197 ], [ -0.552555164074788, 39.470439866940403 ], [ -0.552555209888873, 39.470439868327198 ], [ -0.557244269246584, 39.470637689098098 ], [ -0.561522024171694, 39.470683255310497 ], [ -0.561589585565896, 39.470683970955498 ], [ -0.561589986214501, 39.470683979276899 ], [ -0.561623958701933, 39.468712262071698 ], [ -0.56162395960023, 39.4687122260111 ], [ -0.561623979363166, 39.468711689955597 ], [ -0.56163094579819, 39.4687123730276 ], [ -0.561663786408345, 39.468715590053797 ], [ -0.562678120908062, 39.468814909335798 ], [ -0.563290209586442, 39.4688514248435 ], [ -0.565743077436045, 39.469056245169099 ], [ -0.566072226444365, 39.469147333172998 ], [ -0.570324035329109, 39.469551705994498 ], [ -0.570506106769184, 39.469663620175098 ], [ -0.570736853422952, 39.469713465699101 ], [ -0.571485238089546, 39.469584999275398 ], [ -0.572564594446137, 39.469625555199499 ], [ -0.57256483070304, 39.4696255780838 ], [ -0.575542161964983, 39.470256423781102 ], [ -0.575546475674978, 39.470257545103799 ], [ -0.576136105572958, 39.470546985832797 ], [ -0.576780001798931, 39.470749580728402 ], [ -0.577703325282247, 39.470939988311898 ], [ -0.579466398384713, 39.471382117954903 ], [ -0.580147478575275, 39.471465007068602 ], [ -0.583256165989593, 39.472280716056602 ], [ -0.583512853293843, 39.472349150083097 ], [ -0.583716503165364, 39.472507590739198 ], [ -0.588922822345155, 39.476584303681499 ], [ -0.591173259337033, 39.478346248865499 ], [ -0.591231880697555, 39.478392303020598 ], [ -0.590775574262461, 39.479824309242801 ], [ -0.59070231665103, 39.480055361785602 ], [ -0.590527961739222, 39.480605140124901 ], [ -0.590527152357137, 39.480605194900001 ], [ -0.590111562960615, 39.481909699215798 ], [ -0.589193406586837, 39.484791505961098 ], [ -0.589119432119823, 39.485023685966603 ], [ -0.5891194186451, 39.485023722018802 ], [ -0.589118972182375, 39.485024214269998 ], [ -0.589117499843633, 39.485024269041602 ], [ -0.588630623739412, 39.485042218180197 ], [ -0.587623265556221, 39.485079354697 ], [ -0.584113395925896, 39.485208682718401 ], [ -0.58403357073142, 39.485210529002003 ], [ -0.582472796434305, 39.485246599119201 ], [ -0.576257593731984, 39.485419614924801 ], [ -0.575364512931018, 39.485444445729897 ], [ -0.573399803979857, 39.485499054750797 ], [ -0.570768843328556, 39.485572050206898 ], [ -0.569881103011968, 39.485596663259599 ], [ -0.568556977300018, 39.485559918043798 ], [ -0.567888529219008, 39.4855117512761 ], [ -0.566794170098859, 39.485432875816798 ], [ -0.566785454643953, 39.485432215788101 ], [ -0.566631879561303, 39.485420473932798 ], [ -0.565330936671914, 39.485384215325901 ], [ -0.564731524120476, 39.485317566912798 ], [ -0.564642950233467, 39.485307717770702 ], [ -0.564531855582258, 39.485295369942399 ], [ -0.563151232127158, 39.484879029840499 ], [ -0.562104647210446, 39.484226513234397 ], [ -0.562104412750171, 39.484226396063399 ], [ -0.562104658888542, 39.484234333877197 ], [ -0.562115371298296, 39.484577962208398 ], [ -0.562105984801925, 39.485155914208001 ], [ -0.562105277827775, 39.485199445060097 ], [ -0.561102694190324, 39.485241397912901 ], [ -0.560815640236224, 39.4852534088025 ], [ -0.560242654323833, 39.485277388976897 ], [ -0.560242367761259, 39.485277400763202 ], [ -0.560072331949328, 39.485455824288302 ], [ -0.559602666667631, 39.485948637765503 ], [ -0.558406442187519, 39.485948989269801 ], [ -0.557068117704214, 39.4859493608798 ], [ -0.553012474826371, 39.486224355211 ], [ -0.55199788790007, 39.486330194235002 ], [ -0.551647205376094, 39.486366773345601 ], [ -0.551107141820561, 39.486464058946602 ], [ -0.550617534837863, 39.486552253911697 ], [ -0.549536666616657, 39.486871798965097 ], [ -0.546347579984384, 39.487299881848898 ], [ -0.546341885563817, 39.487300125886499 ], [ -0.546341337591487, 39.487300150845002 ], [ -0.546329233691329, 39.487300692996797 ], [ -0.545252919928608, 39.487348828713898 ], [ -0.54494227891012, 39.487271373114503 ], [ -0.544938786260305, 39.487270502343399 ], [ -0.54340210208412, 39.486887330114598 ], [ -0.543397353589529, 39.4868861397307 ], [ -0.543383402753173, 39.486885458223803 ], [ -0.542434008363695, 39.486838744130601 ], [ -0.540765754236058, 39.486668308140501 ], [ -0.540604867765332, 39.486636413092498 ], [ -0.538377167133257, 39.486194860856699 ], [ -0.53827189266681, 39.486173993222501 ], [ -0.538180938244293, 39.486190701057701 ], [ -0.537345328960264, 39.486344182916703 ], [ -0.536820776614712, 39.486440527744797 ], [ -0.536357639390222, 39.486385642837298 ], [ -0.535750362088462, 39.486202292336898 ], [ -0.535748009400731, 39.486201580318102 ], [ -0.536070562978228, 39.486613817898103 ], [ -0.536574271714227, 39.487094127295798 ], [ -0.537510342291422, 39.487986691935198 ], [ -0.538314527608485, 39.488589323270297 ], [ -0.540141490690617, 39.490195636853201 ], [ -0.540141684726723, 39.490195564060897 ], [ -0.540142424040201, 39.490196228897197 ], [ -0.540719473930962, 39.489983245952303 ], [ -0.544062947722894, 39.492014440093499 ], [ -0.544066095419657, 39.492016352747598 ], [ -0.54509877261914, 39.491399678876597 ], [ -0.545099722138372, 39.491399145075697 ], [ -0.545687620084514, 39.492098670999603 ], [ -0.546003035648742, 39.492473960826899 ], [ -0.546006094412292, 39.492476457867198 ], [ -0.549120931693072, 39.495024351059698 ], [ -0.549122713052283, 39.495025806804399 ], [ -0.551700541049461, 39.497594047933397 ], [ -0.551805556801111, 39.497573180947597 ], [ -0.552048757698005, 39.497524860296103 ], [ -0.55232052322427, 39.497888826105203 ], [ -0.553152359584089, 39.498512666013497 ], [ -0.553911161114692, 39.499190026255803 ], [ -0.554062794938048, 39.499937256979401 ], [ -0.5540535351041, 39.5002011553335 ], [ -0.554622882839581, 39.500628074131903 ], [ -0.554623925783644, 39.5006288532391 ], [ -0.554735215369223, 39.500124450188899 ], [ -0.555162799071424, 39.499705742997101 ], [ -0.555733635315361, 39.499146771033402 ], [ -0.555733758384563, 39.499146588729602 ], [ -0.555734345882732, 39.499146064692503 ], [ -0.556725722138728, 39.499082710943703 ], [ -0.5580534518916, 39.498997825133898 ], [ -0.558055130842842, 39.4989975090473 ], [ -0.559527363592309, 39.498722861220102 ], [ -0.563437728227461, 39.497993272793302 ], [ -0.564891028982333, 39.497197086125901 ], [ -0.567065513416955, 39.4960057129517 ], [ -0.567208388666244, 39.496001864987399 ], [ -0.568356561363482, 39.495970862212999 ], [ -0.568357660901396, 39.495970831018901 ], [ -0.567475076914547, 39.497599332091198 ], [ -0.567477856302033, 39.4976036922316 ], [ -0.568288630761706, 39.498872105773401 ], [ -0.568952507316254, 39.499910669329502 ], [ -0.569142569270778, 39.5001398882671 ], [ -0.569312970697027, 39.500593895992701 ], [ -0.573260625297924, 39.5024416387988 ], [ -0.573262668965221, 39.502442546809299 ], [ -0.57479236784171, 39.503122827036599 ], [ -0.574794984634155, 39.503123990110502 ], [ -0.574796051832707, 39.503122903974202 ], [ -0.574800687139563, 39.503118185831198 ], [ -0.57555766958171, 39.502571211086902 ], [ -0.576583923826912, 39.501484494846601 ], [ -0.576749713302496, 39.501135587854002 ], [ -0.577162612244745, 39.500715562134197 ], [ -0.577303583065654, 39.500572155837197 ], [ -0.577338838347274, 39.500536282208898 ], [ -0.577619841249625, 39.500136753100897 ], [ -0.577620762022784, 39.500134168997398 ], [ -0.577631460059517, 39.500118951343097 ], [ -0.577982522570866, 39.499720880334699 ], [ -0.578177825296789, 39.499121333051697 ], [ -0.57829641728734, 39.4983851019214 ], [ -0.578832944175601, 39.497333170302099 ], [ -0.579292127016235, 39.495829222807998 ], [ -0.579436453044736, 39.495006710204201 ], [ -0.579437586718607, 39.495003538759399 ], [ -0.579437824772171, 39.4950028822877 ], [ -0.57944900700084, 39.495006507093102 ], [ -0.581169614044885, 39.495563563054702 ], [ -0.583837382266624, 39.496536359128797 ], [ -0.58490958983018, 39.496774267987497 ], [ -0.585939996986964, 39.497107794864299 ], [ -0.586209223874232, 39.497216286102898 ], [ -0.587336365214058, 39.497559776801701 ], [ -0.587383443223144, 39.497575020664101 ], [ -0.587652801264455, 39.498149569946698 ], [ -0.587664420074346, 39.498174387887701 ], [ -0.587664706636921, 39.498174984022803 ], [ -0.588171614273651, 39.498321434162101 ], [ -0.58920530567109, 39.498620063307399 ], [ -0.589207256811886, 39.4986208056987 ], [ -0.590026064905134, 39.4988179488073 ], [ -0.590537957293392, 39.498810606015397 ], [ -0.59100148618335, 39.498747385743499 ], [ -0.591968851370129, 39.498815619049701 ], [ -0.592544848435358, 39.498951234245297 ], [ -0.592892818945497, 39.498976447008197 ], [ -0.593359770416696, 39.498923067863501 ], [ -0.594067636572376, 39.498964749030399 ], [ -0.594071849671063, 39.498965478941102 ], [ -0.595858985046748, 39.499929056169996 ], [ -0.595860291197161, 39.499929786070503 ], [ -0.596228731617693, 39.499999046868702 ], [ -0.596228779228406, 39.499999057266102 ], [ -0.596229328099033, 39.4999991487635 ], [ -0.596230327923935, 39.500000499043402 ], [ -0.596272431961327, 39.500127495244698 ], [ -0.596277696987181, 39.500133658137898 ], [ -0.599044491892588, 39.503373936165602 ], [ -0.602727193790341, 39.508215676296402 ], [ -0.604557936983192, 39.510442600218198 ], [ -0.606628092877343, 39.513151943993698 ], [ -0.606723935033301, 39.5134150346871 ], [ -0.606724130866035, 39.513415575249297 ], [ -0.606776890719329, 39.513560400004103 ], [ -0.606633524989858, 39.516052518853797 ], [ -0.606632989593955, 39.516061809238501 ], [ -0.606632874609593, 39.5160638161721 ], [ -0.606632462282892, 39.516070911125503 ], [ -0.606317664759568, 39.517785167975497 ], [ -0.606317825557981, 39.517785206782598 ], [ -0.606317632420206, 39.517786274672098 ], [ -0.606317625233695, 39.517786310707301 ], [ -0.604237195307607, 39.521786194952597 ], [ -0.602077537566746, 39.531482579018402 ], [ -0.594728623246628, 39.552248145284402 ], [ -0.593695882266785, 39.554025183256101 ], [ -0.593467800914438, 39.554417616142203 ], [ -0.592365012901991, 39.556315126318999 ], [ -0.591519913815291, 39.559267881324402 ], [ -0.590657222122102, 39.5622819036913 ], [ -0.591361184199529, 39.563799914654403 ], [ -0.592506717646495, 39.566669966797299 ], [ -0.59250676974876, 39.5666699861872 ], [ -0.592741927130576, 39.566765148339897 ], [ -0.59250707607427, 39.566670547109602 ], [ -0.592503931072466, 39.566669946022401 ], [ -0.59051833179937, 39.566290017690903 ], [ -0.583476503864192, 39.564942320180897 ], [ -0.58190095587388, 39.564729335078503 ], [ -0.579819918686687, 39.564269069290702 ], [ -0.579810337255879, 39.5642669501771 ] ] ] } },
{ "type": "Feature", "properties": { "OBJECTID": 7171, "Codigo": "46148", "Texto": "Loriguilla", "Cod_Prov": "46", "Cod_CCAA": "10", "FechaId": "01012017", "NUTS_0": "ES", "NUTS_1": "ES5", "NUTS_2": "ES52", "NUTS_3": "ES523", "PAD_2C02": 1985, "PAD_2C03": 124, "PAD_2C04": 117, "PAD_2C05": 101, "PAD_2C06": 82, "PAD_2C07": 92, "PAD_2C08": 132, "PAD_2C09": 163, "PAD_2C10": 185, "PAD_2C11": 201, "PAD_2C12": 155, "PAD_2C13": 145, "PAD_2C14": 128, "PAD_2C15": 97, "PAD_2C16": 58, "PAD_2C17": 71, "PAD_2C18": 57, "PAD_2C19": 35, "PAD_2C20": 42, "PAD_2C21": 1030, "PAD_2C22": 77, "PAD_2C23": 61, "PAD_2C24": 60, "PAD_2C25": 43, "PAD_2C26": 50, "PAD_2C27": 57, "PAD_2C28": 82, "PAD_2C29": 94, "PAD_2C30": 89, "PAD_2C31": 96, "PAD_2C32": 76, "PAD_2C33": 64, "PAD_2C34": 54, "PAD_2C35": 29, "PAD_2C36": 29, "PAD_2C37": 32, "PAD_2C38": 17, "PAD_2C39": 20, "PAD_2C40": 955, "PAD_2C41": 47, "PAD_2C42": 56, "PAD_2C43": 41, "PAD_2C44": 39, "PAD_2C45": 42, "PAD_2C46": 75, "PAD_2C47": 81, "PAD_2C48": 91, "PAD_2C49": 112, "PAD_2C50": 59, "PAD_2C51": 69, "PAD_2C52": 64, "PAD_2C53": 43, "PAD_2C54": 29, "PAD_2C55": 42, "PAD_2C56": 25, "PAD_2C57": 18, "PAD_2C58": 22, "PAD_3C03": 1884, "PAD_3C04": 101, "PAD_3C05": 47, "PAD_3C06": 0, "PAD_3C07": 11, "PAD_3C08": 0, "PAD_3C09": 11, "PAD_3C10": 0, "PAD_3C100": 3, "PAD_3C101": 0, "PAD_3C102": 0, "PAD_3C103": 1, "PAD_3C104": 0, "PAD_3C105": 0, "PAD_3C106": 0, "PAD_3C107": 3, "PAD_3C108": 2, "PAD_3C109": 2, "PAD_3C11": 0, "PAD_3C110": 2, "PAD_3C111": 0, "PAD_3C112": 0, "PAD_3C12": 0, "PAD_3C13": 19, "PAD_3C14": 2, "PAD_3C15": 0, "PAD_3C16": 1, "PAD_3C17": 1, "PAD_3C18": 0, "PAD_3C19": 1, "PAD_3C20": 0, "PAD_3C21": 0, "PAD_3C22": 45, "PAD_3C23": 4, "PAD_3C24": 1, "PAD_3C25": 6, "PAD_3C26": 7, "PAD_3C27": 0, "PAD_3C28": 0, "PAD_3C29": 4, "PAD_3C30": 0, "PAD_3C31": 0, "PAD_3C32": 0, "PAD_3C33": 5, "PAD_3C34": 2, "PAD_3C35": 6, "PAD_3C36": 6, "PAD_3C37": 0, "PAD_3C38": 0, "PAD_3C39": 1030, "PAD_3C40": 984, "PAD_3C41": 46, "PAD_3C42": 23, "PAD_3C43": 0, "PAD_3C44": 6, "PAD_3C45": 0, "PAD_3C46": 6, "PAD_3C47": 0, "PAD_3C48": 0, "PAD_3C49": 0, "PAD_3C50": 8, "PAD_3C51": 0, "PAD_3C52": 0, "PAD_3C53": 0, "PAD_3C54": 1, "PAD_3C55": 0, "PAD_3C56": 1, "PAD_3C57": 0, "PAD_3C58": 0, "PAD_3C59": 18, "PAD_3C60": 1, "PAD_3C61": 0, "PAD_3C62": 3, "PAD_3C63": 4, "PAD_3C64": 0, "PAD_3C65": 0, "PAD_3C66": 3, "PAD_3C67": 0, "PAD_3C68": 0, "PAD_3C69": 0, "PAD_3C70": 2, "PAD_3C71": 0, "PAD_3C72": 4, "PAD_3C73": 4, "PAD_3C74": 0, "PAD_3C75": 0, "PAD_3C76": 955, "PAD_3C77": 900, "PAD_3C78": 55, "PAD_3C79": 24, "PAD_3C80": 0, "PAD_3C81": 5, "PAD_3C82": 0, "PAD_3C83": 5, "PAD_3C84": 0, "PAD_3C85": 0, "PAD_3C86": 0, "PAD_3C87": 11, "PAD_3C88": 2, "PAD_3C89": 0, "PAD_3C90": 1, "PAD_3C91": 0, "PAD_3C92": 0, "PAD_3C93": 0, "PAD_3C94": 0, "PAD_3C95": 0, "PAD_3C96": 27, "PAD_3C97": 3, "PAD_3C98": 1, "PAD_3C99": 3, "PAD_3_COD_PROV": "46", "PAD_3_COD_CCAA": "10", "Shape__Area": 122253508.22503699, "Shape__Length": 78484.132633675603 }, "geometry": { "type": "MultiPolygon", "coordinates": [ [ [ [ -0.567475076914547, 39.497599332091198 ], [ -0.568357660901396, 39.495970831018901 ], [ -0.568356561363482, 39.495970862212999 ], [ -0.567208388666244, 39.496001864987399 ], [ -0.567065513416955, 39.4960057129517 ], [ -0.564891028982333, 39.497197086125901 ], [ -0.563437728227461, 39.497993272793302 ], [ -0.559527363592309, 39.498722861220102 ], [ -0.558055130842842, 39.4989975090473 ], [ -0.5580534518916, 39.498997825133898 ], [ -0.556725722138728, 39.499082710943703 ], [ -0.555734345882732, 39.499146064692503 ], [ -0.555733758384563, 39.499146588729602 ], [ -0.555733635315361, 39.499146771033402 ], [ -0.555162799071424, 39.499705742997101 ], [ -0.554735215369223, 39.500124450188899 ], [ -0.554623925783644, 39.5006288532391 ], [ -0.554622882839581, 39.500628074131903 ], [ -0.5540535351041, 39.5002011553335 ], [ -0.554062794938048, 39.499937256979401 ], [ -0.553911161114692, 39.499190026255803 ], [ -0.553152359584089, 39.498512666013497 ], [ -0.55232052322427, 39.497888826105203 ], [ -0.552048757698005, 39.497524860296103 ], [ -0.551805556801111, 39.497573180947597 ], [ -0.551700541049461, 39.497594047933397 ], [ -0.549122713052283, 39.495025806804399 ], [ -0.549120931693072, 39.495024351059698 ], [ -0.546006094412292, 39.492476457867198 ], [ -0.546003035648742, 39.492473960826899 ], [ -0.545687620084514, 39.492098670999603 ], [ -0.545099722138372, 39.491399145075697 ], [ -0.54509877261914, 39.491399678876597 ], [ -0.544066095419657, 39.492016352747598 ], [ -0.544062947722894, 39.492014440093499 ], [ -0.540719473930962, 39.489983245952303 ], [ -0.540142424040201, 39.490196228897197 ], [ -0.540141684726723, 39.490195564060897 ], [ -0.540141490690617, 39.490195636853201 ], [ -0.538314527608485, 39.488589323270297 ], [ -0.537510342291422, 39.487986691935198 ], [ -0.536574271714227, 39.487094127295798 ], [ -0.536070562978228, 39.486613817898103 ], [ -0.535748009400731, 39.486201580318102 ], [ -0.535750362088462, 39.486202292336898 ], [ -0.536357639390222, 39.486385642837298 ], [ -0.536820776614712, 39.486440527744797 ], [ -0.537345328960264, 39.486344182916703 ], [ -0.538180938244293, 39.486190701057701 ], [ -0.53827189266681, 39.486173993222501 ], [ -0.538377167133257, 39.486194860856699 ], [ -0.540604867765332, 39.486636413092498 ], [ -0.540765754236058, 39.486668308140501 ], [ -0.542434008363695, 39.486838744130601 ], [ -0.543383402753173, 39.486885458223803 ], [ -0.543397353589529, 39.4868861397307 ], [ -0.54340210208412, 39.486887330114598 ], [ -0.544938786260305, 39.487270502343399 ], [ -0.54494227891012, 39.487271373114503 ], [ -0.545252919928608, 39.487348828713898 ], [ -0.546329233691329, 39.487300692996797 ], [ -0.546341337591487, 39.487300150845002 ], [ -0.546341885563817, 39.487300125886499 ], [ -0.546347579984384, 39.487299881848898 ], [ -0.549536666616657, 39.486871798965097 ], [ -0.550617534837863, 39.486552253911697 ], [ -0.551107141820561, 39.486464058946602 ], [ -0.551647205376094, 39.486366773345601 ], [ -0.55199788790007, 39.486330194235002 ], [ -0.553012474826371, 39.486224355211 ], [ -0.557068117704214, 39.4859493608798 ], [ -0.558406442187519, 39.485948989269801 ], [ -0.559602666667631, 39.485948637765503 ], [ -0.560072331949328, 39.485455824288302 ], [ -0.560242367761259, 39.485277400763202 ], [ -0.560242654323833, 39.485277388976897 ], [ -0.560815640236224, 39.4852534088025 ], [ -0.561102694190324, 39.485241397912901 ], [ -0.562105277827775, 39.485199445060097 ], [ -0.562105984801925, 39.485155914208001 ], [ -0.562115371298296, 39.484577962208398 ], [ -0.562104658888542, 39.484234333877197 ], [ -0.562104412750171, 39.484226396063399 ], [ -0.562104647210446, 39.484226513234397 ], [ -0.563151232127158, 39.484879029840499 ], [ -0.564531855582258, 39.485295369942399 ], [ -0.564642950233467, 39.485307717770702 ], [ -0.564731524120476, 39.485317566912798 ], [ -0.565330936671914, 39.485384215325901 ], [ -0.566631879561303, 39.485420473932798 ], [ -0.566785454643953, 39.485432215788101 ], [ -0.566794170098859, 39.485432875816798 ], [ -0.567888529219008, 39.4855117512761 ], [ -0.568556977300018, 39.485559918043798 ], [ -0.569881103011968, 39.485596663259599 ], [ -0.570768843328556, 39.485572050206898 ], [ -0.573399803979857, 39.485499054750797 ], [ -0.575364512931018, 39.485444445729897 ], [ -0.576257593731984, 39.485419614924801 ], [ -0.582472796434305, 39.485246599119201 ], [ -0.58403357073142, 39.485210529002003 ], [ -0.584113395925896, 39.485208682718401 ], [ -0.587623265556221, 39.485079354697 ], [ -0.588630623739412, 39.485042218180197 ], [ -0.589117499843633, 39.485024269041602 ], [ -0.589118972182375, 39.485024214269998 ], [ -0.589118910198642, 39.485024334212902 ], [ -0.588920033974498, 39.485398512026599 ], [ -0.588693515690768, 39.485817220809999 ], [ -0.588597724738778, 39.485994281305302 ], [ -0.588597116579343, 39.485995409307399 ], [ -0.588597305225534, 39.486006445284602 ], [ -0.588631715192485, 39.488023155089699 ], [ -0.588653903580026, 39.488186180756401 ], [ -0.588654009581216, 39.488186980108203 ], [ -0.588663689826705, 39.488258105741799 ], [ -0.588752223289545, 39.488908574721002 ], [ -0.594596098386029, 39.497804510020998 ], [ -0.596228731617693, 39.499999046868702 ], [ -0.595860291197161, 39.499929786070503 ], [ -0.595858985046748, 39.499929056169996 ], [ -0.594071849671063, 39.498965478941102 ], [ -0.594067636572376, 39.498964749030399 ], [ -0.593359770416696, 39.498923067863501 ], [ -0.592892818945497, 39.498976447008197 ], [ -0.592544848435358, 39.498951234245297 ], [ -0.591968851370129, 39.498815619049701 ], [ -0.59100148618335, 39.498747385743499 ], [ -0.590537957293392, 39.498810606015397 ], [ -0.590026064905134, 39.4988179488073 ], [ -0.589207256811886, 39.4986208056987 ], [ -0.58920530567109, 39.498620063307399 ], [ -0.588171614273651, 39.498321434162101 ], [ -0.587664706636921, 39.498174984022803 ], [ -0.587664420074346, 39.498174387887701 ], [ -0.587652801264455, 39.498149569946698 ], [ -0.587383443223144, 39.497575020664101 ], [ -0.587336365214058, 39.497559776801701 ], [ -0.586209223874232, 39.497216286102898 ], [ -0.585939996986964, 39.497107794864299 ], [ -0.58490958983018, 39.496774267987497 ], [ -0.583837382266624, 39.496536359128797 ], [ -0.581169614044885, 39.495563563054702 ], [ -0.57944900700084, 39.495006507093102 ], [ -0.579437824772171, 39.4950028822877 ], [ -0.579437586718607, 39.495003538759399 ], [ -0.579436453044736, 39.495006710204201 ], [ -0.579292127016235, 39.495829222807998 ], [ -0.578832944175601, 39.497333170302099 ], [ -0.57829641728734, 39.4983851019214 ], [ -0.578177825296789, 39.499121333051697 ], [ -0.577982522570866, 39.499720880334699 ], [ -0.577631460059517, 39.500118951343097 ], [ -0.577620762022784, 39.500134168997398 ], [ -0.577619841249625, 39.500136753100897 ], [ -0.577338838347274, 39.500536282208898 ], [ -0.577303583065654, 39.500572155837197 ], [ -0.577162612244745, 39.500715562134197 ], [ -0.576749713302496, 39.501135587854002 ], [ -0.576583923826912, 39.501484494846601 ], [ -0.57555766958171, 39.502571211086902 ], [ -0.574800687139563, 39.503118185831198 ], [ -0.574796051832707, 39.503122903974202 ], [ -0.574794984634155, 39.503123990110502 ], [ -0.57479236784171, 39.503122827036599 ], [ -0.573262668965221, 39.502442546809299 ], [ -0.573260625297924, 39.5024416387988 ], [ -0.569312970697027, 39.500593895992701 ], [ -0.569142569270778, 39.5001398882671 ], [ -0.568952507316254, 39.499910669329502 ], [ -0.568288630761706, 39.498872105773401 ], [ -0.567477856302033, 39.4976036922316 ], [ -0.567475076914547, 39.497599332091198 ] ] ], [ [ [ -0.901489429073673, 39.698371791718301 ], [ -0.899761755881592, 39.6976558882779 ], [ -0.899051360968383, 39.697237633946997 ], [ -0.898748900008865, 39.697092485057503 ], [ -0.897936294782607, 39.696703887247097 ], [ -0.896714712658662, 39.696222259922699 ], [ -0.895335486083816, 39.695557646712501 ], [ -0.894855527007312, 39.695233640881597 ], [ -0.894521944813083, 39.6950834903108 ], [ -0.894174152169369, 39.695014080087397 ], [ -0.893108224727955, 39.695165920130897 ], [ -0.892385062059599, 39.695170782805597 ], [ -0.891268422025476, 39.695456838809903 ], [ -0.890696464684061, 39.6954734388802 ], [ -0.892482552624131, 39.693884268860003 ], [ -0.893388924898051, 39.693225093865003 ], [ -0.895220500829145, 39.692050995156002 ], [ -0.897602428720762, 39.690418497717303 ], [ -0.897650067278571, 39.690383329198703 ], [ -0.898466174137781, 39.689623264949297 ], [ -0.900975519069301, 39.686857859747299 ], [ -0.903743772838728, 39.684006879654397 ], [ -0.904298083674694, 39.683413303269397 ], [ -0.905704356726117, 39.682024279123702 ], [ -0.906768713014075, 39.681142500973003 ], [ -0.908606330115482, 39.679364791046602 ], [ -0.908790096676514, 39.679070786021498 ], [ -0.909661472383578, 39.677627007934198 ], [ -0.909833575218963, 39.677332790168499 ], [ -0.910285081955499, 39.676665230904597 ], [ -0.911556136997092, 39.674724109263103 ], [ -0.911692157202464, 39.674465330269499 ], [ -0.911979211156564, 39.672677643901103 ], [ -0.911994974793163, 39.672542758943898 ], [ -0.912194459176743, 39.670564370803604 ], [ -0.912264666109464, 39.670169202069197 ], [ -0.912349184102944, 39.669684188839099 ], [ -0.912459476558611, 39.669118646123202 ], [ -0.912461424106119, 39.6690555941695 ], [ -0.912442993371437, 39.668505740801599 ], [ -0.912499382418471, 39.6681823700359 ], [ -0.912714826271384, 39.666834866758897 ], [ -0.912727826690145, 39.666790046086298 ], [ -0.9131478420861, 39.663680445776997 ], [ -0.913555057387546, 39.660606604992402 ], [ -0.913883394318823, 39.6586034789702 ], [ -0.914078170631981, 39.656778136968299 ], [ -0.914102223922029, 39.6552019543131 ], [ -0.914421620819626, 39.653108601066201 ], [ -0.914828098604222, 39.648890567268801 ], [ -0.917496769632843, 39.648506039878498 ], [ -0.919750960684292, 39.647951859752801 ], [ -0.926136395929608, 39.646813795142201 ], [ -0.92899799992841, 39.646207216819597 ], [ -0.930629641419979, 39.645812884794999 ], [ -0.931320047919806, 39.645717088323899 ], [ -0.932514129019643, 39.645143742705002 ], [ -0.936338084707624, 39.643914461921703 ], [ -0.937843634174342, 39.643445699226298 ], [ -0.939319999174125, 39.643174594712399 ], [ -0.940127083354588, 39.643071810848497 ], [ -0.945404841955651, 39.641534676189998 ], [ -0.946995272335277, 39.6409501510391 ], [ -0.948378457785566, 39.640280939066002 ], [ -0.949699327104604, 39.639745668175003 ], [ -0.951039574880962, 39.638949499909202 ], [ -0.953644570627292, 39.637544938715997 ], [ -0.957269775855289, 39.634329389041 ], [ -0.958350458125229, 39.633636685654402 ], [ -0.959745027026803, 39.632571058943 ], [ -0.96144335405517, 39.6314747157084 ], [ -0.963007973141728, 39.6305652497906 ], [ -0.963964723835071, 39.630122564251401 ], [ -0.965033095592387, 39.629843974802299 ], [ -0.966735631227856, 39.629396330167403 ], [ -0.968182180245044, 39.628935121896099 ], [ -0.970078612743047, 39.628229514179303 ], [ -0.972546602832122, 39.627497860031603 ], [ -0.974196051627587, 39.6268689993233 ], [ -0.975380980691295, 39.626186940874703 ], [ -0.977971510866631, 39.624844601224403 ], [ -0.981715838091166, 39.623080873085499 ], [ -0.982328947255716, 39.622830280064903 ], [ -0.986832661712427, 39.621385848724799 ], [ -0.989029938202439, 39.620739237760198 ], [ -0.990740255044933, 39.617588533049897 ], [ -0.991620057847668, 39.615765847919199 ], [ -0.993618989916217, 39.613908418061797 ], [ -0.996105851812783, 39.612095445735598 ], [ -0.997197127914893, 39.611006109003398 ], [ -0.999363523020386, 39.608583914955602 ], [ -1.00068169380031, 39.606894810101402 ], [ -1.00428224566363, 39.602785418230901 ], [ -1.00466848709981, 39.602314501148498 ], [ -1.00664179921644, 39.598888873027498 ], [ -1.00778936555087, 39.596232775246399 ], [ -1.00922010332075, 39.593851843688697 ], [ -1.0107602963164, 39.590896119285802 ], [ -1.01288155018055, 39.586346622306102 ], [ -1.01398507031996, 39.5844014382903 ], [ -1.01433127114898, 39.583695638313699 ], [ -1.01547193842204, 39.584931382753297 ], [ -1.01597789294625, 39.585561687833199 ], [ -1.01654724786827, 39.5860129140884 ], [ -1.01756173418327, 39.586667945108402 ], [ -1.01756478126869, 39.586669916078101 ], [ -1.01757771790709, 39.586676227057403 ], [ -1.01960893902021, 39.587668818022102 ], [ -1.02061740033457, 39.5880258122233 ], [ -1.0208655114228, 39.588113638710901 ], [ -1.02276711013197, 39.5888037690274 ], [ -1.02437555083471, 39.5895699291572 ], [ -1.02479849833172, 39.589847384097197 ], [ -1.02499434094513, 39.589922784897702 ], [ -1.02497018075556, 39.589958167912997 ], [ -1.02497000468576, 39.589958439972797 ], [ -1.02497081855944, 39.5899584718169 ], [ -1.02497331677423, 39.589958644882998 ], [ -1.02635325032319, 39.5900449888616 ], [ -1.02708753323645, 39.5900214532899 ], [ -1.02748223859925, 39.590064172859499 ], [ -1.02781670024414, 39.590177962130198 ], [ -1.02781887686207, 39.590179417957202 ], [ -1.02922227889784, 39.591120788831397 ], [ -1.0302820331166, 39.591654701092203 ], [ -1.03046219114516, 39.591745460181002 ], [ -1.03237634021718, 39.592823003792198 ], [ -1.03353050288073, 39.593599351987301 ], [ -1.03354232381157, 39.593608148125199 ], [ -1.03762521169365, 39.596641685135999 ], [ -1.04238149827228, 39.599776160845501 ], [ -1.04380608258243, 39.600578367664497 ], [ -1.04426165419564, 39.600834912799101 ], [ -1.0450883198527, 39.601448975189903 ], [ -1.04609831009968, 39.602199225020499 ], [ -1.04771684786622, 39.603233608053102 ], [ -1.04773437579402, 39.603244808124202 ], [ -1.04843901879448, 39.603723910891397 ], [ -1.05018009485059, 39.604907617221599 ], [ -1.05347763957869, 39.607350339937 ], [ -1.05612052895865, 39.609052380295999 ], [ -1.05694420412414, 39.609497317664598 ], [ -1.05694671761029, 39.609498665814797 ], [ -1.05710820505397, 39.6095553939859 ], [ -1.05732575006633, 39.6096459420692 ], [ -1.05929581387489, 39.6104659630453 ], [ -1.06407803391745, 39.612320609148099 ], [ -1.06544037216497, 39.612788894188498 ], [ -1.06628182498991, 39.613078112727401 ], [ -1.06707009216014, 39.613415536865801 ], [ -1.06717971087932, 39.613462459233702 ], [ -1.06647417675014, 39.614955287967199 ], [ -1.06603474606595, 39.616515575869201 ], [ -1.06579158828822, 39.616880921175301 ], [ -1.06539905864505, 39.617171707279802 ], [ -1.06467022311569, 39.617826245747601 ], [ -1.06447565790662, 39.618120327254204 ], [ -1.06431599494127, 39.619252825864002 ], [ -1.06272205574219, 39.620433547305197 ], [ -1.06195372488304, 39.621249519900402 ], [ -1.06101154486359, 39.6224501033061 ], [ -1.06156094730484, 39.6228016387685 ], [ -1.06196959541916, 39.623186879230801 ], [ -1.06220439077991, 39.623542148056501 ], [ -1.06220292293276, 39.6240106353345 ], [ -1.06235696513936, 39.625589855205298 ], [ -1.06245718837897, 39.625753657314 ], [ -1.06290082138204, 39.626139513049303 ], [ -1.06323812080493, 39.626577546842299 ], [ -1.06341222508675, 39.627021916992597 ], [ -1.06360844499257, 39.628340541717002 ], [ -1.06337620893208, 39.629147547816103 ], [ -1.06285394459557, 39.630328078297502 ], [ -1.06288668908597, 39.630824133672299 ], [ -1.06238982012254, 39.631095139925797 ], [ -1.06028341720667, 39.632672667069102 ], [ -1.05920352635251, 39.6333753293192 ], [ -1.05665302061468, 39.635413875767298 ], [ -1.05514338201678, 39.636478701166197 ], [ -1.05301900381206, 39.638272055059801 ], [ -1.05167887640998, 39.6391054761839 ], [ -1.05082700492436, 39.639163226048801 ], [ -1.05082657283469, 39.639163259945597 ], [ -1.04880926482871, 39.639228438006199 ], [ -1.04880883992559, 39.639228431088398 ], [ -1.04819813285608, 39.639812813760301 ], [ -1.04625227415284, 39.6418792297493 ], [ -1.04351967721201, 39.645391937677601 ], [ -1.04297288168169, 39.646184538680401 ], [ -1.0423240590947, 39.647290752294502 ], [ -1.04186340301699, 39.648337117181299 ], [ -1.040670640644, 39.650542301935197 ], [ -1.0401519911282, 39.650335365028702 ], [ -1.03827163398223, 39.649240470222303 ], [ -1.03520666308116, 39.647999440703103 ], [ -1.03412058103806, 39.647665709343102 ], [ -1.03119901539234, 39.647129696706799 ], [ -1.03044847117582, 39.646882692153703 ], [ -1.02987550592466, 39.646539632691898 ], [ -1.02916740620704, 39.646032090150698 ], [ -1.02777168297029, 39.6447020427781 ], [ -1.02677641700913, 39.643640074923603 ], [ -1.02567260491726, 39.6422969353086 ], [ -1.0237969459602, 39.640228913078502 ], [ -1.02337395803902, 39.639942380675997 ], [ -1.02192133012231, 39.639395064834503 ], [ -1.02085975591676, 39.639025626181798 ], [ -1.02019019122986, 39.638807057878203 ], [ -1.01953658870725, 39.638435504081698 ], [ -1.01883920768755, 39.637964096220898 ], [ -1.01835513342871, 39.637775696130298 ], [ -1.01801922280124, 39.637706879285602 ], [ -1.01757589163212, 39.6377263420137 ], [ -1.01727460207572, 39.637667131278 ], [ -1.0170458209358, 39.637519063747597 ], [ -1.0168337269006, 39.637191108078603 ], [ -1.01546260762119, 39.635834314266198 ], [ -1.01467768038717, 39.634757790711497 ], [ -1.01406400258902, 39.634215695147802 ], [ -1.01226906085353, 39.633013788312397 ], [ -1.01034121427006, 39.631980685982299 ], [ -1.00919243431168, 39.633033122296297 ], [ -1.0085344093829, 39.634039900250102 ], [ -1.00698245833851, 39.635743065744002 ], [ -1.00576196856593, 39.636857260217504 ], [ -1.00547021821954, 39.637275773681601 ], [ -1.00532976842148, 39.6377057461387 ], [ -1.00512635390857, 39.638702322246502 ], [ -1.00465352116717, 39.639342847943702 ], [ -1.0030588318748, 39.642522755839401 ], [ -1.00286392261098, 39.6432221139275 ], [ -1.00228304410049, 39.644374357046502 ], [ -1.00176223323811, 39.645059097801202 ], [ -1.00002865631797, 39.646984252279999 ], [ -0.996874648897555, 39.650875984135702 ], [ -0.995975473925714, 39.652148772735302 ], [ -0.99506178038225, 39.653115000052303 ], [ -0.993540383735602, 39.654944629282603 ], [ -0.989244747844767, 39.659591195060202 ], [ -0.987527620874111, 39.661327232062398 ], [ -0.986716697294087, 39.662358270885299 ], [ -0.983030368897551, 39.6667898662974 ], [ -0.982948115556887, 39.666887555923303 ], [ -0.982884083643414, 39.667084644131101 ], [ -0.981666393021295, 39.6676670972195 ], [ -0.981153884388762, 39.668054579908997 ], [ -0.980876943668152, 39.668356085981301 ], [ -0.980680036551112, 39.668712989792098 ], [ -0.980342506261206, 39.669094569044702 ], [ -0.979617288247492, 39.669577464298897 ], [ -0.979028444375406, 39.669783455063801 ], [ -0.977760890068468, 39.670473063703099 ], [ -0.976887620712789, 39.670836176910598 ], [ -0.975463177438109, 39.6709105083224 ], [ -0.975076017923694, 39.670993814033402 ], [ -0.969856702816727, 39.673263065860603 ], [ -0.969523305675433, 39.673500473843298 ], [ -0.969322857399568, 39.673578041036798 ], [ -0.968645177332388, 39.6736292440211 ], [ -0.96466693779098, 39.674514441055003 ], [ -0.964442926705216, 39.674600662968402 ], [ -0.963705582333483, 39.675092266107498 ], [ -0.962718588059461, 39.675750651786402 ], [ -0.96186397042405, 39.676267124044898 ], [ -0.958821387336509, 39.679024555971701 ], [ -0.957114059188991, 39.680778351673801 ], [ -0.956660756720191, 39.681914549016497 ], [ -0.955825209419928, 39.684548568915702 ], [ -0.955625999920827, 39.684977439211103 ], [ -0.955431788647977, 39.685235340258103 ], [ -0.9551571071903, 39.685455707802802 ], [ -0.954587365992692, 39.685797028343302 ], [ -0.95388083742849, 39.686424269187803 ], [ -0.953263535826487, 39.6871881707592 ], [ -0.953049991910402, 39.6877069168467 ], [ -0.95292974342647, 39.687830925234202 ], [ -0.951185124414877, 39.688466825226101 ], [ -0.950138277190112, 39.688772665676602 ], [ -0.949247964996834, 39.688910080110098 ], [ -0.947850885304039, 39.689227755927099 ], [ -0.945941986884849, 39.688716460782899 ], [ -0.942283014883656, 39.690201269822801 ], [ -0.940642730700746, 39.6920280161617 ], [ -0.940395022057784, 39.692122739227798 ], [ -0.938926164278811, 39.692105684205302 ], [ -0.938587093378217, 39.6921356993278 ], [ -0.93764207288584, 39.6925423372141 ], [ -0.936039340976728, 39.6934958320155 ], [ -0.935732030012981, 39.693634522038998 ], [ -0.934854890715039, 39.693718016695399 ], [ -0.933571719196896, 39.693731261281101 ], [ -0.931991764071823, 39.693919306336099 ], [ -0.931276183184471, 39.694059695225803 ], [ -0.929573122034566, 39.6945383467394 ], [ -0.927865596257654, 39.695016907841001 ], [ -0.927293170893984, 39.695439098931701 ], [ -0.926450288849421, 39.696324955066402 ], [ -0.924697257115177, 39.698005359070301 ], [ -0.924123450142638, 39.698350972000704 ], [ -0.923972755058783, 39.698442853938801 ], [ -0.923774832845489, 39.698479887298298 ], [ -0.923433294272768, 39.698541326136997 ], [ -0.9221898588329, 39.698392923151602 ], [ -0.920641448049037, 39.698302178138803 ], [ -0.919568574833832, 39.698323427094003 ], [ -0.918809211856177, 39.698341383261301 ], [ -0.917628196752156, 39.698446325039498 ], [ -0.916205823195888, 39.698429816228497 ], [ -0.914024172900253, 39.698453666050703 ], [ -0.912968354200743, 39.698659930104398 ], [ -0.9093481049782, 39.699207384194402 ], [ -0.908857991345706, 39.699216526316803 ], [ -0.902980798633641, 39.698804162654802 ], [ -0.902505060740631, 39.698723498296602 ], [ -0.901489429073673, 39.698371791718301 ] ] ] ] } },
{ "type": "Feature", "properties": { "OBJECTID": 7288, "Codigo": "46903", "Texto": "San Antonio de Benagéber", "Cod_Prov": "46", "Cod_CCAA": "10", "FechaId": "01012017", "NUTS_0": "ES", "NUTS_1": "ES5", "NUTS_2": "ES52", "NUTS_3": "ES523", "PAD_2C02": 8755, "PAD_2C03": 676, "PAD_2C04": 663, "PAD_2C05": 649, "PAD_2C06": 433, "PAD_2C07": 320, "PAD_2C08": 366, "PAD_2C09": 676, "PAD_2C10": 952, "PAD_2C11": 980, "PAD_2C12": 745, "PAD_2C13": 532, "PAD_2C14": 467, "PAD_2C15": 432, "PAD_2C16": 346, "PAD_2C17": 197, "PAD_2C18": 111, "PAD_2C19": 104, "PAD_2C20": 106, "PAD_2C21": 4317, "PAD_2C22": 314, "PAD_2C23": 321, "PAD_2C24": 316, "PAD_2C25": 220, "PAD_2C26": 169, "PAD_2C27": 177, "PAD_2C28": 324, "PAD_2C29": 459, "PAD_2C30": 512, "PAD_2C31": 383, "PAD_2C32": 291, "PAD_2C33": 221, "PAD_2C34": 225, "PAD_2C35": 165, "PAD_2C36": 107, "PAD_2C37": 53, "PAD_2C38": 39, "PAD_2C39": 21, "PAD_2C40": 4438, "PAD_2C41": 362, "PAD_2C42": 342, "PAD_2C43": 333, "PAD_2C44": 213, "PAD_2C45": 151, "PAD_2C46": 189, "PAD_2C47": 352, "PAD_2C48": 493, "PAD_2C49": 468, "PAD_2C50": 362, "PAD_2C51": 241, "PAD_2C52": 246, "PAD_2C53": 207, "PAD_2C54": 181, "PAD_2C55": 90, "PAD_2C56": 58, "PAD_2C57": 65, "PAD_2C58": 85, "PAD_3C03": 8276, "PAD_3C04": 479, "PAD_3C05": 195, "PAD_3C06": 15, "PAD_3C07": 3, "PAD_3C08": 46, "PAD_3C09": 53, "PAD_3C10": 4, "PAD_3C100": 11, "PAD_3C101": 13, "PAD_3C102": 2, "PAD_3C103": 1, "PAD_3C104": 4, "PAD_3C105": 0, "PAD_3C106": 5, "PAD_3C107": 7, "PAD_3C108": 17, "PAD_3C109": 38, "PAD_3C11": 15, "PAD_3C110": 33, "PAD_3C111": 0, "PAD_3C112": 0, "PAD_3C12": 17, "PAD_3C13": 19, "PAD_3C14": 45, "PAD_3C15": 19, "PAD_3C16": 17, "PAD_3C17": 8, "PAD_3C18": 1, "PAD_3C19": 3, "PAD_3C20": 0, "PAD_3C21": 0, "PAD_3C22": 141, "PAD_3C23": 23, "PAD_3C24": 2, "PAD_3C25": 3, "PAD_3C26": 16, "PAD_3C27": 18, "PAD_3C28": 4, "PAD_3C29": 3, "PAD_3C30": 6, "PAD_3C31": 1, "PAD_3C32": 10, "PAD_3C33": 11, "PAD_3C34": 27, "PAD_3C35": 87, "PAD_3C36": 75, "PAD_3C37": 1, "PAD_3C38": 3, "PAD_3C39": 4317, "PAD_3C40": 4099, "PAD_3C41": 218, "PAD_3C42": 95, "PAD_3C43": 8, "PAD_3C44": 2, "PAD_3C45": 17, "PAD_3C46": 28, "PAD_3C47": 0, "PAD_3C48": 8, "PAD_3C49": 11, "PAD_3C50": 7, "PAD_3C51": 16, "PAD_3C52": 7, "PAD_3C53": 5, "PAD_3C54": 4, "PAD_3C55": 1, "PAD_3C56": 1, "PAD_3C57": 0, "PAD_3C58": 0, "PAD_3C59": 51, "PAD_3C60": 10, "PAD_3C61": 0, "PAD_3C62": 1, "PAD_3C63": 5, "PAD_3C64": 5, "PAD_3C65": 2, "PAD_3C66": 2, "PAD_3C67": 2, "PAD_3C68": 1, "PAD_3C69": 5, "PAD_3C70": 4, "PAD_3C71": 10, "PAD_3C72": 49, "PAD_3C73": 42, "PAD_3C74": 1, "PAD_3C75": 3, "PAD_3C76": 4438, "PAD_3C77": 4177, "PAD_3C78": 261, "PAD_3C79": 100, "PAD_3C80": 7, "PAD_3C81": 1, "PAD_3C82": 29, "PAD_3C83": 25, "PAD_3C84": 4, "PAD_3C85": 7, "PAD_3C86": 6, "PAD_3C87": 12, "PAD_3C88": 29, "PAD_3C89": 12, "PAD_3C90": 12, "PAD_3C91": 4, "PAD_3C92": 0, "PAD_3C93": 2, "PAD_3C94": 0, "PAD_3C95": 0, "PAD_3C96": 90, "PAD_3C97": 13, "PAD_3C98": 2, "PAD_3C99": 2, "PAD_3_COD_PROV": "46", "PAD_3_COD_CCAA": "10", "Shape__Area": 13414384.832305901, "Shape__Length": 21068.740136865501 }, "geometry": { "type": "Polygon", "coordinates": [ [ [ -0.509970130975752, 39.585542659050297 ], [ -0.509381759617472, 39.583439967116099 ], [ -0.50763534217869, 39.5785646232234 ], [ -0.507494152168855, 39.5782823262916 ], [ -0.506708217923388, 39.577148368255799 ], [ -0.505140000185824, 39.575754271814198 ], [ -0.503891458721887, 39.574538288075203 ], [ -0.500788852003689, 39.572498551874901 ], [ -0.500382144250403, 39.572663604802798 ], [ -0.500219589608166, 39.572729569776499 ], [ -0.499830919127433, 39.572856315274997 ], [ -0.499230260612721, 39.573050579723798 ], [ -0.498807635610865, 39.573149617663503 ], [ -0.498432480283596, 39.573222608276197 ], [ -0.49819691865992, 39.573298583187899 ], [ -0.497997575311851, 39.573339347257701 ], [ -0.497639566128415, 39.573583884780298 ], [ -0.497151958795557, 39.573870687068101 ], [ -0.496712195734742, 39.574122470301802 ], [ -0.496367099833515, 39.5743312498726 ], [ -0.496105317284994, 39.5744877809949 ], [ -0.495962851667448, 39.574565781227399 ], [ -0.495721945067809, 39.5746298118545 ], [ -0.495718337433632, 39.574630770160098 ], [ -0.495680736650791, 39.574640770049903 ], [ -0.495313358937258, 39.574400021713402 ], [ -0.495112094991096, 39.5742681128851 ], [ -0.494623585749718, 39.573933249705398 ], [ -0.494339947190316, 39.573728937163096 ], [ -0.494166824767092, 39.573641268321403 ], [ -0.493894053127678, 39.573503110959003 ], [ -0.493540214822099, 39.573307115317199 ], [ -0.49340329001325, 39.573231280978298 ], [ -0.49309894798151, 39.572954433247297 ], [ -0.493084590208334, 39.5729434367015 ], [ -0.492962830758085, 39.572850237080203 ], [ -0.49274778575715, 39.572685607675503 ], [ -0.49239630283426, 39.572425748843401 ], [ -0.492148522326064, 39.572195153703603 ], [ -0.491967571085136, 39.572047130300497 ], [ -0.491855815273897, 39.571918589891702 ], [ -0.491698814915047, 39.571753001314299 ], [ -0.49159127579575, 39.571507480980998 ], [ -0.491427194017548, 39.571215629947801 ], [ -0.491032418586141, 39.570864754932103 ], [ -0.490783628371574, 39.570661186047097 ], [ -0.490687762859425, 39.570593890279099 ], [ -0.490465788254381, 39.5704380982204 ], [ -0.490412856822907, 39.5703727826711 ], [ -0.490287436737886, 39.570218023267898 ], [ -0.49023516017823, 39.570054712986902 ], [ -0.490101091113654, 39.569898694665703 ], [ -0.489978968744043, 39.5697338747486 ], [ -0.489916670579102, 39.5697380281607 ], [ -0.489570571259683, 39.5697610831253 ], [ -0.489234244712255, 39.569726817132697 ], [ -0.489082756415996, 39.5697325459059 ], [ -0.488932187994597, 39.5697112463344 ], [ -0.488817166807309, 39.569622650045503 ], [ -0.488739626926915, 39.569562928176303 ], [ -0.488511267096869, 39.569440868827897 ], [ -0.488258583583848, 39.569345326718903 ], [ -0.488222963586206, 39.569331660820502 ], [ -0.488109368923575, 39.569288060111901 ], [ -0.48782979613917, 39.569615318201201 ], [ -0.487458520635632, 39.569904595848399 ], [ -0.487444735089274, 39.569895487169802 ], [ -0.487444690173519, 39.569895458778802 ], [ -0.487377195254636, 39.569850787181302 ], [ -0.487084548389574, 39.569657148066 ], [ -0.486571769364148, 39.5693178363437 ], [ -0.486304178308995, 39.569636367821602 ], [ -0.485954520762773, 39.569971161736099 ], [ -0.485501494975079, 39.570267631874998 ], [ -0.485072960855316, 39.5705286489695 ], [ -0.484683301329478, 39.570682353759999 ], [ -0.484272950009365, 39.5707635539584 ], [ -0.483767592864824, 39.5708967581132 ], [ -0.483311016935134, 39.570967936176203 ], [ -0.482703922889716, 39.571017859312903 ], [ -0.482167595427444, 39.571042266905302 ], [ -0.482088678429733, 39.570999023886003 ], [ -0.481962121975883, 39.570929709249299 ], [ -0.481576418630529, 39.570651065788098 ], [ -0.481158449596829, 39.570299638101602 ], [ -0.481154883285152, 39.570296866874401 ], [ -0.48095465599484, 39.570142078910898 ], [ -0.480933596789651, 39.570104019104598 ], [ -0.480889099640359, 39.570023536218301 ], [ -0.480896049007405, 39.569510175950903 ], [ -0.480923642557981, 39.569069329753603 ], [ -0.480933743215045, 39.568790284104502 ], [ -0.481011681947383, 39.568566733222497 ], [ -0.481171314370028, 39.568335984673901 ], [ -0.481376237154302, 39.568142236763201 ], [ -0.481558513410283, 39.567929951203602 ], [ -0.481675555806973, 39.567590180219199 ], [ -0.48174577441779, 39.567258374678602 ], [ -0.481868680118336, 39.5667565149936 ], [ -0.481940856158161, 39.566370698810999 ], [ -0.482008417552364, 39.566110920877797 ], [ -0.48210573743698, 39.565995909986299 ], [ -0.482262430571989, 39.565846113692601 ], [ -0.482373977075771, 39.565659362147201 ], [ -0.482375605721375, 39.565614356802001 ], [ -0.482077101840671, 39.565420872057601 ], [ -0.482001727798446, 39.565372027283601 ], [ -0.481905934151498, 39.565309485313598 ], [ -0.481857464652008, 39.565277845199198 ], [ -0.481860015867431, 39.565267179841001 ], [ -0.481915455395167, 39.565036846207498 ], [ -0.481952709428329, 39.564882063814203 ], [ -0.481851419888472, 39.564662856263197 ], [ -0.481849239677283, 39.564659079276197 ], [ -0.481647999087312, 39.564310765954303 ], [ -0.48146245925191, 39.564010739168403 ], [ -0.481451628264539, 39.563993237715799 ], [ -0.481357710299898, 39.563779832797998 ], [ -0.48132939719878, 39.563653094252899 ], [ -0.481508754828391, 39.563469856925202 ], [ -0.481665470421294, 39.563332517948197 ], [ -0.481799773946145, 39.563212363173697 ], [ -0.481809322139294, 39.563005223973001 ], [ -0.481744134992387, 39.562872575998703 ], [ -0.481575702673242, 39.562710546230001 ], [ -0.481334337932816, 39.5624561009856 ], [ -0.481272486230565, 39.562396661040303 ], [ -0.481063387178519, 39.562195775823199 ], [ -0.481017659337303, 39.562148604036601 ], [ -0.480726836052283, 39.561848711253198 ], [ -0.480406491432048, 39.5615519786544 ], [ -0.480302013771259, 39.561455231721197 ], [ -0.480249866569019, 39.561419487186697 ], [ -0.479912887844698, 39.561188502240803 ], [ -0.479590319894147, 39.560916367041401 ], [ -0.4793558838595, 39.560707995850798 ], [ -0.478348717017458, 39.560144614216398 ], [ -0.477334018700084, 39.559606708255302 ], [ -0.4769064709305, 39.559380056913298 ], [ -0.476583830216418, 39.5592090210991 ], [ -0.475459040666027, 39.558581676090398 ], [ -0.475443099163002, 39.558570536671802 ], [ -0.474765395739596, 39.558096577133398 ], [ -0.474754374309375, 39.558088883234902 ], [ -0.474682714800847, 39.557869812120799 ], [ -0.474730582429082, 39.557530557689297 ], [ -0.474690037867052, 39.557162032677397 ], [ -0.474635823641324, 39.5566841143293 ], [ -0.474564011419223, 39.556482310110198 ], [ -0.4743540383064, 39.556064178803901 ], [ -0.474317715826195, 39.555991857883903 ], [ -0.474080956748221, 39.555690765203998 ], [ -0.474059675659149, 39.555663698139099 ], [ -0.473836084086596, 39.555379351335603 ], [ -0.473352738361468, 39.554933740852199 ], [ -0.472819494815565, 39.554309478122903 ], [ -0.472432358657341, 39.553858603745397 ], [ -0.472090453572004, 39.553327404949499 ], [ -0.472065475915509, 39.5532454937807 ], [ -0.471990348909986, 39.552998841262401 ], [ -0.472171094436745, 39.552677520997499 ], [ -0.472253517558994, 39.552471274313703 ], [ -0.472269776167328, 39.552430574858803 ], [ -0.4722705379387, 39.552414703727202 ], [ -0.472294080087333, 39.551929907271699 ], [ -0.47230566925282, 39.551690916286397 ], [ -0.472307466781713, 39.551653912336803 ], [ -0.472356109656009, 39.551239785233101 ], [ -0.472522272830752, 39.550901114838602 ], [ -0.472642259904929, 39.550740648133903 ], [ -0.472886693290373, 39.550695836748602 ], [ -0.473190350805859, 39.550639858321198 ], [ -0.47351488876181, 39.550716349069397 ], [ -0.473684791623104, 39.550728787093902 ], [ -0.473943241421893, 39.550758853898103 ], [ -0.474512555021417, 39.550750309297101 ], [ -0.475095522114958, 39.550856895776697 ], [ -0.475773845375861, 39.5510330757389 ], [ -0.476496107033994, 39.551249670052997 ], [ -0.477365358225389, 39.551547649162899 ], [ -0.47785882257389, 39.551734338966497 ], [ -0.478227906188177, 39.551788054330899 ], [ -0.478620369356022, 39.551726724016703 ], [ -0.478768814160082, 39.551617839977702 ], [ -0.47879170772511, 39.551601030815803 ], [ -0.478786989773221, 39.551558897762298 ], [ -0.47877860400005, 39.551484061987502 ], [ -0.480868327896041, 39.552099748217699 ], [ -0.481168575406711, 39.552054887840001 ], [ -0.482003128271954, 39.551543148337302 ], [ -0.482835023920615, 39.550889136074801 ], [ -0.483325322606044, 39.550575326914299 ], [ -0.483647038055382, 39.549956602293697 ], [ -0.48420111532937, 39.550362560210203 ], [ -0.486968537258851, 39.547502558123803 ], [ -0.487777598631292, 39.548307971095703 ], [ -0.488720102044235, 39.549079566077701 ], [ -0.488746852975067, 39.549009779294103 ], [ -0.488851471671367, 39.548669056696397 ], [ -0.489130826165178, 39.548089081053803 ], [ -0.489783297708843, 39.547402855285398 ], [ -0.490090797318814, 39.547066479062401 ], [ -0.490689825391294, 39.5468364313327 ], [ -0.491282717970398, 39.546777800924303 ], [ -0.492880406737505, 39.547012368670799 ], [ -0.495009441808645, 39.547358444197101 ], [ -0.497556132401465, 39.547899294147904 ], [ -0.498197700194228, 39.548027448923399 ], [ -0.499004222927672, 39.548187752196199 ], [ -0.49966932388593, 39.548688042265098 ], [ -0.500383669589741, 39.549360848010998 ], [ -0.500708547108862, 39.549567928908502 ], [ -0.501808761448059, 39.549777407195897 ], [ -0.502283247089548, 39.549930544973599 ], [ -0.502648121198403, 39.550052721781597 ], [ -0.503324839169892, 39.549579283114298 ], [ -0.503805383948004, 39.549833357227101 ], [ -0.504334054170783, 39.550198475875497 ], [ -0.504867878926709, 39.550788097814603 ], [ -0.505167311665411, 39.551157899998202 ], [ -0.505488321038931, 39.5513644442699 ], [ -0.506041507184164, 39.551720377993597 ], [ -0.50683436833875, 39.5522824490047 ], [ -0.506712607990203, 39.552632895797302 ], [ -0.506537620664438, 39.553851624165603 ], [ -0.506460322430863, 39.553958840323901 ], [ -0.506420262959066, 39.554014399806697 ], [ -0.503496984226107, 39.558068652204803 ], [ -0.502742839561958, 39.559114453192898 ], [ -0.501799835787398, 39.560422126010998 ], [ -0.501565663857431, 39.560746846172897 ], [ -0.501532623821287, 39.560792662196803 ], [ -0.501554680156454, 39.560798051663397 ], [ -0.507116744765163, 39.562157050277797 ], [ -0.508363969298889, 39.561980172088397 ], [ -0.510099832431407, 39.5617339613081 ], [ -0.512338981193458, 39.562652402239401 ], [ -0.512393759561164, 39.562674904145503 ], [ -0.512391884777155, 39.562680143877898 ], [ -0.512254145196338, 39.563065889872298 ], [ -0.511793643628865, 39.564355610095902 ], [ -0.511645670440315, 39.5654250811289 ], [ -0.510701693790299, 39.566881043656302 ], [ -0.510424223961998, 39.567342670855197 ], [ -0.510005436563043, 39.568321333177103 ], [ -0.509733694392969, 39.568956378339301 ], [ -0.509724333947713, 39.568978250126101 ], [ -0.511641216593139, 39.570075079013101 ], [ -0.514198332134841, 39.571282155799501 ], [ -0.514248309007361, 39.571334018955497 ], [ -0.514631310220312, 39.571486537873298 ], [ -0.519411362628082, 39.5737426589737 ], [ -0.519494550216661, 39.573781945145797 ], [ -0.518941452106343, 39.574511621659802 ], [ -0.518688153247377, 39.574845811787696 ], [ -0.520851162602543, 39.575883019064101 ], [ -0.521417965410846, 39.576052833206496 ], [ -0.521576210834672, 39.576125953703603 ], [ -0.52085684175176, 39.576693933184501 ], [ -0.520195788602189, 39.577608862201103 ], [ -0.519469047944061, 39.5800342401782 ], [ -0.519017736141962, 39.579962680930699 ], [ -0.518806880883523, 39.580442446001904 ], [ -0.517927962921329, 39.582442231728002 ], [ -0.516876548661654, 39.583205210317303 ], [ -0.516449205707942, 39.5834297649509 ], [ -0.516709603952636, 39.584988342204298 ], [ -0.516727249559755, 39.5850939539053 ], [ -0.513229705713438, 39.585224595278497 ], [ -0.51100806691291, 39.5848532051834 ], [ -0.509970282791028, 39.585543122204498 ], [ -0.509970130975752, 39.585542659050297 ] ] ] } },
{ "type": "Feature", "properties": { "OBJECTID": 7088, "Codigo": "46065", "Texto": "Beniparrell", "Cod_Prov": "46", "Cod_CCAA": "10", "FechaId": "01012017", "NUTS_0": "ES", "NUTS_1": "ES5", "NUTS_2": "ES52", "NUTS_3": "ES523", "PAD_2C02": 1964, "PAD_2C03": 93, "PAD_2C04": 88, "PAD_2C05": 114, "PAD_2C06": 96, "PAD_2C07": 82, "PAD_2C08": 120, "PAD_2C09": 129, "PAD_2C10": 156, "PAD_2C11": 188, "PAD_2C12": 191, "PAD_2C13": 153, "PAD_2C14": 133, "PAD_2C15": 95, "PAD_2C16": 101, "PAD_2C17": 86, "PAD_2C18": 50, "PAD_2C19": 55, "PAD_2C20": 34, "PAD_2C21": 1015, "PAD_2C22": 51, "PAD_2C23": 56, "PAD_2C24": 59, "PAD_2C25": 48, "PAD_2C26": 38, "PAD_2C27": 64, "PAD_2C28": 68, "PAD_2C29": 84, "PAD_2C30": 109, "PAD_2C31": 101, "PAD_2C32": 81, "PAD_2C33": 64, "PAD_2C34": 49, "PAD_2C35": 49, "PAD_2C36": 40, "PAD_2C37": 22, "PAD_2C38": 23, "PAD_2C39": 9, "PAD_2C40": 949, "PAD_2C41": 42, "PAD_2C42": 32, "PAD_2C43": 55, "PAD_2C44": 48, "PAD_2C45": 44, "PAD_2C46": 56, "PAD_2C47": 61, "PAD_2C48": 72, "PAD_2C49": 79, "PAD_2C50": 90, "PAD_2C51": 72, "PAD_2C52": 69, "PAD_2C53": 46, "PAD_2C54": 52, "PAD_2C55": 46, "PAD_2C56": 28, "PAD_2C57": 32, "PAD_2C58": 25, "PAD_3C03": 1933, "PAD_3C04": 31, "PAD_3C05": 13, "PAD_3C06": 2, "PAD_3C07": 1, "PAD_3C08": 2, "PAD_3C09": 1, "PAD_3C10": 0, "PAD_3C100": 1, "PAD_3C101": 1, "PAD_3C102": 1, "PAD_3C103": 0, "PAD_3C104": 1, "PAD_3C105": 0, "PAD_3C106": 0, "PAD_3C107": 0, "PAD_3C108": 0, "PAD_3C109": 3, "PAD_3C11": 1, "PAD_3C110": 3, "PAD_3C111": 0, "PAD_3C112": 0, "PAD_3C12": 0, "PAD_3C13": 5, "PAD_3C14": 1, "PAD_3C15": 0, "PAD_3C16": 1, "PAD_3C17": 4, "PAD_3C18": 0, "PAD_3C19": 4, "PAD_3C20": 0, "PAD_3C21": 0, "PAD_3C22": 7, "PAD_3C23": 0, "PAD_3C24": 0, "PAD_3C25": 1, "PAD_3C26": 1, "PAD_3C27": 1, "PAD_3C28": 1, "PAD_3C29": 1, "PAD_3C30": 2, "PAD_3C31": 0, "PAD_3C32": 0, "PAD_3C33": 0, "PAD_3C34": 0, "PAD_3C35": 6, "PAD_3C36": 6, "PAD_3C37": 0, "PAD_3C38": 0, "PAD_3C39": 1015, "PAD_3C40": 1000, "PAD_3C41": 15, "PAD_3C42": 8, "PAD_3C43": 2, "PAD_3C44": 1, "PAD_3C45": 1, "PAD_3C46": 0, "PAD_3C47": 0, "PAD_3C48": 1, "PAD_3C49": 0, "PAD_3C50": 2, "PAD_3C51": 0, "PAD_3C52": 0, "PAD_3C53": 0, "PAD_3C54": 2, "PAD_3C55": 0, "PAD_3C56": 2, "PAD_3C57": 0, "PAD_3C58": 0, "PAD_3C59": 2, "PAD_3C60": 0, "PAD_3C61": 0, "PAD_3C62": 0, "PAD_3C63": 0, "PAD_3C64": 0, "PAD_3C65": 0, "PAD_3C66": 1, "PAD_3C67": 1, "PAD_3C68": 0, "PAD_3C69": 0, "PAD_3C70": 0, "PAD_3C71": 0, "PAD_3C72": 3, "PAD_3C73": 3, "PAD_3C74": 0, "PAD_3C75": 0, "PAD_3C76": 949, "PAD_3C77": 933, "PAD_3C78": 16, "PAD_3C79": 5, "PAD_3C80": 0, "PAD_3C81": 0, "PAD_3C82": 1, "PAD_3C83": 1, "PAD_3C84": 0, "PAD_3C85": 0, "PAD_3C86": 0, "PAD_3C87": 3, "PAD_3C88": 1, "PAD_3C89": 0, "PAD_3C90": 1, "PAD_3C91": 2, "PAD_3C92": 0, "PAD_3C93": 2, "PAD_3C94": 0, "PAD_3C95": 0, "PAD_3C96": 5, "PAD_3C97": 0, "PAD_3C98": 0, "PAD_3C99": 1, "PAD_3_COD_PROV": "46", "PAD_3_COD_CCAA": "10", "Shape__Area": 6160175.7434234601, "Shape__Length": 11545.390264302499 }, "geometry": { "type": "Polygon", "coordinates": [ [ [ -0.392086842914627, 39.384987742906098 ], [ -0.392086183551224, 39.384987674863901 ], [ -0.392928929051861, 39.383556139928103 ], [ -0.393794133332933, 39.3812061592443 ], [ -0.393930920699559, 39.380650691845901 ], [ -0.394376809372281, 39.380210247017402 ], [ -0.395047900296885, 39.379333324951403 ], [ -0.397077111878698, 39.379422754117002 ], [ -0.40001741907617, 39.379552270076402 ], [ -0.400062564809099, 39.379554255951199 ], [ -0.400448492733261, 39.379571249065499 ], [ -0.400900146793488, 39.379599349875299 ], [ -0.401546729880479, 39.378442625928102 ], [ -0.401559828215657, 39.378441260791 ], [ -0.401579662118805, 39.3784391908654 ], [ -0.401678702277196, 39.3784288537354 ], [ -0.404390072027888, 39.378145762150197 ], [ -0.406751595586134, 39.377693908124897 ], [ -0.407154224988064, 39.377570513163 ], [ -0.407162544285884, 39.377567964782699 ], [ -0.408171602979914, 39.377590473851797 ], [ -0.410629839161672, 39.377663265115203 ], [ -0.410971800840859, 39.377709465019599 ], [ -0.411588543690768, 39.377792762118901 ], [ -0.411996445305063, 39.377747766324099 ], [ -0.411996819902553, 39.377747201793397 ], [ -0.412512241771539, 39.376984440881003 ], [ -0.412608015655551, 39.376590220089 ], [ -0.412975578422052, 39.376382164178203 ], [ -0.412975885645859, 39.376382148207099 ], [ -0.412991065377545, 39.376381937111503 ], [ -0.414195080946117, 39.376364246743996 ], [ -0.415180278589577, 39.376404191720702 ], [ -0.419178797598493, 39.376599238148103 ], [ -0.422306340650653, 39.376751701985 ], [ -0.424199223904957, 39.377045876081901 ], [ -0.425098885763658, 39.376255008139502 ], [ -0.425099954758871, 39.376255621289999 ], [ -0.425100083217956, 39.376255308812397 ], [ -0.428385117109081, 39.378138628827102 ], [ -0.428942625947447, 39.379394190790102 ], [ -0.429492500004215, 39.380226176220098 ], [ -0.430504056014742, 39.381131433755399 ], [ -0.431694503429254, 39.381590152009302 ], [ -0.430902257620613, 39.3829330241213 ], [ -0.432645286614177, 39.383521069021 ], [ -0.43299939531265, 39.383679291017401 ], [ -0.434130137100109, 39.384184508919503 ], [ -0.433644633621687, 39.3844440318586 ], [ -0.432957634431717, 39.384818001811801 ], [ -0.431051093191843, 39.3858557929981 ], [ -0.426821172657309, 39.388158037007599 ], [ -0.425946529777569, 39.388580104291599 ], [ -0.425474872032576, 39.3890921571818 ], [ -0.424889906187559, 39.390160252278598 ], [ -0.424889245925826, 39.390160200903701 ], [ -0.417457264391373, 39.389589933678401 ], [ -0.410363664749708, 39.388017761135103 ], [ -0.410087282781193, 39.3879575276667 ], [ -0.410087226187342, 39.387957656802399 ], [ -0.409800030299434, 39.388815982115098 ], [ -0.409799362851158, 39.388815966841101 ], [ -0.408177973831929, 39.388725751299603 ], [ -0.404961944029345, 39.388104513845398 ], [ -0.404495813618293, 39.387211250280302 ], [ -0.404277114270799, 39.387161310991203 ], [ -0.401378466444622, 39.386519212785601 ], [ -0.401280603079262, 39.386497530721201 ], [ -0.399816775865901, 39.386173234858198 ], [ -0.399771922085462, 39.386163296010899 ], [ -0.399256707727271, 39.386049150868502 ], [ -0.396844225437911, 39.385687019093197 ], [ -0.396647559967724, 39.3856574953342 ], [ -0.39664684940032, 39.3856573891062 ], [ -0.392087101629457, 39.384987785258801 ], [ -0.392086842914627, 39.384987742906098 ] ] ] } },
{ "type": "Feature", "properties": { "OBJECTID": 7246, "Codigo": "46223", "Texto": "Sedaví", "Cod_Prov": "46", "Cod_CCAA": "10", "FechaId": "01012017", "NUTS_0": "ES", "NUTS_1": "ES5", "NUTS_2": "ES52", "NUTS_3": "ES523", "PAD_2C02": 10179, "PAD_2C03": 505, "PAD_2C04": 619, "PAD_2C05": 532, "PAD_2C06": 446, "PAD_2C07": 427, "PAD_2C08": 517, "PAD_2C09": 605, "PAD_2C10": 991, "PAD_2C11": 903, "PAD_2C12": 775, "PAD_2C13": 748, "PAD_2C14": 678, "PAD_2C15": 615, "PAD_2C16": 549, "PAD_2C17": 433, "PAD_2C18": 295, "PAD_2C19": 289, "PAD_2C20": 252, "PAD_2C21": 4952, "PAD_2C22": 244, "PAD_2C23": 320, "PAD_2C24": 278, "PAD_2C25": 223, "PAD_2C26": 219, "PAD_2C27": 268, "PAD_2C28": 297, "PAD_2C29": 487, "PAD_2C30": 457, "PAD_2C31": 393, "PAD_2C32": 364, "PAD_2C33": 314, "PAD_2C34": 302, "PAD_2C35": 274, "PAD_2C36": 199, "PAD_2C37": 136, "PAD_2C38": 104, "PAD_2C39": 73, "PAD_2C40": 5227, "PAD_2C41": 261, "PAD_2C42": 299, "PAD_2C43": 254, "PAD_2C44": 223, "PAD_2C45": 208, "PAD_2C46": 249, "PAD_2C47": 308, "PAD_2C48": 504, "PAD_2C49": 446, "PAD_2C50": 382, "PAD_2C51": 384, "PAD_2C52": 364, "PAD_2C53": 313, "PAD_2C54": 275, "PAD_2C55": 234, "PAD_2C56": 159, "PAD_2C57": 185, "PAD_2C58": 179, "PAD_3C03": 9550, "PAD_3C04": 629, "PAD_3C05": 234, "PAD_3C06": 5, "PAD_3C07": 48, "PAD_3C08": 6, "PAD_3C09": 33, "PAD_3C10": 4, "PAD_3C100": 24, "PAD_3C101": 1, "PAD_3C102": 0, "PAD_3C103": 8, "PAD_3C104": 0, "PAD_3C105": 2, "PAD_3C106": 3, "PAD_3C107": 13, "PAD_3C108": 1, "PAD_3C109": 39, "PAD_3C11": 6, "PAD_3C110": 29, "PAD_3C111": 4, "PAD_3C112": 0, "PAD_3C12": 2, "PAD_3C13": 119, "PAD_3C14": 41, "PAD_3C15": 10, "PAD_3C16": 10, "PAD_3C17": 134, "PAD_3C18": 14, "PAD_3C19": 70, "PAD_3C20": 9, "PAD_3C21": 25, "PAD_3C22": 145, "PAD_3C23": 13, "PAD_3C24": 14, "PAD_3C25": 7, "PAD_3C26": 48, "PAD_3C27": 5, "PAD_3C28": 1, "PAD_3C29": 16, "PAD_3C30": 1, "PAD_3C31": 3, "PAD_3C32": 6, "PAD_3C33": 19, "PAD_3C34": 2, "PAD_3C35": 75, "PAD_3C36": 53, "PAD_3C37": 9, "PAD_3C38": 0, "PAD_3C39": 4952, "PAD_3C40": 4640, "PAD_3C41": 312, "PAD_3C42": 112, "PAD_3C43": 3, "PAD_3C44": 23, "PAD_3C45": 4, "PAD_3C46": 19, "PAD_3C47": 2, "PAD_3C48": 3, "PAD_3C49": 2, "PAD_3C50": 51, "PAD_3C51": 17, "PAD_3C52": 5, "PAD_3C53": 3, "PAD_3C54": 81, "PAD_3C55": 9, "PAD_3C56": 40, "PAD_3C57": 4, "PAD_3C58": 22, "PAD_3C59": 66, "PAD_3C60": 4, "PAD_3C61": 5, "PAD_3C62": 4, "PAD_3C63": 24, "PAD_3C64": 4, "PAD_3C65": 1, "PAD_3C66": 8, "PAD_3C67": 1, "PAD_3C68": 1, "PAD_3C69": 3, "PAD_3C70": 6, "PAD_3C71": 1, "PAD_3C72": 36, "PAD_3C73": 24, "PAD_3C74": 5, "PAD_3C75": 0, "PAD_3C76": 5227, "PAD_3C77": 4910, "PAD_3C78": 317, "PAD_3C79": 122, "PAD_3C80": 2, "PAD_3C81": 25, "PAD_3C82": 2, "PAD_3C83": 14, "PAD_3C84": 2, "PAD_3C85": 3, "PAD_3C86": 0, "PAD_3C87": 68, "PAD_3C88": 24, "PAD_3C89": 5, "PAD_3C90": 7, "PAD_3C91": 53, "PAD_3C92": 5, "PAD_3C93": 30, "PAD_3C94": 5, "PAD_3C95": 3, "PAD_3C96": 79, "PAD_3C97": 9, "PAD_3C98": 9, "PAD_3C99": 3, "PAD_3_COD_PROV": "46", "PAD_3_COD_CCAA": "10", "Shape__Area": 3038454.0391540499, "Shape__Length": 11376.7317596882 }, "geometry": { "type": "Polygon", "coordinates": [ [ [ -0.367717574957452, 39.4223074592391 ], [ -0.366770555713567, 39.4218937401102 ], [ -0.365935727065515, 39.421533160086398 ], [ -0.365680626186072, 39.421375540928601 ], [ -0.365488349884369, 39.421282625713303 ], [ -0.364618807638781, 39.421044365009102 ], [ -0.364655911653295, 39.420986520180001 ], [ -0.364766936235863, 39.420598642977097 ], [ -0.364908163076645, 39.420121401301202 ], [ -0.364902609691555, 39.420051684154103 ], [ -0.364863308397875, 39.4200128259209 ], [ -0.364767382698587, 39.419960082921598 ], [ -0.364353657306275, 39.419900058157502 ], [ -0.364239050242316, 39.419910133766301 ], [ -0.363947764324923, 39.419846596129503 ], [ -0.363360894949791, 39.419618145931302 ], [ -0.362645790169566, 39.419329871673099 ], [ -0.361979325568714, 39.419264141960703 ], [ -0.36188274859083, 39.419230311773298 ], [ -0.361618345656609, 39.419319213048801 ], [ -0.361058368247853, 39.419458346169797 ], [ -0.360292991947661, 39.419637086263698 ], [ -0.360111298698297, 39.419696241025598 ], [ -0.360045128794465, 39.419720052256999 ], [ -0.358948162763373, 39.4196065428672 ], [ -0.358675624685971, 39.4196952743361 ], [ -0.358494129964265, 39.419748084155998 ], [ -0.358299729146894, 39.419769792666102 ], [ -0.356798160115181, 39.419612385343299 ], [ -0.356960097614845, 39.419378638727103 ], [ -0.356994094356764, 39.419329544815099 ], [ -0.356994396190689, 39.419329088185499 ], [ -0.357014851728029, 39.41909532327 ], [ -0.356346182661466, 39.418350442851903 ], [ -0.354815631283731, 39.417054424194902 ], [ -0.354248726965823, 39.416717829875402 ], [ -0.354247682225132, 39.416717198342702 ], [ -0.354191400077652, 39.416670861870401 ], [ -0.353806728896563, 39.416400883017701 ], [ -0.353663488931253, 39.415893556154003 ], [ -0.35366336586205, 39.415893121015799 ], [ -0.353663509592519, 39.415892998177803 ], [ -0.353663732374699, 39.4158928142677 ], [ -0.354190990445875, 39.415454721105398 ], [ -0.354209012447111, 39.415450518907697 ], [ -0.355034668397767, 39.415257708202098 ], [ -0.35722934157009, 39.414840200266298 ], [ -0.357233993046628, 39.414839291806302 ], [ -0.357234344287926, 39.414839372311597 ], [ -0.358169139257409, 39.414986627342103 ], [ -0.359609505170475, 39.415595893286799 ], [ -0.360882369419056, 39.4163970486944 ], [ -0.361435935551662, 39.416745450750703 ], [ -0.363186010031961, 39.417767073311403 ], [ -0.364591299428163, 39.418384469861401 ], [ -0.365561035268949, 39.418226343920097 ], [ -0.365561303865214, 39.418226291871797 ], [ -0.366018044186574, 39.418434846904603 ], [ -0.369060490730189, 39.419683839223801 ], [ -0.372630686723427, 39.421453378682301 ], [ -0.372640824211405, 39.4214584049246 ], [ -0.372643502987583, 39.421454182270402 ], [ -0.372900110341758, 39.421049883984502 ], [ -0.374417460078048, 39.419309464906597 ], [ -0.374636137865979, 39.4190531771739 ], [ -0.375934078585701, 39.419749118853098 ], [ -0.376514440564893, 39.420068477260898 ], [ -0.377422804403812, 39.420685818035601 ], [ -0.378077468735092, 39.421130715793801 ], [ -0.379557892323328, 39.421936355674099 ], [ -0.379579970218058, 39.421948367081001 ], [ -0.380530120989026, 39.422302868850103 ], [ -0.380530043733909, 39.422303068703798 ], [ -0.380956785714662, 39.422384729700703 ], [ -0.381417403164828, 39.422420348015997 ], [ -0.381751135377705, 39.422446147828303 ], [ -0.381779392783269, 39.422449459979802 ], [ -0.382579107185178, 39.422401327249403 ], [ -0.382663888385075, 39.422396222660502 ], [ -0.382664317779788, 39.422396196290897 ], [ -0.382664509120936, 39.422396219190802 ], [ -0.382664555833318, 39.422396215027199 ], [ -0.382664888209978, 39.422396172697098 ], [ -0.383107866341204, 39.422343156702702 ], [ -0.383885812767148, 39.422351608148396 ], [ -0.384465854047776, 39.422436706148702 ], [ -0.384752370809345, 39.422478741251403 ], [ -0.385191190639107, 39.4225431487639 ], [ -0.386924445064054, 39.423095606849202 ], [ -0.386990667968481, 39.423107171860401 ], [ -0.387397409857757, 39.423178284215403 ], [ -0.387397455671842, 39.423178289766902 ], [ -0.387397600300608, 39.423178307115101 ], [ -0.387603783421243, 39.423255022163502 ], [ -0.387522281970483, 39.423592094256598 ], [ -0.387356286780697, 39.424278855897903 ], [ -0.387226650003733, 39.424815175114396 ], [ -0.387205261116809, 39.4249036362665 ], [ -0.38720196160477, 39.4249505203124 ], [ -0.387200240432698, 39.424974961900602 ], [ -0.387180526005464, 39.425254439051898 ], [ -0.387228804163772, 39.425516768707404 ], [ -0.388918218107906, 39.425826712204397 ], [ -0.389466942321123, 39.425927374310199 ], [ -0.389642906115599, 39.425970935968799 ], [ -0.390307126724902, 39.426135419877902 ], [ -0.391133513904195, 39.426403443793703 ], [ -0.391181933996345, 39.426419164689499 ], [ -0.391202738978322, 39.426425221702097 ], [ -0.391133469886771, 39.4267713677527 ], [ -0.391087954047937, 39.426998909101798 ], [ -0.391087783368022, 39.426999766055502 ], [ -0.390813108198558, 39.427586071166203 ], [ -0.389535314894037, 39.430313540281098 ], [ -0.388234583108699, 39.433089694787597 ], [ -0.383730230848148, 39.431150080014802 ], [ -0.38260640698667, 39.4304471637532 ], [ -0.378902213794058, 39.428130118328198 ], [ -0.378305110811224, 39.427756590118904 ], [ -0.37806196381329, 39.427703669794703 ], [ -0.377578027895002, 39.427598348050701 ], [ -0.37498621941703, 39.427034221829501 ], [ -0.373468582219869, 39.426556709886 ], [ -0.37276009263337, 39.426333769013098 ], [ -0.372480493797815, 39.426245791934797 ], [ -0.371439038261363, 39.425918087148098 ], [ -0.371499334081574, 39.4240363642026 ], [ -0.370461821250916, 39.423521055879696 ], [ -0.370108910905005, 39.423361233839401 ], [ -0.3687748776738, 39.422824900658497 ], [ -0.368188403557424, 39.422537888050201 ], [ -0.368018136878473, 39.422454559013303 ], [ -0.368018091962685, 39.422454536113499 ], [ -0.367717574957452, 39.4223074592391 ] ] ] } },
{ "type": "Feature", "properties": { "OBJECTID": 7101, "Codigo": "46078", "Texto": "Burjassot", "Cod_Prov": "46", "Cod_CCAA": "10", "FechaId": "01012017", "NUTS_0": "ES", "NUTS_1": "ES5", "NUTS_2": "ES52", "NUTS_3": "ES523", "PAD_2C02": 37575, "PAD_2C03": 1687, "PAD_2C04": 2119, "PAD_2C05": 2012, "PAD_2C06": 1827, "PAD_2C07": 1963, "PAD_2C08": 2177, "PAD_2C09": 2336, "PAD_2C10": 3159, "PAD_2C11": 3501, "PAD_2C12": 3052, "PAD_2C13": 2720, "PAD_2C14": 2402, "PAD_2C15": 2059, "PAD_2C16": 1846, "PAD_2C17": 1571, "PAD_2C18": 1201, "PAD_2C19": 1025, "PAD_2C20": 918, "PAD_2C21": 18106, "PAD_2C22": 886, "PAD_2C23": 1116, "PAD_2C24": 1038, "PAD_2C25": 949, "PAD_2C26": 992, "PAD_2C27": 1054, "PAD_2C28": 1136, "PAD_2C29": 1546, "PAD_2C30": 1757, "PAD_2C31": 1522, "PAD_2C32": 1337, "PAD_2C33": 1178, "PAD_2C34": 958, "PAD_2C35": 835, "PAD_2C36": 679, "PAD_2C37": 487, "PAD_2C38": 360, "PAD_2C39": 276, "PAD_2C40": 19469, "PAD_2C41": 801, "PAD_2C42": 1003, "PAD_2C43": 974, "PAD_2C44": 878, "PAD_2C45": 971, "PAD_2C46": 1123, "PAD_2C47": 1200, "PAD_2C48": 1613, "PAD_2C49": 1744, "PAD_2C50": 1530, "PAD_2C51": 1383, "PAD_2C52": 1224, "PAD_2C53": 1101, "PAD_2C54": 1011, "PAD_2C55": 892, "PAD_2C56": 714, "PAD_2C57": 665, "PAD_2C58": 642, "PAD_3C03": 34421, "PAD_3C04": 3154, "PAD_3C05": 916, "PAD_3C06": 20, "PAD_3C07": 71, "PAD_3C08": 49, "PAD_3C09": 96, "PAD_3C10": 24, "PAD_3C100": 98, "PAD_3C101": 26, "PAD_3C102": 8, "PAD_3C103": 72, "PAD_3C104": 140, "PAD_3C105": 24, "PAD_3C106": 18, "PAD_3C107": 19, "PAD_3C108": 29, "PAD_3C109": 126, "PAD_3C11": 29, "PAD_3C110": 55, "PAD_3C111": 26, "PAD_3C112": 1, "PAD_3C12": 26, "PAD_3C13": 553, "PAD_3C14": 143, "PAD_3C15": 29, "PAD_3C16": 53, "PAD_3C17": 548, "PAD_3C18": 68, "PAD_3C19": 247, "PAD_3C20": 65, "PAD_3C21": 15, "PAD_3C22": 1238, "PAD_3C23": 61, "PAD_3C24": 84, "PAD_3C25": 48, "PAD_3C26": 172, "PAD_3C27": 46, "PAD_3C28": 18, "PAD_3C29": 150, "PAD_3C30": 203, "PAD_3C31": 38, "PAD_3C32": 29, "PAD_3C33": 44, "PAD_3C34": 41, "PAD_3C35": 306, "PAD_3C36": 114, "PAD_3C37": 86, "PAD_3C38": 3, "PAD_3C39": 18106, "PAD_3C40": 16621, "PAD_3C41": 1485, "PAD_3C42": 457, "PAD_3C43": 9, "PAD_3C44": 36, "PAD_3C45": 29, "PAD_3C46": 62, "PAD_3C47": 8, "PAD_3C48": 15, "PAD_3C49": 14, "PAD_3C50": 261, "PAD_3C51": 58, "PAD_3C52": 6, "PAD_3C53": 22, "PAD_3C54": 297, "PAD_3C55": 39, "PAD_3C56": 135, "PAD_3C57": 40, "PAD_3C58": 12, "PAD_3C59": 491, "PAD_3C60": 33, "PAD_3C61": 36, "PAD_3C62": 20, "PAD_3C63": 74, "PAD_3C64": 20, "PAD_3C65": 10, "PAD_3C66": 78, "PAD_3C67": 63, "PAD_3C68": 14, "PAD_3C69": 11, "PAD_3C70": 25, "PAD_3C71": 12, "PAD_3C72": 180, "PAD_3C73": 59, "PAD_3C74": 60, "PAD_3C75": 2, "PAD_3C76": 19469, "PAD_3C77": 17800, "PAD_3C78": 1669, "PAD_3C79": 459, "PAD_3C80": 11, "PAD_3C81": 35, "PAD_3C82": 20, "PAD_3C83": 34, "PAD_3C84": 16, "PAD_3C85": 14, "PAD_3C86": 12, "PAD_3C87": 292, "PAD_3C88": 85, "PAD_3C89": 23, "PAD_3C90": 31, "PAD_3C91": 251, "PAD_3C92": 29, "PAD_3C93": 112, "PAD_3C94": 25, "PAD_3C95": 3, "PAD_3C96": 747, "PAD_3C97": 28, "PAD_3C98": 48, "PAD_3C99": 28, "PAD_3_COD_PROV": "46", "PAD_3_COD_CCAA": "10", "Shape__Area": 5912069.33776855, "Shape__Length": 11697.205962382101 }, "geometry": { "type": "Polygon", "coordinates": [ [ [ -0.414099843356305, 39.518818873863097 ], [ -0.414092411593985, 39.518817564141301 ], [ -0.414219497155525, 39.5193165129661 ], [ -0.413866116092435, 39.519226859982098 ], [ -0.413858522633337, 39.519198426015897 ], [ -0.413777305948489, 39.518893925726601 ], [ -0.413652066424851, 39.518424367936198 ], [ -0.413619355172111, 39.518324949029001 ], [ -0.413467097019639, 39.5181129822546 ], [ -0.41298106623012, 39.517457975145398 ], [ -0.412920807240856, 39.517487204680997 ], [ -0.412919968214401, 39.517509789147397 ], [ -0.412918149125945, 39.517517757117197 ], [ -0.412912885896684, 39.517527454782602 ], [ -0.412905684103054, 39.517530172678804 ], [ -0.412897053089809, 39.517531603004599 ], [ -0.412885910387012, 39.517530210100098 ], [ -0.412651723185694, 39.517410402194599 ], [ -0.412540773163285, 39.517353687993001 ], [ -0.412308078063646, 39.517232120280703 ], [ -0.412206571131492, 39.517179031661598 ], [ -0.412023879853853, 39.517083612306401 ], [ -0.411651234419474, 39.516891125263903 ], [ -0.410981164879403, 39.516550956011699 ], [ -0.410371781028317, 39.516249735866801 ], [ -0.410073366979123, 39.516102198766397 ], [ -0.409844593924045, 39.5159534070172 ], [ -0.409523869316472, 39.5156524600974 ], [ -0.409173412269634, 39.515355457174302 ], [ -0.40879003735749, 39.515025137809403 ], [ -0.408790834163149, 39.515017146684201 ], [ -0.40842320581966, 39.514727893806899 ], [ -0.407610968902679, 39.5140887928913 ], [ -0.406949289627331, 39.513575753320403 ], [ -0.406737319559628, 39.5134018207143 ], [ -0.406720222823136, 39.513421816662301 ], [ -0.406435978799257, 39.5139091586801 ], [ -0.401020134765994, 39.510643322694101 ], [ -0.401009614595686, 39.5106068540778 ], [ -0.400865610164079, 39.510107769921802 ], [ -0.400079654359081, 39.509037272985502 ], [ -0.399341511385062, 39.508873239971201 ], [ -0.396515762742474, 39.508245209131204 ], [ -0.398437258236895, 39.505351935972399 ], [ -0.397173655618923, 39.504324224794999 ], [ -0.397610815362049, 39.502056158842699 ], [ -0.397649123119006, 39.501857445937603 ], [ -0.397016159390042, 39.5013646710537 ], [ -0.397655796703243, 39.500102386180302 ], [ -0.397656566559455, 39.500100906974403 ], [ -0.397811669676401, 39.500028811245699 ], [ -0.398107731037864, 39.499891178968198 ], [ -0.399173650394438, 39.500147501944497 ], [ -0.399192218571342, 39.500143823340601 ], [ -0.399276865922272, 39.499921398106203 ], [ -0.399300749430701, 39.499915829928199 ], [ -0.399738211007786, 39.4999725223201 ], [ -0.399759512758124, 39.499895504999799 ], [ -0.400897056588906, 39.499885262819603 ], [ -0.401068306923112, 39.499880954116399 ], [ -0.401135945572431, 39.4998410667135 ], [ -0.401136677699366, 39.4998406237819 ], [ -0.401123715009816, 39.499829298871603 ], [ -0.401080584198076, 39.499786618680197 ], [ -0.401059766639706, 39.499766873892803 ], [ -0.401131586048351, 39.499682058928201 ], [ -0.401291597560004, 39.4990128780587 ], [ -0.401471047716116, 39.498990968967803 ], [ -0.40149839422999, 39.498987629957099 ], [ -0.40166011613395, 39.4989672610875 ], [ -0.401677900979952, 39.498945595979002 ], [ -0.40176153682785, 39.498937962761097 ], [ -0.401881964974834, 39.498939326925097 ], [ -0.401945689664467, 39.498940054063198 ], [ -0.401950777722227, 39.4989306629585 ], [ -0.401959856994824, 39.498913875697099 ], [ -0.401777991268917, 39.498823720173398 ], [ -0.401822442604124, 39.498769640112002 ], [ -0.40233902419813, 39.498956358870203 ], [ -0.402364684574252, 39.498965639757103 ], [ -0.403664945642344, 39.499435570980197 ], [ -0.404163821442126, 39.499615869232699 ], [ -0.40425844009267, 39.499452670734101 ], [ -0.404395506835361, 39.499216214915499 ], [ -0.404802633203594, 39.498513931754601 ], [ -0.404939086396934, 39.498278626886098 ], [ -0.40502098220812, 39.4981372840125 ], [ -0.406801339795005, 39.498728837080499 ], [ -0.408519611219297, 39.498181632315301 ], [ -0.409376964224804, 39.498577963948399 ], [ -0.411408143117093, 39.497407057945097 ], [ -0.41261880082887, 39.4980027271043 ], [ -0.411540588027617, 39.500104245238397 ], [ -0.411948245300202, 39.500821808854496 ], [ -0.411688137211371, 39.500887288305798 ], [ -0.411870329025724, 39.5013554778239 ], [ -0.411598692856841, 39.501340051799303 ], [ -0.411554018739454, 39.501381619226798 ], [ -0.411529773209928, 39.5014041818959 ], [ -0.412131788180723, 39.502303639083301 ], [ -0.412697304601549, 39.502067730841603 ], [ -0.413362502577861, 39.502406046163301 ], [ -0.413387203553216, 39.502392538978597 ], [ -0.413601067269534, 39.502500437654 ], [ -0.413637678108941, 39.502491878795098 ], [ -0.414220837441928, 39.5029220911536 ], [ -0.414388781077552, 39.502963336714501 ], [ -0.414900339292522, 39.502876254945299 ], [ -0.415516574594271, 39.503193037013901 ], [ -0.415852665783093, 39.503361297659197 ], [ -0.416612618055577, 39.503741747300701 ], [ -0.417051879856478, 39.503972558875297 ], [ -0.416957641193273, 39.504006989728801 ], [ -0.416833848855558, 39.504052195836799 ], [ -0.420710976723501, 39.505768030799899 ], [ -0.423344593693086, 39.506987835032199 ], [ -0.423606677177235, 39.507181229046303 ], [ -0.423606976316235, 39.507181473707199 ], [ -0.423683228012491, 39.507237742239298 ], [ -0.423834215947134, 39.507349154976602 ], [ -0.425112230237208, 39.508292299737498 ], [ -0.42512147929139, 39.5082991438967 ], [ -0.425498992696273, 39.508577712735097 ], [ -0.424932234803724, 39.508630132871303 ], [ -0.42506029773234, 39.508727731083702 ], [ -0.4252417448433, 39.508866993298 ], [ -0.425260277985917, 39.5088811507134 ], [ -0.425451993738931, 39.5090274833425 ], [ -0.425786174211127, 39.509281177077 ], [ -0.425825468318297, 39.509311051835198 ], [ -0.426066376714564, 39.509493881887401 ], [ -0.426270406573457, 39.509648751105601 ], [ -0.426670908764794, 39.509960370172003 ], [ -0.426920528124382, 39.510157872001301 ], [ -0.427161836270924, 39.510342997315803 ], [ -0.427378298813379, 39.510508229314802 ], [ -0.427598144411169, 39.510676068196403 ], [ -0.427704381871605, 39.510757148039403 ], [ -0.427805768429515, 39.510834224707402 ], [ -0.427929626344284, 39.510928425249503 ], [ -0.428104923588814, 39.511061753994902 ], [ -0.425496836739605, 39.5129815170719 ], [ -0.422221015970012, 39.515294319200798 ], [ -0.421574981753647, 39.515750422668098 ], [ -0.421361083003042, 39.515901431770502 ], [ -0.421194301787396, 39.5160106060777 ], [ -0.421103002411793, 39.5160703657331 ], [ -0.419676897253849, 39.517003821882902 ], [ -0.418937111261172, 39.517494763790701 ], [ -0.418705670209715, 39.517648347009498 ], [ -0.417915734867976, 39.518172541908797 ], [ -0.417422243570029, 39.518627858660103 ], [ -0.417144613841579, 39.518884027982601 ], [ -0.417079151810193, 39.519037001085898 ], [ -0.417047274194026, 39.519069371891902 ], [ -0.416655373371531, 39.520075410879102 ], [ -0.415014180093525, 39.519572245258502 ], [ -0.414553703678904, 39.519431053103702 ], [ -0.414540218169843, 39.519303891218897 ], [ -0.41445034801389, 39.518881876991898 ], [ -0.414099843356305, 39.518818873863097 ] ] ] } },
{ "type": "Feature", "properties": { "OBJECTID": 7036, "Codigo": "46013", "Texto": "Alboraya", "Cod_Prov": "46", "Cod_CCAA": "10", "FechaId": "01012017", "NUTS_0": "ES", "NUTS_1": "ES5", "NUTS_2": "ES52", "NUTS_3": "ES523", "PAD_2C02": 24031, "PAD_2C03": 1128, "PAD_2C04": 1506, "PAD_2C05": 1514, "PAD_2C06": 1255, "PAD_2C07": 988, "PAD_2C08": 1094, "PAD_2C09": 1430, "PAD_2C10": 2025, "PAD_2C11": 2381, "PAD_2C12": 2503, "PAD_2C13": 1994, "PAD_2C14": 1541, "PAD_2C15": 1265, "PAD_2C16": 1071, "PAD_2C17": 852, "PAD_2C18": 610, "PAD_2C19": 470, "PAD_2C20": 404, "PAD_2C21": 11802, "PAD_2C22": 554, "PAD_2C23": 773, "PAD_2C24": 794, "PAD_2C25": 638, "PAD_2C26": 509, "PAD_2C27": 533, "PAD_2C28": 692, "PAD_2C29": 1011, "PAD_2C30": 1160, "PAD_2C31": 1282, "PAD_2C32": 985, "PAD_2C33": 750, "PAD_2C34": 610, "PAD_2C35": 510, "PAD_2C36": 407, "PAD_2C37": 290, "PAD_2C38": 191, "PAD_2C39": 113, "PAD_2C40": 12229, "PAD_2C41": 574, "PAD_2C42": 733, "PAD_2C43": 720, "PAD_2C44": 617, "PAD_2C45": 479, "PAD_2C46": 561, "PAD_2C47": 738, "PAD_2C48": 1014, "PAD_2C49": 1221, "PAD_2C50": 1221, "PAD_2C51": 1009, "PAD_2C52": 791, "PAD_2C53": 655, "PAD_2C54": 561, "PAD_2C55": 445, "PAD_2C56": 320, "PAD_2C57": 279, "PAD_2C58": 291, "PAD_3C03": 21982, "PAD_3C04": 2049, "PAD_3C05": 748, "PAD_3C06": 39, "PAD_3C07": 37, "PAD_3C08": 67, "PAD_3C09": 220, "PAD_3C10": 20, "PAD_3C100": 62, "PAD_3C101": 16, "PAD_3C102": 3, "PAD_3C103": 14, "PAD_3C104": 13, "PAD_3C105": 5, "PAD_3C106": 2, "PAD_3C107": 21, "PAD_3C108": 29, "PAD_3C109": 99, "PAD_3C11": 18, "PAD_3C110": 65, "PAD_3C111": 12, "PAD_3C112": 0, "PAD_3C12": 38, "PAD_3C13": 211, "PAD_3C14": 513, "PAD_3C15": 110, "PAD_3C16": 343, "PAD_3C17": 139, "PAD_3C18": 69, "PAD_3C19": 46, "PAD_3C20": 8, "PAD_3C21": 5, "PAD_3C22": 430, "PAD_3C23": 56, "PAD_3C24": 15, "PAD_3C25": 27, "PAD_3C26": 111, "PAD_3C27": 24, "PAD_3C28": 10, "PAD_3C29": 29, "PAD_3C30": 18, "PAD_3C31": 9, "PAD_3C32": 3, "PAD_3C33": 30, "PAD_3C34": 46, "PAD_3C35": 219, "PAD_3C36": 130, "PAD_3C37": 24, "PAD_3C38": 0, "PAD_3C39": 11802, "PAD_3C40": 10808, "PAD_3C41": 994, "PAD_3C42": 404, "PAD_3C43": 22, "PAD_3C44": 18, "PAD_3C45": 37, "PAD_3C46": 142, "PAD_3C47": 12, "PAD_3C48": 10, "PAD_3C49": 20, "PAD_3C50": 96, "PAD_3C51": 220, "PAD_3C52": 42, "PAD_3C53": 149, "PAD_3C54": 80, "PAD_3C55": 43, "PAD_3C56": 23, "PAD_3C57": 4, "PAD_3C58": 3, "PAD_3C59": 170, "PAD_3C60": 24, "PAD_3C61": 6, "PAD_3C62": 7, "PAD_3C63": 49, "PAD_3C64": 8, "PAD_3C65": 7, "PAD_3C66": 15, "PAD_3C67": 5, "PAD_3C68": 4, "PAD_3C69": 1, "PAD_3C70": 9, "PAD_3C71": 17, "PAD_3C72": 120, "PAD_3C73": 65, "PAD_3C74": 12, "PAD_3C75": 0, "PAD_3C76": 12229, "PAD_3C77": 11174, "PAD_3C78": 1055, "PAD_3C79": 344, "PAD_3C80": 17, "PAD_3C81": 19, "PAD_3C82": 30, "PAD_3C83": 78, "PAD_3C84": 8, "PAD_3C85": 8, "PAD_3C86": 18, "PAD_3C87": 115, "PAD_3C88": 293, "PAD_3C89": 68, "PAD_3C90": 194, "PAD_3C91": 59, "PAD_3C92": 26, "PAD_3C93": 23, "PAD_3C94": 4, "PAD_3C95": 2, "PAD_3C96": 260, "PAD_3C97": 32, "PAD_3C98": 9, "PAD_3C99": 20, "PAD_3_COD_PROV": "46", "PAD_3_COD_CCAA": "10", "Shape__Area": 14025462.124969499, "Shape__Length": 18152.500256906002 }, "geometry": { "type": "Polygon", "coordinates": [ [ [ -0.335113733760046, 39.516748498703301 ], [ -0.334848424425721, 39.5166303138327 ], [ -0.334847431787328, 39.516630713691598 ], [ -0.334553066445119, 39.516749660856 ], [ -0.334250866895356, 39.517049050719997 ], [ -0.334250257837591, 39.5170494602784 ], [ -0.333999945876907, 39.517223459287699 ], [ -0.333731939800128, 39.517235330904597 ], [ -0.331288728839822, 39.516647726054998 ], [ -0.3312874873681, 39.5166478237674 ], [ -0.330938697594408, 39.516675736258797 ], [ -0.330725070135027, 39.516787914174202 ], [ -0.330459768885542, 39.517034062685298 ], [ -0.329953655359512, 39.517797176014298 ], [ -0.32967456766534, 39.517638903687001 ], [ -0.329589401088221, 39.517590619162704 ], [ -0.329587264894457, 39.517589741148598 ], [ -0.328799281591844, 39.517266211928799 ], [ -0.32768954421235, 39.517087508305899 ], [ -0.326754130303633, 39.5170838867312 ], [ -0.326747605839715, 39.517083863169503 ], [ -0.326387037356048, 39.517084608135598 ], [ -0.32590138475724, 39.517010354030397 ], [ -0.32553468527175, 39.516866751979101 ], [ -0.325321128779272, 39.516672691235101 ], [ -0.325231063688882, 39.516292247943198 ], [ -0.325373054995927, 39.515315223832403 ], [ -0.325373286761278, 39.515313566846899 ], [ -0.323479915721784, 39.515251949273598 ], [ -0.322464070255783, 39.515354667144003 ], [ -0.321690627982686, 39.515379589129303 ], [ -0.321648914712466, 39.515380932873299 ], [ -0.32110417542584, 39.515332327995203 ], [ -0.320726916244202, 39.515161491308803 ], [ -0.319608267577069, 39.514681939257102 ], [ -0.319594161332181, 39.514675892694697 ], [ -0.319047109782026, 39.5144934241737 ], [ -0.319047063967941, 39.514493408927301 ], [ -0.319043010769371, 39.5144920589291 ], [ -0.319788763372169, 39.512338149681703 ], [ -0.320188562182612, 39.511014078250298 ], [ -0.320286309665313, 39.510286648131199 ], [ -0.321014237896237, 39.507988224324002 ], [ -0.321370445059229, 39.506284754321896 ], [ -0.321416090255445, 39.505096664926 ], [ -0.321731336038088, 39.502338250979797 ], [ -0.322103591603626, 39.500518106248698 ], [ -0.322166676692758, 39.500087115838802 ], [ -0.322779236986681, 39.4971554170696 ], [ -0.322944943817265, 39.495564684662597 ], [ -0.323147971156297, 39.494234813717902 ], [ -0.323177929072733, 39.494038580982199 ], [ -0.323165881766459, 39.4934999796765 ], [ -0.323162062129868, 39.493329214093002 ], [ -0.323139383262179, 39.492317040168899 ], [ -0.323308995967609, 39.490321057859099 ], [ -0.323419188710266, 39.489873164172202 ], [ -0.323383196810092, 39.489295783115899 ], [ -0.323514025651438, 39.488614107187502 ], [ -0.323469538383614, 39.487955461656298 ], [ -0.323600581922333, 39.4857513631787 ], [ -0.323527618059986, 39.484623607341199 ], [ -0.323534338356639, 39.4846222207103 ], [ -0.323534385069021, 39.484622213083803 ], [ -0.323701326184818, 39.4845878287868 ], [ -0.323816555781233, 39.484564095888402 ], [ -0.324078384143839, 39.484510162810402 ], [ -0.324742864366236, 39.484462416159097 ], [ -0.326404039769411, 39.4844640551607 ], [ -0.326529909910412, 39.484464184811003 ], [ -0.326788822341607, 39.484464437178403 ], [ -0.327545184047893, 39.484445800813198 ], [ -0.327557520611699, 39.484450125032801 ], [ -0.327655839422887, 39.484484681340398 ], [ -0.32765691560461, 39.484485061971398 ], [ -0.328246993761908, 39.484692407775299 ], [ -0.328247103356387, 39.484692445907598 ], [ -0.329013347429109, 39.484961708745097 ], [ -0.329099352134419, 39.484991932293198 ], [ -0.330068843633461, 39.485332611706902 ], [ -0.330828800397497, 39.485870497009699 ], [ -0.331042279634891, 39.486021577978903 ], [ -0.331228348578017, 39.4860770919977 ], [ -0.331433829216088, 39.486138397110402 ], [ -0.331433875030174, 39.4861384116697 ], [ -0.331445559417087, 39.486141896197303 ], [ -0.331445686079511, 39.486141935022097 ], [ -0.331446006778075, 39.486142032777501 ], [ -0.331467616650551, 39.486148479083703 ], [ -0.33150009703627, 39.486167711230699 ], [ -0.331910960396096, 39.486410903835399 ], [ -0.333913175807003, 39.487645692746902 ], [ -0.333988663036963, 39.487692239216301 ], [ -0.333989497571867, 39.487692754327 ], [ -0.33399127623612, 39.487692298838802 ], [ -0.33541013917623, 39.487328959068201 ], [ -0.335687601818054, 39.487065068697198 ], [ -0.33568873998351, 39.487063284165799 ], [ -0.33592275111503, 39.4866920909313 ], [ -0.336262430175092, 39.4863215072047 ], [ -0.336770678996556, 39.486054913295597 ], [ -0.336772552882235, 39.486053923954699 ], [ -0.336776200042284, 39.486053119725298 ], [ -0.337405604646081, 39.485915294078303 ], [ -0.339687701861861, 39.486129723922197 ], [ -0.341027994553974, 39.4864650351089 ], [ -0.341035093041338, 39.486466805096399 ], [ -0.342088255422564, 39.486896324202903 ], [ -0.342778783194966, 39.487060138703697 ], [ -0.342778829009018, 39.487060149103101 ], [ -0.34285541757352, 39.487079281857298 ], [ -0.342855572982084, 39.487079322068197 ], [ -0.342920943385299, 39.487096022753001 ], [ -0.343654672936312, 39.487283453675701 ], [ -0.343993168915164, 39.487508915732697 ], [ -0.344328016835636, 39.4877319152056 ], [ -0.344368953961431, 39.4877591973314 ], [ -0.34462236960142, 39.4878292099893 ], [ -0.345467669910736, 39.488062776120898 ], [ -0.346359369102766, 39.488309147713998 ], [ -0.348186409440015, 39.488619697762502 ], [ -0.348196036684908, 39.488621335972802 ], [ -0.349134232676069, 39.488714820660903 ], [ -0.349936053627305, 39.4887240661715 ], [ -0.35012189978825, 39.4887283027725 ], [ -0.350525386182945, 39.488818623909197 ], [ -0.351794251131848, 39.489314936746197 ], [ -0.351797046689015, 39.4893160369637 ], [ -0.351941698805963, 39.489432686256201 ], [ -0.35420000234479, 39.491253582963502 ], [ -0.354251092229947, 39.491304113892099 ], [ -0.354251137145735, 39.491304156180199 ], [ -0.355421508111949, 39.492461574063299 ], [ -0.355499418996544, 39.492547186741199 ], [ -0.3554995977613, 39.492547385006802 ], [ -0.35595729838169, 39.493050326249801 ], [ -0.356723407707147, 39.493698353918099 ], [ -0.357718400580458, 39.494143158235197 ], [ -0.357763825689418, 39.494163470288001 ], [ -0.357761490069698, 39.494191829927097 ], [ -0.357720829624976, 39.494684973849203 ], [ -0.357731680375283, 39.494700291129703 ], [ -0.358051950435325, 39.495151960832203 ], [ -0.357606515411804, 39.495640563685598 ], [ -0.357008888711162, 39.496296086340202 ], [ -0.356499058854807, 39.496855285027102 ], [ -0.356499028312106, 39.496855486746398 ], [ -0.356398284947918, 39.497366487718303 ], [ -0.356645929810519, 39.4976935928592 ], [ -0.356802592402793, 39.497900547139103 ], [ -0.356918751755571, 39.498054017013402 ], [ -0.356945402075094, 39.498270800891099 ], [ -0.356785871162121, 39.498492405833503 ], [ -0.355214785103825, 39.500077473964602 ], [ -0.355214042197092, 39.5000782087156 ], [ -0.355831237797871, 39.500362499261897 ], [ -0.356099457673726, 39.500647860957201 ], [ -0.356225238881481, 39.501011086762603 ], [ -0.356268674222103, 39.501399447000701 ], [ -0.356233410855643, 39.501572572331703 ], [ -0.356223606642621, 39.501620743915403 ], [ -0.356219215677509, 39.501642395713503 ], [ -0.356182910265315, 39.501820924883198 ], [ -0.356242394906781, 39.5020925307482 ], [ -0.356488830636989, 39.502341399216299 ], [ -0.36004526533839, 39.503611296924703 ], [ -0.360045569867273, 39.503611398814201 ], [ -0.359370449100356, 39.504857306834701 ], [ -0.3590537633183, 39.505433591069803 ], [ -0.359052875782768, 39.505435210169999 ], [ -0.358136835839785, 39.507102048259199 ], [ -0.358108999744093, 39.507152835893599 ], [ -0.357217275399211, 39.5067452168987 ], [ -0.356965430014348, 39.507252963186502 ], [ -0.356965025772488, 39.507253507955099 ], [ -0.356634438561415, 39.507704660828999 ], [ -0.356634284949478, 39.507704868754601 ], [ -0.355193428556264, 39.507059497290498 ], [ -0.354199970005462, 39.506883724842197 ], [ -0.353610802739854, 39.506780213329897 ], [ -0.353144647175983, 39.506499357688199 ], [ -0.352544561786385, 39.506377547110901 ], [ -0.352025122651446, 39.506275633825197 ], [ -0.350913756626348, 39.5061421829203 ], [ -0.349111799048488, 39.505821835105301 ], [ -0.348278663724732, 39.505712736276799 ], [ -0.348101989362885, 39.505771747226902 ], [ -0.347944766221855, 39.505930352249202 ], [ -0.347151833202001, 39.507209482876199 ], [ -0.346966589810641, 39.507493550880298 ], [ -0.346871245321342, 39.507554399077499 ], [ -0.346680208694701, 39.507685199683799 ], [ -0.346268738073771, 39.507801926274603 ], [ -0.346147378373829, 39.507934285851803 ], [ -0.346067726554192, 39.508500020190397 ], [ -0.346086799584332, 39.508914840318901 ], [ -0.346010185867012, 39.509399574054001 ], [ -0.345871427596621, 39.509684667158503 ], [ -0.345670781691395, 39.509761153139003 ], [ -0.345207056070372, 39.509723564759298 ], [ -0.344913801045875, 39.509788911764801 ], [ -0.344650975553324, 39.509972094021599 ], [ -0.343983421296026, 39.510704570105098 ], [ -0.343747637788433, 39.510789255184697 ], [ -0.342933214372084, 39.510797702826103 ], [ -0.341343681409425, 39.510698266766099 ], [ -0.340612369224835, 39.510663487848603 ], [ -0.338580625292237, 39.510571975314399 ], [ -0.338136201771714, 39.511246429883798 ], [ -0.337879732758125, 39.511871168667497 ], [ -0.337067022428974, 39.513357001161701 ], [ -0.336343273160781, 39.514340377999503 ], [ -0.335920043592745, 39.514763078875497 ], [ -0.335605855127186, 39.515071203014102 ], [ -0.335773617303129, 39.515246227782598 ], [ -0.336481028911278, 39.515604743843703 ], [ -0.339120528049357, 39.515926481765199 ], [ -0.338931994129096, 39.5169041043413 ], [ -0.338645059650943, 39.517717310875 ], [ -0.338450685783018, 39.518243753974701 ], [ -0.338450471085679, 39.518244358253398 ], [ -0.338448395079053, 39.518242724206097 ], [ -0.338213306867513, 39.518058800783102 ], [ -0.337364384550967, 39.517751032923996 ], [ -0.335113733760046, 39.516748498703301 ] ] ] } },
{ "type": "Feature", "properties": { "OBJECTID": 7192, "Codigo": "46169", "Texto": "Mislata", "Cod_Prov": "46", "Cod_CCAA": "10", "FechaId": "01012017", "NUTS_0": "ES", "NUTS_1": "ES5", "NUTS_2": "ES52", "NUTS_3": "ES523", "PAD_2C02": 43042, "PAD_2C03": 1793, "PAD_2C04": 2221, "PAD_2C05": 2240, "PAD_2C06": 2077, "PAD_2C07": 2140, "PAD_2C08": 2407, "PAD_2C09": 2760, "PAD_2C10": 3480, "PAD_2C11": 3675, "PAD_2C12": 3503, "PAD_2C13": 3186, "PAD_2C14": 3146, "PAD_2C15": 2705, "PAD_2C16": 2385, "PAD_2C17": 1910, "PAD_2C18": 1406, "PAD_2C19": 1104, "PAD_2C20": 904, "PAD_2C21": 20878, "PAD_2C22": 922, "PAD_2C23": 1128, "PAD_2C24": 1146, "PAD_2C25": 1095, "PAD_2C26": 1134, "PAD_2C27": 1217, "PAD_2C28": 1394, "PAD_2C29": 1742, "PAD_2C30": 1800, "PAD_2C31": 1748, "PAD_2C32": 1529, "PAD_2C33": 1453, "PAD_2C34": 1282, "PAD_2C35": 1068, "PAD_2C36": 865, "PAD_2C37": 623, "PAD_2C38": 437, "PAD_2C39": 295, "PAD_2C40": 22164, "PAD_2C41": 871, "PAD_2C42": 1093, "PAD_2C43": 1094, "PAD_2C44": 982, "PAD_2C45": 1006, "PAD_2C46": 1190, "PAD_2C47": 1366, "PAD_2C48": 1738, "PAD_2C49": 1875, "PAD_2C50": 1755, "PAD_2C51": 1657, "PAD_2C52": 1693, "PAD_2C53": 1423, "PAD_2C54": 1317, "PAD_2C55": 1045, "PAD_2C56": 783, "PAD_2C57": 667, "PAD_2C58": 609, "PAD_3C03": 38861, "PAD_3C04": 4181, "PAD_3C05": 1020, "PAD_3C06": 37, "PAD_3C07": 147, "PAD_3C08": 45, "PAD_3C09": 128, "PAD_3C10": 22, "PAD_3C100": 161, "PAD_3C101": 19, "PAD_3C102": 8, "PAD_3C103": 73, "PAD_3C104": 51, "PAD_3C105": 3, "PAD_3C106": 5, "PAD_3C107": 24, "PAD_3C108": 52, "PAD_3C109": 280, "PAD_3C11": 33, "PAD_3C110": 91, "PAD_3C111": 92, "PAD_3C112": 17, "PAD_3C12": 24, "PAD_3C13": 543, "PAD_3C14": 652, "PAD_3C15": 86, "PAD_3C16": 271, "PAD_3C17": 559, "PAD_3C18": 162, "PAD_3C19": 146, "PAD_3C20": 74, "PAD_3C21": 25, "PAD_3C22": 1100, "PAD_3C23": 56, "PAD_3C24": 161, "PAD_3C25": 40, "PAD_3C26": 301, "PAD_3C27": 27, "PAD_3C28": 13, "PAD_3C29": 165, "PAD_3C30": 86, "PAD_3C31": 6, "PAD_3C32": 9, "PAD_3C33": 45, "PAD_3C34": 81, "PAD_3C35": 789, "PAD_3C36": 197, "PAD_3C37": 340, "PAD_3C38": 61, "PAD_3C39": 20878, "PAD_3C40": 18732, "PAD_3C41": 2146, "PAD_3C42": 489, "PAD_3C43": 16, "PAD_3C44": 61, "PAD_3C45": 20, "PAD_3C46": 83, "PAD_3C47": 7, "PAD_3C48": 18, "PAD_3C49": 12, "PAD_3C50": 247, "PAD_3C51": 296, "PAD_3C52": 31, "PAD_3C53": 130, "PAD_3C54": 322, "PAD_3C55": 93, "PAD_3C56": 73, "PAD_3C57": 39, "PAD_3C58": 15, "PAD_3C59": 486, "PAD_3C60": 30, "PAD_3C61": 61, "PAD_3C62": 18, "PAD_3C63": 140, "PAD_3C64": 8, "PAD_3C65": 5, "PAD_3C66": 92, "PAD_3C67": 35, "PAD_3C68": 3, "PAD_3C69": 4, "PAD_3C70": 21, "PAD_3C71": 29, "PAD_3C72": 509, "PAD_3C73": 106, "PAD_3C74": 248, "PAD_3C75": 44, "PAD_3C76": 22164, "PAD_3C77": 20129, "PAD_3C78": 2035, "PAD_3C79": 531, "PAD_3C80": 21, "PAD_3C81": 86, "PAD_3C82": 25, "PAD_3C83": 45, "PAD_3C84": 15, "PAD_3C85": 15, "PAD_3C86": 12, "PAD_3C87": 296, "PAD_3C88": 356, "PAD_3C89": 55, "PAD_3C90": 141, "PAD_3C91": 237, "PAD_3C92": 69, "PAD_3C93": 73, "PAD_3C94": 35, "PAD_3C95": 10, "PAD_3C96": 614, "PAD_3C97": 26, "PAD_3C98": 100, "PAD_3C99": 22, "PAD_3_COD_PROV": "46", "PAD_3_COD_CCAA": "10", "Shape__Area": 3937379.9146423298, "Shape__Length": 10491.674968498701 }, "geometry": { "type": "Polygon", "coordinates": [ [ [ -0.413226383557809, 39.4789174277877 ], [ -0.413072537183935, 39.478745367223297 ], [ -0.412987563744559, 39.478648531918999 ], [ -0.41291092397609, 39.478558006894701 ], [ -0.412869542184232, 39.478514541916603 ], [ -0.412812120972966, 39.4784643858249 ], [ -0.412750180337469, 39.478416678705798 ], [ -0.412679002325953, 39.478363843331401 ], [ -0.412570203768625, 39.4782892600997 ], [ -0.412525308665652, 39.4782544587245 ], [ -0.41248669817644, 39.478220888080202 ], [ -0.412461214768446, 39.478196816720001 ], [ -0.412442351045797, 39.478179014197899 ], [ -0.412356829634125, 39.478093071808303 ], [ -0.412341826870567, 39.478073971944298 ], [ -0.412333857915682, 39.478057674027397 ], [ -0.412329033962602, 39.478040110686102 ], [ -0.41232481008415, 39.478003891914597 ], [ -0.412323902785715, 39.477968003173899 ], [ -0.412329521747793, 39.477913994949098 ], [ -0.412348830136539, 39.477838932107403 ], [ -0.412352284158778, 39.4778074011966 ], [ -0.412353377408479, 39.477775416798501 ], [ -0.412351577184663, 39.477748256258501 ], [ -0.412347534765891, 39.477726224671301 ], [ -0.412342453894641, 39.4777091570162 ], [ -0.412333374622077, 39.47768816272 ], [ -0.412319144409656, 39.477663657809899 ], [ -0.412302039588324, 39.477639605671797 ], [ -0.412236909035267, 39.477558526717999 ], [ -0.412077408664995, 39.4773810827975 ], [ -0.412005662918213, 39.477293616740802 ], [ -0.411930381402455, 39.477192234940503 ], [ -0.411895065035366, 39.477140526088299 ], [ -0.411861582129786, 39.477088161250101 ], [ -0.411799837327056, 39.476981324238402 ], [ -0.411742629016502, 39.476872836094401 ], [ -0.411709980645826, 39.476805633130702 ], [ -0.411585346586664, 39.476534300131902 ], [ -0.411508889176206, 39.476373667801901 ], [ -0.411436290029881, 39.476230870022697 ], [ -0.411419941590038, 39.476201870677698 ], [ -0.411400627811409, 39.476174432856801 ], [ -0.411387886107412, 39.476159739022101 ], [ -0.41136996920907, 39.476142141918501 ], [ -0.411338150881712, 39.476115568744198 ], [ -0.411299069675287, 39.476088293144997 ], [ -0.411261944999541, 39.476067358685498 ], [ -0.411210883860491, 39.476046055330301 ], [ -0.411110054258048, 39.4760097266565 ], [ -0.41085982224744, 39.475908969820701 ], [ -0.410755289789395, 39.475874834308001 ], [ -0.410707520077544, 39.475858508833198 ], [ -0.410705685717737, 39.475857972139401 ], [ -0.410681706987848, 39.475849762248998 ], [ -0.410588649609259, 39.475816969135998 ], [ -0.410541302105577, 39.475802112276 ], [ -0.410499868211421, 39.475790856257497 ], [ -0.410350986826105, 39.475755933673497 ], [ -0.410305542852506, 39.475746341123603 ], [ -0.410281365594958, 39.475739567953198 ], [ -0.410261732016096, 39.475731120904697 ], [ -0.410240750066024, 39.475719050124702 ], [ -0.410227939191751, 39.475710184257501 ], [ -0.410210411263919, 39.475694941841802 ], [ -0.410200370793994, 39.475683258668603 ], [ -0.410193625344522, 39.475671302985504 ], [ -0.41019103370493, 39.475661555794701 ], [ -0.410190555801207, 39.475646235013599 ], [ -0.410195197396276, 39.475622519172802 ], [ -0.410213600283181, 39.475567984912203 ], [ -0.410223905756117, 39.475525058229202 ], [ -0.41024137439514, 39.475465007841599 ], [ -0.410248364186356, 39.4754293903 ], [ -0.410249974865685, 39.475402560986097 ], [ -0.410248330948696, 39.475333964238601 ], [ -0.410253127054, 39.475232927673702 ], [ -0.410250615364482, 39.475131325832699 ], [ -0.410246954729677, 39.475091352809102 ], [ -0.41024167263581, 39.475059186875399 ], [ -0.410234404366861, 39.475029264111797 ], [ -0.410225192143627, 39.4750016809055 ], [ -0.410211540446237, 39.4749692202303 ], [ -0.410194520066565, 39.474935313775902 ], [ -0.410171752265663, 39.474897000669003 ], [ -0.410150736179602, 39.474866281104397 ], [ -0.410150708331825, 39.474866240193101 ], [ -0.410118873834785, 39.4748259022819 ], [ -0.410085327148811, 39.474789374654598 ], [ -0.410058815169841, 39.474764911021602 ], [ -0.410025069057878, 39.474737664016203 ], [ -0.409866723022743, 39.474625577709197 ], [ -0.409663132440032, 39.474492163814404 ], [ -0.409617530362943, 39.474458508144401 ], [ -0.409534915001182, 39.474394695046499 ], [ -0.409497446270714, 39.4743677162488 ], [ -0.409458271639458, 39.474342986888601 ], [ -0.409422129720636, 39.474323784755697 ], [ -0.409325364096562, 39.474284524795799 ], [ -0.409290443886526, 39.474267156739401 ], [ -0.409257070575392, 39.474245250945401 ], [ -0.409198132109595, 39.474198902114999 ], [ -0.409170810748539, 39.474179437829797 ], [ -0.409131945137785, 39.474156760925297 ], [ -0.409073716341061, 39.474127291963697 ], [ -0.409063241984872, 39.474134990313303 ], [ -0.409053788114818, 39.474138211249297 ], [ -0.409045079846455, 39.474138089207401 ], [ -0.409031272740534, 39.474134276784099 ], [ -0.409019801254333, 39.474127805094597 ], [ -0.409011490041354, 39.474119520804102 ], [ -0.40900694995589, 39.474109677010503 ], [ -0.409007251789815, 39.474099039248998 ], [ -0.408755247403166, 39.473992273923002 ], [ -0.408520530195861, 39.473908625749097 ], [ -0.408452612170478, 39.473890121079499 ], [ -0.408431116384033, 39.473884254031702 ], [ -0.408320614620942, 39.473861032000698 ], [ -0.408284043307408, 39.473847171865103 ], [ -0.407955106301503, 39.473777511258902 ], [ -0.407913843087262, 39.473765388133202 ], [ -0.407616507016418, 39.473709016922697 ], [ -0.407495427590838, 39.473692365030097 ], [ -0.407352265778975, 39.473669058337201 ], [ -0.407257737858237, 39.473650308824901 ], [ -0.407209925925556, 39.473636436165599 ], [ -0.407178512738388, 39.473624686077997 ], [ -0.407148056256996, 39.473611456912302 ], [ -0.407124544651065, 39.473599771308997 ], [ -0.407102509875461, 39.473586680130303 ], [ -0.407083372166664, 39.473572559905399 ], [ -0.407080634999974, 39.473570508058998 ], [ -0.407059291028839, 39.4735516357836 ], [ -0.407027734111202, 39.473518130132099 ], [ -0.407016186268248, 39.473504679049697 ], [ -0.407011031735136, 39.473498676751298 ], [ -0.406994932128622, 39.473183707910302 ], [ -0.406986024434271, 39.472995505338197 ], [ -0.406968553998619, 39.472816556816703 ], [ -0.406961124931224, 39.472740379673702 ], [ -0.406956302774771, 39.472690787341399 ], [ -0.406971690915584, 39.472690503726703 ], [ -0.407148448820761, 39.4726872508258 ], [ -0.407243451950263, 39.472685515159299 ], [ -0.407430171273654, 39.472682100687798 ], [ -0.40789055336518, 39.4726736262241 ], [ -0.408804854169782, 39.472656386744397 ], [ -0.408926866944946, 39.472649104292103 ], [ -0.409335851029178, 39.4726247557102 ], [ -0.4099283977569, 39.472589464016004 ], [ -0.410031547707712, 39.472570859140802 ], [ -0.41097120435952, 39.472527303742297 ], [ -0.411022187345155, 39.472524930803999 ], [ -0.411024096265121, 39.4725248649276 ], [ -0.411282325976721, 39.472272486327903 ], [ -0.411627009551214, 39.471914836131297 ], [ -0.411679723590423, 39.4718601609692 ], [ -0.412166888053812, 39.471354692795501 ], [ -0.412363073823683, 39.4712215881475 ], [ -0.412649693891484, 39.4711097270946 ], [ -0.412655709010616, 39.4711079962429 ], [ -0.413069741626768, 39.470992015213 ], [ -0.413356966260749, 39.470910035345 ], [ -0.413505588032938, 39.470868290204997 ], [ -0.413659339185385, 39.470825289890001 ], [ -0.413980169794183, 39.470671549105198 ], [ -0.414381751760464, 39.470479104105401 ], [ -0.414480619442313, 39.470421728880297 ], [ -0.414704023266973, 39.470301739904798 ], [ -0.41489143069984, 39.470201114880901 ], [ -0.415380799628973, 39.469986687938203 ], [ -0.415748495346111, 39.469834794072497 ], [ -0.415762668066351, 39.4698288760599 ], [ -0.415838666437726, 39.469797521818997 ], [ -0.415860384108021, 39.469788481831301 ], [ -0.415895482184482, 39.4697740071692 ], [ -0.416180139433393, 39.469653125281098 ], [ -0.416227876805915, 39.469632858078803 ], [ -0.416336826280188, 39.469626019821 ], [ -0.416354858162892, 39.469624960899999 ], [ -0.416509688192021, 39.4696121158469 ], [ -0.416534330776898, 39.469610023662597 ], [ -0.416562648369601, 39.469607776142098 ], [ -0.416686849440762, 39.469590037994699 ], [ -0.416766063780845, 39.469578701222503 ], [ -0.416835619434971, 39.469559343131998 ], [ -0.417063557056848, 39.469486552086302 ], [ -0.417098487148352, 39.4694753727142 ], [ -0.41718182475558, 39.469443867138203 ], [ -0.417447529348628, 39.469343666662901 ], [ -0.417546361097893, 39.469302544704398 ], [ -0.417549408183314, 39.469301247918899 ], [ -0.41762542901255, 39.469269430203198 ], [ -0.417658503184684, 39.469255759163403 ], [ -0.417665291753283, 39.469252900685497 ], [ -0.417685052892899, 39.469244540226398 ], [ -0.417785386625311, 39.469202712257797 ], [ -0.418087843093277, 39.469058824879902 ], [ -0.418090494021678, 39.469059121685298 ], [ -0.418763294440225, 39.4691792757691 ], [ -0.41877728929404, 39.469181779887101 ], [ -0.418993720395429, 39.469220462293002 ], [ -0.419000854815444, 39.469221913030097 ], [ -0.418997876001935, 39.469333433851503 ], [ -0.418995801791971, 39.469412611889602 ], [ -0.418992033359347, 39.4695583570238 ], [ -0.418989584551859, 39.469636030680597 ], [ -0.41898777803983, 39.4696913226934 ], [ -0.418987242643926, 39.4697057966792 ], [ -0.418984339288941, 39.469794675845698 ], [ -0.418980491804572, 39.469907636763502 ], [ -0.418980131580136, 39.4699173681174 ], [ -0.418980042646923, 39.469919784832697 ], [ -0.419083311175352, 39.469892795978097 ], [ -0.41914647621456, 39.469876344276202 ], [ -0.419215462336792, 39.469858258772398 ], [ -0.419263247320027, 39.4698457993277 ], [ -0.4193381425602, 39.469826299845003 ], [ -0.419379785761846, 39.469815271008997 ], [ -0.419393485069916, 39.469811624779901 ], [ -0.419489790756576, 39.469786148327103 ], [ -0.419578877581627, 39.469762757109997 ], [ -0.419901538956943, 39.469677375737596 ], [ -0.419924814305971, 39.469671122074701 ], [ -0.419964477620715, 39.469660747151302 ], [ -0.419966341624925, 39.4696694411167 ], [ -0.419968252341518, 39.469678320929603 ], [ -0.420000866576238, 39.469834099916199 ], [ -0.420007385650241, 39.469865130987003 ], [ -0.420022057833801, 39.469935789241298 ], [ -0.420037045325975, 39.470008129067203 ], [ -0.420039931612982, 39.470021517027199 ], [ -0.420101441955436, 39.470320276734498 ], [ -0.420142102400158, 39.4705250698524 ], [ -0.420190515305764, 39.470768600082501 ], [ -0.420217248270287, 39.470903193745599 ], [ -0.420277233273403, 39.4709020349868 ], [ -0.420493777562527, 39.470897874273199 ], [ -0.420511762732815, 39.470895581026397 ], [ -0.420659286763716, 39.470888432919502 ], [ -0.42132951440731, 39.47059155977 ], [ -0.421532445626619, 39.4708694357887 ], [ -0.421671980041403, 39.470871036970699 ], [ -0.421804850753384, 39.470873841986297 ], [ -0.421844570661978, 39.470874722670999 ], [ -0.421895398239083, 39.470875445248502 ], [ -0.422163825625767, 39.470879257156902 ], [ -0.422278156008587, 39.470226489936799 ], [ -0.422305975934631, 39.470067607205898 ], [ -0.422872406840403, 39.470105780119503 ], [ -0.422877062808525, 39.470106085242001 ], [ -0.424648073424845, 39.470225537817598 ], [ -0.425649588965448, 39.469481007822502 ], [ -0.425709602714637, 39.469436379776901 ], [ -0.425754239102779, 39.4694046182939 ], [ -0.425801572233408, 39.469370851288303 ], [ -0.425836726903753, 39.469345801850203 ], [ -0.425995437654876, 39.469234077862197 ], [ -0.426191422202096, 39.469097869345603 ], [ -0.426257424120971, 39.469050953987797 ], [ -0.426376806628967, 39.468966329706397 ], [ -0.42642040097141, 39.468964102275699 ], [ -0.426434428164553, 39.468963381065301 ], [ -0.426657497815926, 39.468947250914503 ], [ -0.426880686044882, 39.468927932869697 ], [ -0.427295375329479, 39.468894072014002 ], [ -0.427625550213851, 39.468866699271302 ], [ -0.428155425975769, 39.468829665053903 ], [ -0.428260171334526, 39.468813993257903 ], [ -0.428324984782274, 39.468806994727302 ], [ -0.428418767999618, 39.468796878340498 ], [ -0.428533532268736, 39.468783106654101 ], [ -0.428722640212476, 39.468754654129299 ], [ -0.42884607681734, 39.468738143213002 ], [ -0.42890273356231, 39.468727757054801 ], [ -0.429064453669642, 39.468695724099902 ], [ -0.429198584717985, 39.468666738257397 ], [ -0.429276334804133, 39.468648551885401 ], [ -0.429342512792805, 39.468631620698197 ], [ -0.429410026576295, 39.468612245700697 ], [ -0.429467947250881, 39.468593419930301 ], [ -0.429549914927302, 39.468564031135799 ], [ -0.429563963680009, 39.468560027007896 ], [ -0.429624013361815, 39.468542905786698 ], [ -0.429651678777626, 39.468533701975801 ], [ -0.429740435920942, 39.468494481744003 ], [ -0.429823772629873, 39.468462839802498 ], [ -0.429864584889838, 39.468445697753097 ], [ -0.429926796816525, 39.468417629276601 ], [ -0.430001133304603, 39.468380895789402 ], [ -0.430003607264909, 39.468379680817002 ], [ -0.430095663021968, 39.468334984104203 ], [ -0.430192184304298, 39.4682996063232 ], [ -0.430371028097569, 39.4682147439581 ], [ -0.430578617081628, 39.468123859309898 ], [ -0.430730568010259, 39.468057032083102 ], [ -0.430897607940703, 39.467979898272603 ], [ -0.43108589662089, 39.467898432886898 ], [ -0.431364362680872, 39.467772949251902 ], [ -0.431469258956608, 39.467727225099701 ], [ -0.431651540602471, 39.467647233766698 ], [ -0.43194405002531, 39.467515156707499 ], [ -0.432027597838292, 39.467477856165502 ], [ -0.432245264123224, 39.467380691027302 ], [ -0.432797474698042, 39.467172156294701 ], [ -0.433172119782226, 39.467066894922198 ], [ -0.433366262783097, 39.466965978808197 ], [ -0.433593878808114, 39.468035167329603 ], [ -0.433172295852024, 39.469078762157601 ], [ -0.433419835611698, 39.470570690921598 ], [ -0.432523457095354, 39.4723195430551 ], [ -0.432442464989314, 39.472477546220198 ], [ -0.43217307820193, 39.472499600966302 ], [ -0.431877852273702, 39.4725237963426 ], [ -0.430880743867893, 39.472316328275902 ], [ -0.430279310107086, 39.4723151487376 ], [ -0.429710741210922, 39.472313716094298 ], [ -0.429705629796971, 39.472349120265299 ], [ -0.429695975602598, 39.4724147568989 ], [ -0.429691758910656, 39.472454311237797 ], [ -0.429686875668768, 39.472539074124903 ], [ -0.429686204627236, 39.472607616766503 ], [ -0.429692666209091, 39.472723000136902 ], [ -0.429696913443768, 39.472768021331603 ], [ -0.42971006298288, 39.472837499188799 ], [ -0.429730603860178, 39.472913357246597 ], [ -0.429754697574395, 39.472983006236298 ], [ -0.429782395329567, 39.473047932198703 ], [ -0.42982677479954, 39.473133142318297 ], [ -0.429851147889821, 39.473176003908002 ], [ -0.42987255564135, 39.473209999285402 ], [ -0.429902031162479, 39.473248750181497 ], [ -0.429936900168547, 39.473287015656098 ], [ -0.430044229082056, 39.4733811041298 ], [ -0.4300288337547, 39.473429987287503 ], [ -0.430374024877353, 39.4736568471276 ], [ -0.430429358403931, 39.473804061749902 ], [ -0.42987964424728, 39.475168532128599 ], [ -0.428655278244263, 39.475591917114102 ], [ -0.428511431916145, 39.476257545082497 ], [ -0.428511424729601, 39.476257581139301 ], [ -0.428318024635463, 39.477152516188397 ], [ -0.428129850041308, 39.477418052138397 ], [ -0.428129800633967, 39.477418122863902 ], [ -0.428099824751256, 39.477460422250303 ], [ -0.428099799598437, 39.477460456919601 ], [ -0.427457469136005, 39.478366849124498 ], [ -0.427000953393453, 39.4781771448462 ], [ -0.426991610016176, 39.478181956207997 ], [ -0.426980522110602, 39.478186952701897 ], [ -0.42696907038737, 39.4781914028123 ], [ -0.42695717759133, 39.478195013239798 ], [ -0.426944973079864, 39.478197971890403 ], [ -0.426932602380102, 39.4782004098127 ], [ -0.426929777178531, 39.478200716979799 ], [ -0.426920063695349, 39.478201996958397 ], [ -0.4269073588223, 39.4782030807106 ], [ -0.426894591965484, 39.478203315766201 ], [ -0.426881798159222, 39.478202865762903 ], [ -0.426876106433579, 39.478202275003603 ], [ -0.426869174134512, 39.478201752888801 ], [ -0.426856574364356, 39.478199964663098 ], [ -0.426844239597178, 39.478197456709403 ], [ -0.426832112340829, 39.478194382957803 ], [ -0.426820303088119, 39.478190545101697 ], [ -0.426808950179568, 39.478186031893699 ], [ -0.426797993428037, 39.478180991716897 ], [ -0.426787487630782, 39.478175371874102 ], [ -0.426777384278794, 39.478169112734797 ], [ -0.426750071900876, 39.478209929912701 ], [ -0.426680170395368, 39.478314635672497 ], [ -0.42654998115449, 39.478509738898303 ], [ -0.426488714255483, 39.478601555050602 ], [ -0.42641363755563, 39.478714114073099 ], [ -0.426338211411106, 39.478827846100998 ], [ -0.426294296370133, 39.4788940652954 ], [ -0.426294246962793, 39.478894140179698 ], [ -0.426106818868658, 39.479178309343098 ], [ -0.426087097254914, 39.4792082407225 ], [ -0.426065457738034, 39.479241154269701 ], [ -0.42599822063565, 39.479229572924098 ], [ -0.425794433321874, 39.479194523793097 ], [ -0.425788792800199, 39.479193772873799 ], [ -0.425782845953014, 39.479193641133499 ], [ -0.425777023971659, 39.479194064782398 ], [ -0.425771272058877, 39.479195099983201 ], [ -0.425765784250809, 39.479196694733197 ], [ -0.425760558750826, 39.479198885087698 ], [ -0.42575583900231, 39.479201582295197 ], [ -0.42575153697041, 39.479204753074001 ], [ -0.425747693079297, 39.479208267070497 ], [ -0.425241976608651, 39.479935501056403 ], [ -0.424695201739602, 39.480720831253699 ], [ -0.424658955616217, 39.480761110971699 ], [ -0.424627971823762, 39.480763231248098 ], [ -0.42455803977552, 39.480868596703203 ], [ -0.424047074448633, 39.481657369916697 ], [ -0.424853162397482, 39.482041235183402 ], [ -0.424711780148169, 39.482240682126601 ], [ -0.423903892873834, 39.483380430273399 ], [ -0.422088315039616, 39.485941586187799 ], [ -0.421664489888571, 39.485698791285301 ], [ -0.419685925322445, 39.484565101196701 ], [ -0.418791513218248, 39.484213039263203 ], [ -0.414736321294681, 39.482616710869998 ], [ -0.413827910743414, 39.482372638324399 ], [ -0.413026529068325, 39.482157312193898 ], [ -0.412444726191422, 39.482000945113398 ], [ -0.410281744684, 39.481419692907998 ], [ -0.411244310172187, 39.480387338782201 ], [ -0.411344230679567, 39.480303328738003 ], [ -0.411554931427772, 39.480117380127602 ], [ -0.411732696344396, 39.4799629117393 ], [ -0.411830436640587, 39.479879943306699 ], [ -0.412049627366526, 39.479699957193297 ], [ -0.412139281926844, 39.479629536972702 ], [ -0.412210200325232, 39.479576411305899 ], [ -0.412253536851174, 39.479545403980801 ], [ -0.412265708124981, 39.4795369497674 ], [ -0.41232675673336, 39.479495761723598 ], [ -0.412466476201079, 39.479408064661101 ], [ -0.412748195959014, 39.479241758194199 ], [ -0.41301853765558, 39.479079291217097 ], [ -0.413250956972409, 39.478944910982598 ], [ -0.413226383557809, 39.4789174277877 ] ] ] } },
{ "type": "Feature", "properties": { "OBJECTID": 7288, "Codigo": "46903", "Texto": "San Antonio de Benagéber", "Cod_Prov": "46", "Cod_CCAA": "10", "FechaId": "01012017", "NUTS_0": "ES", "NUTS_1": "ES5", "NUTS_2": "ES52", "NUTS_3": "ES523", "PAD_2C02": 8755, "PAD_2C03": 676, "PAD_2C04": 663, "PAD_2C05": 649, "PAD_2C06": 433, "PAD_2C07": 320, "PAD_2C08": 366, "PAD_2C09": 676, "PAD_2C10": 952, "PAD_2C11": 980, "PAD_2C12": 745, "PAD_2C13": 532, "PAD_2C14": 467, "PAD_2C15": 432, "PAD_2C16": 346, "PAD_2C17": 197, "PAD_2C18": 111, "PAD_2C19": 104, "PAD_2C20": 106, "PAD_2C21": 4317, "PAD_2C22": 314, "PAD_2C23": 321, "PAD_2C24": 316, "PAD_2C25": 220, "PAD_2C26": 169, "PAD_2C27": 177, "PAD_2C28": 324, "PAD_2C29": 459, "PAD_2C30": 512, "PAD_2C31": 383, "PAD_2C32": 291, "PAD_2C33": 221, "PAD_2C34": 225, "PAD_2C35": 165, "PAD_2C36": 107, "PAD_2C37": 53, "PAD_2C38": 39, "PAD_2C39": 21, "PAD_2C40": 4438, "PAD_2C41": 362, "PAD_2C42": 342, "PAD_2C43": 333, "PAD_2C44": 213, "PAD_2C45": 151, "PAD_2C46": 189, "PAD_2C47": 352, "PAD_2C48": 493, "PAD_2C49": 468, "PAD_2C50": 362, "PAD_2C51": 241, "PAD_2C52": 246, "PAD_2C53": 207, "PAD_2C54": 181, "PAD_2C55": 90, "PAD_2C56": 58, "PAD_2C57": 65, "PAD_2C58": 85, "PAD_3C03": 8276, "PAD_3C04": 479, "PAD_3C05": 195, "PAD_3C06": 15, "PAD_3C07": 3, "PAD_3C08": 46, "PAD_3C09": 53, "PAD_3C10": 4, "PAD_3C100": 11, "PAD_3C101": 13, "PAD_3C102": 2, "PAD_3C103": 1, "PAD_3C104": 4, "PAD_3C105": 0, "PAD_3C106": 5, "PAD_3C107": 7, "PAD_3C108": 17, "PAD_3C109": 38, "PAD_3C11": 15, "PAD_3C110": 33, "PAD_3C111": 0, "PAD_3C112": 0, "PAD_3C12": 17, "PAD_3C13": 19, "PAD_3C14": 45, "PAD_3C15": 19, "PAD_3C16": 17, "PAD_3C17": 8, "PAD_3C18": 1, "PAD_3C19": 3, "PAD_3C20": 0, "PAD_3C21": 0, "PAD_3C22": 141, "PAD_3C23": 23, "PAD_3C24": 2, "PAD_3C25": 3, "PAD_3C26": 16, "PAD_3C27": 18, "PAD_3C28": 4, "PAD_3C29": 3, "PAD_3C30": 6, "PAD_3C31": 1, "PAD_3C32": 10, "PAD_3C33": 11, "PAD_3C34": 27, "PAD_3C35": 87, "PAD_3C36": 75, "PAD_3C37": 1, "PAD_3C38": 3, "PAD_3C39": 4317, "PAD_3C40": 4099, "PAD_3C41": 218, "PAD_3C42": 95, "PAD_3C43": 8, "PAD_3C44": 2, "PAD_3C45": 17, "PAD_3C46": 28, "PAD_3C47": 0, "PAD_3C48": 8, "PAD_3C49": 11, "PAD_3C50": 7, "PAD_3C51": 16, "PAD_3C52": 7, "PAD_3C53": 5, "PAD_3C54": 4, "PAD_3C55": 1, "PAD_3C56": 1, "PAD_3C57": 0, "PAD_3C58": 0, "PAD_3C59": 51, "PAD_3C60": 10, "PAD_3C61": 0, "PAD_3C62": 1, "PAD_3C63": 5, "PAD_3C64": 5, "PAD_3C65": 2, "PAD_3C66": 2, "PAD_3C67": 2, "PAD_3C68": 1, "PAD_3C69": 5, "PAD_3C70": 4, "PAD_3C71": 10, "PAD_3C72": 49, "PAD_3C73": 42, "PAD_3C74": 1, "PAD_3C75": 3, "PAD_3C76": 4438, "PAD_3C77": 4177, "PAD_3C78": 261, "PAD_3C79": 100, "PAD_3C80": 7, "PAD_3C81": 1, "PAD_3C82": 29, "PAD_3C83": 25, "PAD_3C84": 4, "PAD_3C85": 7, "PAD_3C86": 6, "PAD_3C87": 12, "PAD_3C88": 29, "PAD_3C89": 12, "PAD_3C90": 12, "PAD_3C91": 4, "PAD_3C92": 0, "PAD_3C93": 2, "PAD_3C94": 0, "PAD_3C95": 0, "PAD_3C96": 90, "PAD_3C97": 13, "PAD_3C98": 2, "PAD_3C99": 2, "PAD_3_COD_PROV": "46", "PAD_3_COD_CCAA": "10", "Shape__Area": 13414384.832305901, "Shape__Length": 21068.740136865501 }, "geometry": { "type": "Polygon", "coordinates": [ [ [ -0.509970130975752, 39.585542659050297 ], [ -0.509381759617472, 39.583439967116099 ], [ -0.50763534217869, 39.5785646232234 ], [ -0.507494152168855, 39.5782823262916 ], [ -0.506708217923388, 39.577148368255799 ], [ -0.505140000185824, 39.575754271814198 ], [ -0.503891458721887, 39.574538288075203 ], [ -0.500788852003689, 39.572498551874901 ], [ -0.500382144250403, 39.572663604802798 ], [ -0.500219589608166, 39.572729569776499 ], [ -0.499830919127433, 39.572856315274997 ], [ -0.499230260612721, 39.573050579723798 ], [ -0.498807635610865, 39.573149617663503 ], [ -0.498432480283596, 39.573222608276197 ], [ -0.49819691865992, 39.573298583187899 ], [ -0.497997575311851, 39.573339347257701 ], [ -0.497639566128415, 39.573583884780298 ], [ -0.497151958795557, 39.573870687068101 ], [ -0.496712195734742, 39.574122470301802 ], [ -0.496367099833515, 39.5743312498726 ], [ -0.496105317284994, 39.5744877809949 ], [ -0.495962851667448, 39.574565781227399 ], [ -0.495721945067809, 39.5746298118545 ], [ -0.495718337433632, 39.574630770160098 ], [ -0.495680736650791, 39.574640770049903 ], [ -0.495313358937258, 39.574400021713402 ], [ -0.495112094991096, 39.5742681128851 ], [ -0.494623585749718, 39.573933249705398 ], [ -0.494339947190316, 39.573728937163096 ], [ -0.494166824767092, 39.573641268321403 ], [ -0.493894053127678, 39.573503110959003 ], [ -0.493540214822099, 39.573307115317199 ], [ -0.49340329001325, 39.573231280978298 ], [ -0.49309894798151, 39.572954433247297 ], [ -0.493084590208334, 39.5729434367015 ], [ -0.492962830758085, 39.572850237080203 ], [ -0.49274778575715, 39.572685607675503 ], [ -0.49239630283426, 39.572425748843401 ], [ -0.492148522326064, 39.572195153703603 ], [ -0.491967571085136, 39.572047130300497 ], [ -0.491855815273897, 39.571918589891702 ], [ -0.491698814915047, 39.571753001314299 ], [ -0.49159127579575, 39.571507480980998 ], [ -0.491427194017548, 39.571215629947801 ], [ -0.491032418586141, 39.570864754932103 ], [ -0.490783628371574, 39.570661186047097 ], [ -0.490687762859425, 39.570593890279099 ], [ -0.490465788254381, 39.5704380982204 ], [ -0.490412856822907, 39.5703727826711 ], [ -0.490287436737886, 39.570218023267898 ], [ -0.49023516017823, 39.570054712986902 ], [ -0.490101091113654, 39.569898694665703 ], [ -0.489978968744043, 39.5697338747486 ], [ -0.489916670579102, 39.5697380281607 ], [ -0.489570571259683, 39.5697610831253 ], [ -0.489234244712255, 39.569726817132697 ], [ -0.489082756415996, 39.5697325459059 ], [ -0.488932187994597, 39.5697112463344 ], [ -0.488817166807309, 39.569622650045503 ], [ -0.488739626926915, 39.569562928176303 ], [ -0.488511267096869, 39.569440868827897 ], [ -0.488258583583848, 39.569345326718903 ], [ -0.488222963586206, 39.569331660820502 ], [ -0.488109368923575, 39.569288060111901 ], [ -0.48782979613917, 39.569615318201201 ], [ -0.487458520635632, 39.569904595848399 ], [ -0.487444735089274, 39.569895487169802 ], [ -0.487444690173519, 39.569895458778802 ], [ -0.487377195254636, 39.569850787181302 ], [ -0.487084548389574, 39.569657148066 ], [ -0.486571769364148, 39.5693178363437 ], [ -0.486304178308995, 39.569636367821602 ], [ -0.485954520762773, 39.569971161736099 ], [ -0.485501494975079, 39.570267631874998 ], [ -0.485072960855316, 39.5705286489695 ], [ -0.484683301329478, 39.570682353759999 ], [ -0.484272950009365, 39.5707635539584 ], [ -0.483767592864824, 39.5708967581132 ], [ -0.483311016935134, 39.570967936176203 ], [ -0.482703922889716, 39.571017859312903 ], [ -0.482167595427444, 39.571042266905302 ], [ -0.482088678429733, 39.570999023886003 ], [ -0.481962121975883, 39.570929709249299 ], [ -0.481576418630529, 39.570651065788098 ], [ -0.481158449596829, 39.570299638101602 ], [ -0.481154883285152, 39.570296866874401 ], [ -0.48095465599484, 39.570142078910898 ], [ -0.480933596789651, 39.570104019104598 ], [ -0.480889099640359, 39.570023536218301 ], [ -0.480896049007405, 39.569510175950903 ], [ -0.480923642557981, 39.569069329753603 ], [ -0.480933743215045, 39.568790284104502 ], [ -0.481011681947383, 39.568566733222497 ], [ -0.481171314370028, 39.568335984673901 ], [ -0.481376237154302, 39.568142236763201 ], [ -0.481558513410283, 39.567929951203602 ], [ -0.481675555806973, 39.567590180219199 ], [ -0.48174577441779, 39.567258374678602 ], [ -0.481868680118336, 39.5667565149936 ], [ -0.481940856158161, 39.566370698810999 ], [ -0.482008417552364, 39.566110920877797 ], [ -0.48210573743698, 39.565995909986299 ], [ -0.482262430571989, 39.565846113692601 ], [ -0.482373977075771, 39.565659362147201 ], [ -0.482375605721375, 39.565614356802001 ], [ -0.482077101840671, 39.565420872057601 ], [ -0.482001727798446, 39.565372027283601 ], [ -0.481905934151498, 39.565309485313598 ], [ -0.481857464652008, 39.565277845199198 ], [ -0.481860015867431, 39.565267179841001 ], [ -0.481915455395167, 39.565036846207498 ], [ -0.481952709428329, 39.564882063814203 ], [ -0.481851419888472, 39.564662856263197 ], [ -0.481849239677283, 39.564659079276197 ], [ -0.481647999087312, 39.564310765954303 ], [ -0.48146245925191, 39.564010739168403 ], [ -0.481451628264539, 39.563993237715799 ], [ -0.481357710299898, 39.563779832797998 ], [ -0.48132939719878, 39.563653094252899 ], [ -0.481508754828391, 39.563469856925202 ], [ -0.481665470421294, 39.563332517948197 ], [ -0.481799773946145, 39.563212363173697 ], [ -0.481809322139294, 39.563005223973001 ], [ -0.481744134992387, 39.562872575998703 ], [ -0.481575702673242, 39.562710546230001 ], [ -0.481334337932816, 39.5624561009856 ], [ -0.481272486230565, 39.562396661040303 ], [ -0.481063387178519, 39.562195775823199 ], [ -0.481017659337303, 39.562148604036601 ], [ -0.480726836052283, 39.561848711253198 ], [ -0.480406491432048, 39.5615519786544 ], [ -0.480302013771259, 39.561455231721197 ], [ -0.480249866569019, 39.561419487186697 ], [ -0.479912887844698, 39.561188502240803 ], [ -0.479590319894147, 39.560916367041401 ], [ -0.4793558838595, 39.560707995850798 ], [ -0.478348717017458, 39.560144614216398 ], [ -0.477334018700084, 39.559606708255302 ], [ -0.4769064709305, 39.559380056913298 ], [ -0.476583830216418, 39.5592090210991 ], [ -0.475459040666027, 39.558581676090398 ], [ -0.475443099163002, 39.558570536671802 ], [ -0.474765395739596, 39.558096577133398 ], [ -0.474754374309375, 39.558088883234902 ], [ -0.474682714800847, 39.557869812120799 ], [ -0.474730582429082, 39.557530557689297 ], [ -0.474690037867052, 39.557162032677397 ], [ -0.474635823641324, 39.5566841143293 ], [ -0.474564011419223, 39.556482310110198 ], [ -0.4743540383064, 39.556064178803901 ], [ -0.474317715826195, 39.555991857883903 ], [ -0.474080956748221, 39.555690765203998 ], [ -0.474059675659149, 39.555663698139099 ], [ -0.473836084086596, 39.555379351335603 ], [ -0.473352738361468, 39.554933740852199 ], [ -0.472819494815565, 39.554309478122903 ], [ -0.472432358657341, 39.553858603745397 ], [ -0.472090453572004, 39.553327404949499 ], [ -0.472065475915509, 39.5532454937807 ], [ -0.471990348909986, 39.552998841262401 ], [ -0.472171094436745, 39.552677520997499 ], [ -0.472253517558994, 39.552471274313703 ], [ -0.472269776167328, 39.552430574858803 ], [ -0.4722705379387, 39.552414703727202 ], [ -0.472294080087333, 39.551929907271699 ], [ -0.47230566925282, 39.551690916286397 ], [ -0.472307466781713, 39.551653912336803 ], [ -0.472356109656009, 39.551239785233101 ], [ -0.472522272830752, 39.550901114838602 ], [ -0.472642259904929, 39.550740648133903 ], [ -0.472886693290373, 39.550695836748602 ], [ -0.473190350805859, 39.550639858321198 ], [ -0.47351488876181, 39.550716349069397 ], [ -0.473684791623104, 39.550728787093902 ], [ -0.473943241421893, 39.550758853898103 ], [ -0.474512555021417, 39.550750309297101 ], [ -0.475095522114958, 39.550856895776697 ], [ -0.475773845375861, 39.5510330757389 ], [ -0.476496107033994, 39.551249670052997 ], [ -0.477365358225389, 39.551547649162899 ], [ -0.47785882257389, 39.551734338966497 ], [ -0.478227906188177, 39.551788054330899 ], [ -0.478620369356022, 39.551726724016703 ], [ -0.478768814160082, 39.551617839977702 ], [ -0.47879170772511, 39.551601030815803 ], [ -0.478786989773221, 39.551558897762298 ], [ -0.47877860400005, 39.551484061987502 ], [ -0.480868327896041, 39.552099748217699 ], [ -0.481168575406711, 39.552054887840001 ], [ -0.482003128271954, 39.551543148337302 ], [ -0.482835023920615, 39.550889136074801 ], [ -0.483325322606044, 39.550575326914299 ], [ -0.483647038055382, 39.549956602293697 ], [ -0.48420111532937, 39.550362560210203 ], [ -0.486968537258851, 39.547502558123803 ], [ -0.487777598631292, 39.548307971095703 ], [ -0.488720102044235, 39.549079566077701 ], [ -0.488746852975067, 39.549009779294103 ], [ -0.488851471671367, 39.548669056696397 ], [ -0.489130826165178, 39.548089081053803 ], [ -0.489783297708843, 39.547402855285398 ], [ -0.490090797318814, 39.547066479062401 ], [ -0.490689825391294, 39.5468364313327 ], [ -0.491282717970398, 39.546777800924303 ], [ -0.492880406737505, 39.547012368670799 ], [ -0.495009441808645, 39.547358444197101 ], [ -0.497556132401465, 39.547899294147904 ], [ -0.498197700194228, 39.548027448923399 ], [ -0.499004222927672, 39.548187752196199 ], [ -0.49966932388593, 39.548688042265098 ], [ -0.500383669589741, 39.549360848010998 ], [ -0.500708547108862, 39.549567928908502 ], [ -0.501808761448059, 39.549777407195897 ], [ -0.502283247089548, 39.549930544973599 ], [ -0.502648121198403, 39.550052721781597 ], [ -0.503324839169892, 39.549579283114298 ], [ -0.503805383948004, 39.549833357227101 ], [ -0.504334054170783, 39.550198475875497 ], [ -0.504867878926709, 39.550788097814603 ], [ -0.505167311665411, 39.551157899998202 ], [ -0.505488321038931, 39.5513644442699 ], [ -0.506041507184164, 39.551720377993597 ], [ -0.50683436833875, 39.5522824490047 ], [ -0.506712607990203, 39.552632895797302 ], [ -0.506537620664438, 39.553851624165603 ], [ -0.506460322430863, 39.553958840323901 ], [ -0.506420262959066, 39.554014399806697 ], [ -0.503496984226107, 39.558068652204803 ], [ -0.502742839561958, 39.559114453192898 ], [ -0.501799835787398, 39.560422126010998 ], [ -0.501565663857431, 39.560746846172897 ], [ -0.501532623821287, 39.560792662196803 ], [ -0.501554680156454, 39.560798051663397 ], [ -0.507116744765163, 39.562157050277797 ], [ -0.508363969298889, 39.561980172088397 ], [ -0.510099832431407, 39.5617339613081 ], [ -0.512338981193458, 39.562652402239401 ], [ -0.512393759561164, 39.562674904145503 ], [ -0.512391884777155, 39.562680143877898 ], [ -0.512254145196338, 39.563065889872298 ], [ -0.511793643628865, 39.564355610095902 ], [ -0.511645670440315, 39.5654250811289 ], [ -0.510701693790299, 39.566881043656302 ], [ -0.510424223961998, 39.567342670855197 ], [ -0.510005436563043, 39.568321333177103 ], [ -0.509733694392969, 39.568956378339301 ], [ -0.509724333947713, 39.568978250126101 ], [ -0.511641216593139, 39.570075079013101 ], [ -0.514198332134841, 39.571282155799501 ], [ -0.514248309007361, 39.571334018955497 ], [ -0.514631310220312, 39.571486537873298 ], [ -0.519411362628082, 39.5737426589737 ], [ -0.519494550216661, 39.573781945145797 ], [ -0.518941452106343, 39.574511621659802 ], [ -0.518688153247377, 39.574845811787696 ], [ -0.520851162602543, 39.575883019064101 ], [ -0.521417965410846, 39.576052833206496 ], [ -0.521576210834672, 39.576125953703603 ], [ -0.52085684175176, 39.576693933184501 ], [ -0.520195788602189, 39.577608862201103 ], [ -0.519469047944061, 39.5800342401782 ], [ -0.519017736141962, 39.579962680930699 ], [ -0.518806880883523, 39.580442446001904 ], [ -0.517927962921329, 39.582442231728002 ], [ -0.516876548661654, 39.583205210317303 ], [ -0.516449205707942, 39.5834297649509 ], [ -0.516709603952636, 39.584988342204298 ], [ -0.516727249559755, 39.5850939539053 ], [ -0.513229705713438, 39.585224595278497 ], [ -0.51100806691291, 39.5848532051834 ], [ -0.509970282791028, 39.585543122204498 ], [ -0.509970130975752, 39.585542659050297 ] ] ] } },
{ "type": "Feature", "properties": { "OBJECTID": 7200, "Codigo": "46177", "Texto": "Museros", "Cod_Prov": "46", "Cod_CCAA": "10", "FechaId": "01012017", "NUTS_0": "ES", "NUTS_1": "ES5", "NUTS_2": "ES52", "NUTS_3": "ES523", "PAD_2C02": 6164, "PAD_2C03": 294, "PAD_2C04": 392, "PAD_2C05": 316, "PAD_2C06": 266, "PAD_2C07": 265, "PAD_2C08": 339, "PAD_2C09": 433, "PAD_2C10": 671, "PAD_2C11": 630, "PAD_2C12": 509, "PAD_2C13": 420, "PAD_2C14": 395, "PAD_2C15": 326, "PAD_2C16": 266, "PAD_2C17": 229, "PAD_2C18": 167, "PAD_2C19": 136, "PAD_2C20": 110, "PAD_2C21": 3087, "PAD_2C22": 151, "PAD_2C23": 185, "PAD_2C24": 172, "PAD_2C25": 151, "PAD_2C26": 135, "PAD_2C27": 177, "PAD_2C28": 207, "PAD_2C29": 347, "PAD_2C30": 336, "PAD_2C31": 262, "PAD_2C32": 219, "PAD_2C33": 190, "PAD_2C34": 165, "PAD_2C35": 115, "PAD_2C36": 110, "PAD_2C37": 79, "PAD_2C38": 53, "PAD_2C39": 33, "PAD_2C40": 3077, "PAD_2C41": 143, "PAD_2C42": 207, "PAD_2C43": 144, "PAD_2C44": 115, "PAD_2C45": 130, "PAD_2C46": 162, "PAD_2C47": 226, "PAD_2C48": 324, "PAD_2C49": 294, "PAD_2C50": 247, "PAD_2C51": 201, "PAD_2C52": 205, "PAD_2C53": 161, "PAD_2C54": 151, "PAD_2C55": 119, "PAD_2C56": 88, "PAD_2C57": 83, "PAD_2C58": 77, "PAD_3C03": 5693, "PAD_3C04": 471, "PAD_3C05": 261, "PAD_3C06": 6, "PAD_3C07": 20, "PAD_3C08": 12, "PAD_3C09": 20, "PAD_3C10": 4, "PAD_3C100": 8, "PAD_3C101": 3, "PAD_3C102": 1, "PAD_3C103": 10, "PAD_3C104": 2, "PAD_3C105": 1, "PAD_3C106": 0, "PAD_3C107": 1, "PAD_3C108": 3, "PAD_3C109": 7, "PAD_3C11": 0, "PAD_3C110": 2, "PAD_3C111": 0, "PAD_3C112": 0, "PAD_3C12": 3, "PAD_3C13": 191, "PAD_3C14": 35, "PAD_3C15": 1, "PAD_3C16": 27, "PAD_3C17": 63, "PAD_3C18": 17, "PAD_3C19": 26, "PAD_3C20": 11, "PAD_3C21": 3, "PAD_3C22": 90, "PAD_3C23": 7, "PAD_3C24": 5, "PAD_3C25": 5, "PAD_3C26": 20, "PAD_3C27": 12, "PAD_3C28": 1, "PAD_3C29": 18, "PAD_3C30": 3, "PAD_3C31": 3, "PAD_3C32": 0, "PAD_3C33": 8, "PAD_3C34": 5, "PAD_3C35": 22, "PAD_3C36": 8, "PAD_3C37": 4, "PAD_3C38": 0, "PAD_3C39": 3087, "PAD_3C40": 2862, "PAD_3C41": 225, "PAD_3C42": 122, "PAD_3C43": 2, "PAD_3C44": 12, "PAD_3C45": 5, "PAD_3C46": 11, "PAD_3C47": 0, "PAD_3C48": 0, "PAD_3C49": 2, "PAD_3C50": 89, "PAD_3C51": 13, "PAD_3C52": 0, "PAD_3C53": 10, "PAD_3C54": 30, "PAD_3C55": 8, "PAD_3C56": 12, "PAD_3C57": 6, "PAD_3C58": 2, "PAD_3C59": 45, "PAD_3C60": 1, "PAD_3C61": 3, "PAD_3C62": 0, "PAD_3C63": 12, "PAD_3C64": 9, "PAD_3C65": 0, "PAD_3C66": 8, "PAD_3C67": 1, "PAD_3C68": 2, "PAD_3C69": 0, "PAD_3C70": 7, "PAD_3C71": 2, "PAD_3C72": 15, "PAD_3C73": 6, "PAD_3C74": 4, "PAD_3C75": 0, "PAD_3C76": 3077, "PAD_3C77": 2831, "PAD_3C78": 246, "PAD_3C79": 139, "PAD_3C80": 4, "PAD_3C81": 8, "PAD_3C82": 7, "PAD_3C83": 9, "PAD_3C84": 4, "PAD_3C85": 0, "PAD_3C86": 1, "PAD_3C87": 102, "PAD_3C88": 22, "PAD_3C89": 1, "PAD_3C90": 17, "PAD_3C91": 33, "PAD_3C92": 9, "PAD_3C93": 14, "PAD_3C94": 5, "PAD_3C95": 1, "PAD_3C96": 45, "PAD_3C97": 6, "PAD_3C98": 2, "PAD_3C99": 5, "PAD_3_COD_PROV": "46", "PAD_3_COD_CCAA": "10", "Shape__Area": 20976743.159271199, "Shape__Length": 24179.507885598799 }, "geometry": { "type": "Polygon", "coordinates": [ [ [ -0.342197188699113, 39.550824466347102 ], [ -0.343730044423964, 39.550899332574197 ], [ -0.343730430418813, 39.550899346102597 ], [ -0.344299457006597, 39.5509271334384 ], [ -0.344943156052374, 39.550958559900799 ], [ -0.344973175924467, 39.550960020967104 ], [ -0.344979965924759, 39.550962550776397 ], [ -0.345363328990345, 39.551104044078599 ], [ -0.345537096853117, 39.5512189539064 ], [ -0.345885422113578, 39.551449287066198 ], [ -0.346080016152956, 39.5515348264327 ], [ -0.347427910164425, 39.552196220883999 ], [ -0.348629266495172, 39.552641999081096 ], [ -0.348850774902633, 39.552724195549303 ], [ -0.349961404898728, 39.553199961837002 ], [ -0.350442143937495, 39.553476242715803 ], [ -0.350450618278945, 39.553481099232201 ], [ -0.350451074454675, 39.553481369790198 ], [ -0.350449583110941, 39.553483804812203 ], [ -0.350351891323793, 39.553641282915599 ], [ -0.350314011192965, 39.5538353128713 ], [ -0.350294114913039, 39.553937245005301 ], [ -0.349728334191028, 39.555355837973401 ], [ -0.34972798328662, 39.555356717263201 ], [ -0.349765266879955, 39.555600767085998 ], [ -0.350200230438717, 39.555790895655598 ], [ -0.351156094045725, 39.555954212366601 ], [ -0.351356442917392, 39.555988436725897 ], [ -0.3514139210594, 39.556007740339297 ], [ -0.352710039125489, 39.556505777119398 ], [ -0.353187444572381, 39.556804919419598 ], [ -0.353579264434197, 39.557090127418697 ], [ -0.35418397800026, 39.557530314525899 ], [ -0.355336155078246, 39.558142143046197 ], [ -0.357383085760611, 39.559404903254404 ], [ -0.3665472526406, 39.563904023292601 ], [ -0.370043383436983, 39.565620096519098 ], [ -0.37078087923098, 39.566086387699698 ], [ -0.370782282848612, 39.566087266853401 ], [ -0.370782949566987, 39.566087848447403 ], [ -0.371210245864437, 39.566466289273798 ], [ -0.372377143382332, 39.568853015767701 ], [ -0.372378687361726, 39.568854801054698 ], [ -0.372633742230579, 39.569147100620498 ], [ -0.372749400323409, 39.569171053116797 ], [ -0.374342629151633, 39.569500990810901 ], [ -0.374342909875159, 39.569501058434803 ], [ -0.374343085327363, 39.569501085484397 ], [ -0.374891162921998, 39.569783725675499 ], [ -0.375356795526007, 39.570091561162002 ], [ -0.381023445537203, 39.575093219542801 ], [ -0.381027428302232, 39.5750945989587 ], [ -0.381218776475837, 39.575160689174602 ], [ -0.381320521208896, 39.575156929593703 ], [ -0.382128039977482, 39.575127136936601 ], [ -0.382598813331066, 39.575299874665497 ], [ -0.382963543372595, 39.575506285747302 ], [ -0.383026197354618, 39.5755680615448 ], [ -0.383355959771904, 39.575893059754897 ], [ -0.382688609769037, 39.577248388101999 ], [ -0.382046595064418, 39.5803869315124 ], [ -0.382583759531969, 39.583127012929097 ], [ -0.38275882574105, 39.583429380340299 ], [ -0.383488215643226, 39.584760519566899 ], [ -0.384779140324079, 39.586664538466003 ], [ -0.381466936073075, 39.591454595409601 ], [ -0.378091270759911, 39.5972875770413 ], [ -0.377764210306566, 39.597612378761802 ], [ -0.379852477528177, 39.599362753287998 ], [ -0.367890497168665, 39.6000464977988 ], [ -0.361580358654337, 39.596643255147903 ], [ -0.361757828558612, 39.593502703422601 ], [ -0.35650170161417, 39.588718304661803 ], [ -0.354644540035576, 39.585818578725402 ], [ -0.354577692745878, 39.584203973614201 ], [ -0.354165520428407, 39.583420374648703 ], [ -0.353824493979629, 39.580144158912198 ], [ -0.351291086971429, 39.577265508552799 ], [ -0.347074391518727, 39.574584902930503 ], [ -0.347145976017931, 39.5730184658821 ], [ -0.343215127295872, 39.572008033199403 ], [ -0.341273503026305, 39.571344285070197 ], [ -0.342460209098024, 39.569226261492901 ], [ -0.341834002636979, 39.568860008141797 ], [ -0.340528585604081, 39.567994016849198 ], [ -0.338822453282629, 39.567881731627999 ], [ -0.33556490239315, 39.567241545502299 ], [ -0.335547830893708, 39.567238191248499 ], [ -0.335287249280431, 39.5671869712316 ], [ -0.335013087666571, 39.567040479339703 ], [ -0.333861524671299, 39.566425131567101 ], [ -0.333934635604677, 39.565418958026903 ], [ -0.330223523222819, 39.564124386378502 ], [ -0.328984409577787, 39.563692099674199 ], [ -0.328542550747411, 39.563690381883802 ], [ -0.328542147207342, 39.563690449513302 ], [ -0.329333840187133, 39.562513712470597 ], [ -0.329998189957313, 39.561526256727603 ], [ -0.330464261191831, 39.560906355714401 ], [ -0.330856730226801, 39.560383867472297 ], [ -0.33199522203288, 39.5583109867476 ], [ -0.332314071323081, 39.557642657089602 ], [ -0.332539351952927, 39.557170424811098 ], [ -0.332837462792624, 39.556375495469197 ], [ -0.332756263512645, 39.556077677001703 ], [ -0.332755895063017, 39.556076297207497 ], [ -0.332755754701254, 39.556076202515698 ], [ -0.33246046864204, 39.555889375421302 ], [ -0.332195465633225, 39.555820209633403 ], [ -0.33168314519775, 39.555826459312399 ], [ -0.331220477735988, 39.555908286766901 ], [ -0.331097362924491, 39.555930065920997 ], [ -0.330167852238512, 39.555890701109497 ], [ -0.329823878192709, 39.5557566711988 ], [ -0.329576718673033, 39.555525811239796 ], [ -0.329494063139762, 39.5552536373728 ], [ -0.329509046757977, 39.554560306145902 ], [ -0.329508836215333, 39.5545600491198 ], [ -0.329321014631026, 39.554303739504299 ], [ -0.329060520743852, 39.554117570497198 ], [ -0.327973611885728, 39.553633166193599 ], [ -0.327409831318841, 39.553467057270197 ], [ -0.326564678052512, 39.553078724196503 ], [ -0.326564625416851, 39.553078710668601 ], [ -0.326564221876782, 39.553078521276902 ], [ -0.32656411660546, 39.553078480692903 ], [ -0.326564221876782, 39.553078304829199 ], [ -0.326564274512443, 39.553078223661302 ], [ -0.326564678052512, 39.553077520206401 ], [ -0.326776133048688, 39.552713792479601 ], [ -0.327724189032622, 39.551475383145302 ], [ -0.32773171593217, 39.551465548076699 ], [ -0.327732786190614, 39.551465061058202 ], [ -0.327933152607502, 39.551371066411299 ], [ -0.329193846873618, 39.551571244552598 ], [ -0.330339672581821, 39.551732690772198 ], [ -0.331237794868516, 39.551829904646198 ], [ -0.332135917155211, 39.5519271048557 ], [ -0.332136215423958, 39.551926563727598 ], [ -0.334285101382026, 39.552020936410997 ], [ -0.335103550822917, 39.551302139628298 ], [ -0.337513948290943, 39.550960426818897 ], [ -0.338279744525434, 39.551023022659997 ], [ -0.338845665609209, 39.5511351051952 ], [ -0.339426236952012, 39.551400395785102 ], [ -0.340526901262924, 39.551903295213599 ], [ -0.340595924159949, 39.551922884056097 ], [ -0.340894789444123, 39.5520198541562 ], [ -0.341310154991706, 39.55202042234 ], [ -0.341313699126225, 39.552020435868201 ], [ -0.3413143658446, 39.552020002966302 ], [ -0.341468623422295, 39.551924845645701 ], [ -0.342007244143139, 39.5508778224088 ], [ -0.342008840758194, 39.5508747514601 ], [ -0.342009121481721, 39.550874196795398 ], [ -0.342197188699113, 39.550824466347102 ] ], [ [ -0.338397174685524, 39.552840915449003 ], [ -0.3379656850804, 39.553528960927203 ], [ -0.337681452510034, 39.553982184380303 ], [ -0.337870432078887, 39.554047374830702 ], [ -0.338115047541605, 39.554131774660803 ], [ -0.337928313760963, 39.554426381886401 ], [ -0.337783004245669, 39.554655595128303 ], [ -0.338852297702518, 39.555013428167697 ], [ -0.33911093179633, 39.554580678843898 ], [ -0.339850778649861, 39.553342681617501 ], [ -0.338397174685524, 39.552840915449003 ] ] ] } },
{ "type": "Feature", "properties": { "OBJECTID": 7097, "Codigo": "46074", "Texto": "Bonrepòs i Mirambell", "Cod_Prov": "46", "Cod_CCAA": "10", "FechaId": "01012017", "NUTS_0": "ES", "NUTS_1": "ES5", "NUTS_2": "ES52", "NUTS_3": "ES523", "PAD_2C02": 3629, "PAD_2C03": 241, "PAD_2C04": 284, "PAD_2C05": 192, "PAD_2C06": 127, "PAD_2C07": 141, "PAD_2C08": 169, "PAD_2C09": 240, "PAD_2C10": 448, "PAD_2C11": 432, "PAD_2C12": 272, "PAD_2C13": 220, "PAD_2C14": 190, "PAD_2C15": 166, "PAD_2C16": 134, "PAD_2C17": 124, "PAD_2C18": 93, "PAD_2C19": 89, "PAD_2C20": 67, "PAD_2C21": 1774, "PAD_2C22": 121, "PAD_2C23": 139, "PAD_2C24": 80, "PAD_2C25": 63, "PAD_2C26": 64, "PAD_2C27": 84, "PAD_2C28": 120, "PAD_2C29": 232, "PAD_2C30": 228, "PAD_2C31": 145, "PAD_2C32": 110, "PAD_2C33": 94, "PAD_2C34": 84, "PAD_2C35": 48, "PAD_2C36": 58, "PAD_2C37": 43, "PAD_2C38": 37, "PAD_2C39": 24, "PAD_2C40": 1855, "PAD_2C41": 120, "PAD_2C42": 145, "PAD_2C43": 112, "PAD_2C44": 64, "PAD_2C45": 77, "PAD_2C46": 85, "PAD_2C47": 120, "PAD_2C48": 216, "PAD_2C49": 204, "PAD_2C50": 127, "PAD_2C51": 110, "PAD_2C52": 96, "PAD_2C53": 82, "PAD_2C54": 86, "PAD_2C55": 66, "PAD_2C56": 50, "PAD_2C57": 52, "PAD_2C58": 43, "PAD_3C03": 3423, "PAD_3C04": 206, "PAD_3C05": 88, "PAD_3C06": 0, "PAD_3C07": 22, "PAD_3C08": 4, "PAD_3C09": 14, "PAD_3C10": 2, "PAD_3C100": 2, "PAD_3C101": 4, "PAD_3C102": 0, "PAD_3C103": 5, "PAD_3C104": 0, "PAD_3C105": 1, "PAD_3C106": 0, "PAD_3C107": 2, "PAD_3C108": 4, "PAD_3C109": 4, "PAD_3C11": 1, "PAD_3C110": 0, "PAD_3C111": 0, "PAD_3C112": 0, "PAD_3C12": 5, "PAD_3C13": 37, "PAD_3C14": 23, "PAD_3C15": 6, "PAD_3C16": 12, "PAD_3C17": 36, "PAD_3C18": 13, "PAD_3C19": 11, "PAD_3C20": 5, "PAD_3C21": 1, "PAD_3C22": 55, "PAD_3C23": 6, "PAD_3C24": 1, "PAD_3C25": 6, "PAD_3C26": 4, "PAD_3C27": 8, "PAD_3C28": 0, "PAD_3C29": 11, "PAD_3C30": 0, "PAD_3C31": 1, "PAD_3C32": 0, "PAD_3C33": 3, "PAD_3C34": 5, "PAD_3C35": 4, "PAD_3C36": 0, "PAD_3C37": 0, "PAD_3C38": 0, "PAD_3C39": 1774, "PAD_3C40": 1690, "PAD_3C41": 84, "PAD_3C42": 40, "PAD_3C43": 0, "PAD_3C44": 12, "PAD_3C45": 0, "PAD_3C46": 7, "PAD_3C47": 1, "PAD_3C48": 0, "PAD_3C49": 1, "PAD_3C50": 18, "PAD_3C51": 8, "PAD_3C52": 1, "PAD_3C53": 5, "PAD_3C54": 17, "PAD_3C55": 8, "PAD_3C56": 5, "PAD_3C57": 2, "PAD_3C58": 0, "PAD_3C59": 19, "PAD_3C60": 1, "PAD_3C61": 0, "PAD_3C62": 2, "PAD_3C63": 2, "PAD_3C64": 4, "PAD_3C65": 0, "PAD_3C66": 6, "PAD_3C67": 0, "PAD_3C68": 0, "PAD_3C69": 0, "PAD_3C70": 1, "PAD_3C71": 1, "PAD_3C72": 0, "PAD_3C73": 0, "PAD_3C74": 0, "PAD_3C75": 0, "PAD_3C76": 1855, "PAD_3C77": 1733, "PAD_3C78": 122, "PAD_3C79": 48, "PAD_3C80": 0, "PAD_3C81": 10, "PAD_3C82": 4, "PAD_3C83": 7, "PAD_3C84": 1, "PAD_3C85": 1, "PAD_3C86": 4, "PAD_3C87": 19, "PAD_3C88": 15, "PAD_3C89": 5, "PAD_3C90": 7, "PAD_3C91": 19, "PAD_3C92": 5, "PAD_3C93": 6, "PAD_3C94": 3, "PAD_3C95": 1, "PAD_3C96": 36, "PAD_3C97": 5, "PAD_3C98": 1, "PAD_3C99": 4, "PAD_3_COD_PROV": "46", "PAD_3_COD_CCAA": "10", "Shape__Area": 1774656.3480835001, "Shape__Length": 6132.51971750762 }, "geometry": { "type": "Polygon", "coordinates": [ [ [ -0.361257469949102, 39.5167376831279 ], [ -0.361257846343219, 39.516737101011998 ], [ -0.361258184109761, 39.516737699066802 ], [ -0.361783125425823, 39.516019856966899 ], [ -0.36194509077323, 39.515798370978303 ], [ -0.361995390140907, 39.5156835088397 ], [ -0.362288842794799, 39.515013385012999 ], [ -0.362747383339975, 39.513960788905898 ], [ -0.363069582981249, 39.513436601033099 ], [ -0.363230533232402, 39.513178965266199 ], [ -0.363739669589365, 39.512325699233301 ], [ -0.364285135613009, 39.511428536152302 ], [ -0.364285211071499, 39.511428407245397 ], [ -0.364518631111562, 39.5115367818754 ], [ -0.366183079975626, 39.5123079172307 ], [ -0.366595554014748, 39.512452363816799 ], [ -0.366595599828833, 39.512452379063603 ], [ -0.366595662710897, 39.512452415794698 ], [ -0.366720168310973, 39.5125281197544 ], [ -0.367505128782654, 39.5129966598343 ], [ -0.367936865396403, 39.513267693237999 ], [ -0.367937698134679, 39.513268265680601 ], [ -0.368547382023062, 39.513731944048502 ], [ -0.368793858177439, 39.513980736181502 ], [ -0.36903999297202, 39.514238574802 ], [ -0.369869114623077, 39.515383463741102 ], [ -0.37119970281518, 39.517394234078097 ], [ -0.371200561604605, 39.517395529273898 ], [ -0.371201605446965, 39.517397471028097 ], [ -0.371537720890276, 39.518015713226298 ], [ -0.372187811000136, 39.520555802980503 ], [ -0.372247363913581, 39.5207884830374 ], [ -0.372251338958737, 39.5208170992926 ], [ -0.372466875338118, 39.522369956948197 ], [ -0.373046803431011, 39.523814312322997 ], [ -0.373576417783174, 39.525133314343798 ], [ -0.373689758222593, 39.525415538678999 ], [ -0.37389783678847, 39.526180123106002 ], [ -0.373904363947347, 39.526204148058099 ], [ -0.372553710985043, 39.526236663804198 ], [ -0.371645086634733, 39.526270216113701 ], [ -0.371589355154507, 39.526295931710202 ], [ -0.371384637186105, 39.526390391216701 ], [ -0.371155686264568, 39.5266014229558 ], [ -0.370871440444062, 39.527384032999798 ], [ -0.370871426969339, 39.527384069029999 ], [ -0.370871992009646, 39.527384346878499 ], [ -0.370870544823722, 39.5273883316829 ], [ -0.370870525959083, 39.527388367713201 ], [ -0.370671133203675, 39.527735694747498 ], [ -0.3706693716074, 39.527736262913599 ], [ -0.3704644362467, 39.527964111689798 ], [ -0.370203629268594, 39.528093388329999 ], [ -0.369875756766283, 39.528148989309102 ], [ -0.369646342314077, 39.528062728991898 ], [ -0.369477828248263, 39.5279057189341 ], [ -0.369432848703663, 39.527400336675598 ], [ -0.369428816166359, 39.527355115965001 ], [ -0.369410123123592, 39.527330284194797 ], [ -0.369063254846325, 39.526869391958201 ], [ -0.369094250316875, 39.526356559726899 ], [ -0.36909463569413, 39.526354483107802 ], [ -0.369116556383702, 39.526239946766403 ], [ -0.369355145329897, 39.524993136139102 ], [ -0.369319847827447, 39.524695034694901 ], [ -0.369157080284465, 39.524413807313202 ], [ -0.369156682330818, 39.524413113701698 ], [ -0.369156096629244, 39.524412122827997 ], [ -0.3685841069485, 39.524155885200798 ], [ -0.367593764653396, 39.523890222171602 ], [ -0.366982488950356, 39.523762243870102 ], [ -0.366548721245736, 39.5236714262726 ], [ -0.366532015276381, 39.5236679429334 ], [ -0.366526195091654, 39.523666654090903 ], [ -0.366174687015945, 39.523588738667598 ], [ -0.364764066118537, 39.523276045020403 ], [ -0.364132936749379, 39.523136133309997 ], [ -0.364132601677762, 39.523136054315799 ], [ -0.363744593255423, 39.522938082155498 ], [ -0.363498100931364, 39.522689243109298 ], [ -0.363328854738549, 39.522243950724899 ], [ -0.363328124408242, 39.522240537994001 ], [ -0.363111660967491, 39.521221064955803 ], [ -0.362902022027955, 39.520919027282098 ], [ -0.362415740608446, 39.520584408937196 ], [ -0.36241460244299, 39.520583627282001 ], [ -0.362112048058674, 39.520279453905701 ], [ -0.361883711584785, 39.519859902856702 ], [ -0.361665853060408, 39.519161277235 ], [ -0.361555732182987, 39.5183840067848 ], [ -0.361359350580415, 39.517118331877697 ], [ -0.361257469949102, 39.5167376831279 ] ] ] } },
{ "type": "Feature", "properties": { "OBJECTID": 7048, "Codigo": "46025", "Texto": "Alfara del Patriarca", "Cod_Prov": "46", "Cod_CCAA": "10", "FechaId": "01012017", "NUTS_0": "ES", "NUTS_1": "ES5", "NUTS_2": "ES52", "NUTS_3": "ES523", "PAD_2C02": 3348, "PAD_2C03": 183, "PAD_2C04": 161, "PAD_2C05": 135, "PAD_2C06": 165, "PAD_2C07": 240, "PAD_2C08": 208, "PAD_2C09": 268, "PAD_2C10": 364, "PAD_2C11": 258, "PAD_2C12": 234, "PAD_2C13": 221, "PAD_2C14": 220, "PAD_2C15": 149, "PAD_2C16": 146, "PAD_2C17": 154, "PAD_2C18": 109, "PAD_2C19": 76, "PAD_2C20": 57, "PAD_2C21": 1630, "PAD_2C22": 93, "PAD_2C23": 80, "PAD_2C24": 70, "PAD_2C25": 75, "PAD_2C26": 99, "PAD_2C27": 110, "PAD_2C28": 128, "PAD_2C29": 189, "PAD_2C30": 131, "PAD_2C31": 129, "PAD_2C32": 111, "PAD_2C33": 110, "PAD_2C34": 73, "PAD_2C35": 68, "PAD_2C36": 70, "PAD_2C37": 48, "PAD_2C38": 25, "PAD_2C39": 21, "PAD_2C40": 1718, "PAD_2C41": 90, "PAD_2C42": 81, "PAD_2C43": 65, "PAD_2C44": 90, "PAD_2C45": 141, "PAD_2C46": 98, "PAD_2C47": 140, "PAD_2C48": 175, "PAD_2C49": 127, "PAD_2C50": 105, "PAD_2C51": 110, "PAD_2C52": 110, "PAD_2C53": 76, "PAD_2C54": 78, "PAD_2C55": 84, "PAD_2C56": 61, "PAD_2C57": 51, "PAD_2C58": 36, "PAD_3C03": 3017, "PAD_3C04": 331, "PAD_3C05": 223, "PAD_3C06": 6, "PAD_3C07": 0, "PAD_3C08": 115, "PAD_3C09": 3, "PAD_3C10": 2, "PAD_3C100": 3, "PAD_3C101": 1, "PAD_3C102": 5, "PAD_3C103": 0, "PAD_3C104": 1, "PAD_3C105": 0, "PAD_3C106": 0, "PAD_3C107": 1, "PAD_3C108": 0, "PAD_3C109": 9, "PAD_3C11": 3, "PAD_3C110": 8, "PAD_3C111": 0, "PAD_3C112": 0, "PAD_3C12": 8, "PAD_3C13": 74, "PAD_3C14": 31, "PAD_3C15": 6, "PAD_3C16": 16, "PAD_3C17": 29, "PAD_3C18": 4, "PAD_3C19": 16, "PAD_3C20": 0, "PAD_3C21": 0, "PAD_3C22": 27, "PAD_3C23": 2, "PAD_3C24": 1, "PAD_3C25": 1, "PAD_3C26": 6, "PAD_3C27": 1, "PAD_3C28": 6, "PAD_3C29": 2, "PAD_3C30": 1, "PAD_3C31": 1, "PAD_3C32": 0, "PAD_3C33": 1, "PAD_3C34": 0, "PAD_3C35": 20, "PAD_3C36": 16, "PAD_3C37": 1, "PAD_3C38": 1, "PAD_3C39": 1630, "PAD_3C40": 1488, "PAD_3C41": 142, "PAD_3C42": 89, "PAD_3C43": 3, "PAD_3C44": 0, "PAD_3C45": 41, "PAD_3C46": 2, "PAD_3C47": 1, "PAD_3C48": 1, "PAD_3C49": 1, "PAD_3C50": 37, "PAD_3C51": 17, "PAD_3C52": 4, "PAD_3C53": 11, "PAD_3C54": 11, "PAD_3C55": 2, "PAD_3C56": 5, "PAD_3C57": 0, "PAD_3C58": 0, "PAD_3C59": 13, "PAD_3C60": 2, "PAD_3C61": 0, "PAD_3C62": 0, "PAD_3C63": 3, "PAD_3C64": 0, "PAD_3C65": 1, "PAD_3C66": 2, "PAD_3C67": 0, "PAD_3C68": 1, "PAD_3C69": 0, "PAD_3C70": 0, "PAD_3C71": 0, "PAD_3C72": 11, "PAD_3C73": 8, "PAD_3C74": 1, "PAD_3C75": 1, "PAD_3C76": 1718, "PAD_3C77": 1529, "PAD_3C78": 189, "PAD_3C79": 134, "PAD_3C80": 3, "PAD_3C81": 0, "PAD_3C82": 74, "PAD_3C83": 1, "PAD_3C84": 1, "PAD_3C85": 2, "PAD_3C86": 7, "PAD_3C87": 37, "PAD_3C88": 14, "PAD_3C89": 2, "PAD_3C90": 5, "PAD_3C91": 18, "PAD_3C92": 2, "PAD_3C93": 11, "PAD_3C94": 0, "PAD_3C95": 0, "PAD_3C96": 14, "PAD_3C97": 0, "PAD_3C98": 1, "PAD_3C99": 1, "PAD_3_COD_PROV": "46", "PAD_3_COD_CCAA": "10", "Shape__Area": 3334941.66038513, "Shape__Length": 8694.5245031986506 }, "geometry": { "type": "Polygon", "coordinates": [ [ [ -0.373492150419651, 39.531293842094101 ], [ -0.373564931923953, 39.5299801937513 ], [ -0.37385653943824, 39.528725536950503 ], [ -0.373889238114587, 39.5286354997871 ], [ -0.373933249275282, 39.528514317661099 ], [ -0.373960378396859, 39.528439623325802 ], [ -0.373963305108069, 39.528361957151297 ], [ -0.373976297442023, 39.528017305698 ], [ -0.373976325289799, 39.528016558770503 ], [ -0.373979087609307, 39.528017332720403 ], [ -0.37397922594986, 39.528017372214798 ], [ -0.374747590046665, 39.528232182830003 ], [ -0.375304496115479, 39.528271812812797 ], [ -0.375968714029791, 39.5282417688313 ], [ -0.375969554852907, 39.528242138829398 ], [ -0.376264768204743, 39.528371854237399 ], [ -0.376357812108609, 39.528412734093799 ], [ -0.376359520704255, 39.5284159927023 ], [ -0.376359564721713, 39.528416075154801 ], [ -0.376477163175574, 39.528640649244998 ], [ -0.376476386132851, 39.5288137080857 ], [ -0.376475607293501, 39.528991954727701 ], [ -0.376595304211848, 39.529210855115601 ], [ -0.3769681436823, 39.529368275865103 ], [ -0.377316736724927, 39.529515445973502 ], [ -0.377472687851533, 39.529699109718301 ], [ -0.37751624266807, 39.529986347067997 ], [ -0.377519302329917, 39.530006469192699 ], [ -0.377687086065424, 39.530178982118997 ], [ -0.377698486584722, 39.530190717106301 ], [ -0.377700968629835, 39.530191858248301 ], [ -0.378087255880102, 39.530370668804103 ], [ -0.378653429867704, 39.530473504965897 ], [ -0.378810420345085, 39.530470200725198 ], [ -0.383613165095266, 39.530369159063902 ], [ -0.384567777798216, 39.5303570658985 ], [ -0.384862541094107, 39.530353330000899 ], [ -0.384893477275849, 39.530352939921102 ], [ -0.384801892236003, 39.531242727068999 ], [ -0.384529357751856, 39.531791434764202 ], [ -0.384512658070714, 39.531825052981198 ], [ -0.384399197257084, 39.532053464092002 ], [ -0.384347121920045, 39.5325112332469 ], [ -0.384347057241354, 39.532511727240298 ], [ -0.38445816896054, 39.533270992269102 ], [ -0.384458365691571, 39.533272086940798 ], [ -0.384458447438274, 39.533272400100103 ], [ -0.384665774114247, 39.5342485847831 ], [ -0.384890962891373, 39.534758155839398 ], [ -0.385265881063408, 39.535133082269297 ], [ -0.385563733665516, 39.535430944914999 ], [ -0.385692095733099, 39.535731136880898 ], [ -0.385734983999722, 39.536214053323903 ], [ -0.38577385589869, 39.536651837658603 ], [ -0.385943667131779, 39.5370880937039 ], [ -0.38702737492761, 39.539192023744 ], [ -0.387028127715811, 39.539193500731997 ], [ -0.387028247191759, 39.539194034858497 ], [ -0.387107275580577, 39.5395646449428 ], [ -0.38709698717562, 39.5396261328736 ], [ -0.38695721830056, 39.540462142888998 ], [ -0.387072959936721, 39.5407890811627 ], [ -0.387357562388408, 39.541263722150703 ], [ -0.387357671084557, 39.541263909193297 ], [ -0.387514828648565, 39.541726921967197 ], [ -0.387601833178778, 39.542026290050401 ], [ -0.387628158308186, 39.542116861269903 ], [ -0.38755227761613, 39.542233291004003 ], [ -0.38725816110725, 39.5426845083256 ], [ -0.38725811169991, 39.542684583141103 ], [ -0.387257783814836, 39.542685088838603 ], [ -0.387257716441187, 39.5426951189664 ], [ -0.38725522002302, 39.5430633488307 ], [ -0.387365894262654, 39.543525316049497 ], [ -0.387507016898839, 39.543837157891403 ], [ -0.387613019898999, 39.5440713822898 ], [ -0.3877963319125, 39.544341777653699 ], [ -0.387811498169463, 39.544364144877697 ], [ -0.388174051929915, 39.544624548045597 ], [ -0.388362899362196, 39.544862996037899 ], [ -0.388369819983169, 39.544911601029 ], [ -0.388418142158901, 39.545251632048902 ], [ -0.388630765301828, 39.546826484234103 ], [ -0.388673117274218, 39.547140196748501 ], [ -0.388809696231684, 39.5481522197122 ], [ -0.388818276939292, 39.548233519023 ], [ -0.388571215981638, 39.548408828022303 ], [ -0.387981487268977, 39.548827290159501 ], [ -0.386533244927494, 39.549587498842499 ], [ -0.386392063900798, 39.549629324163803 ], [ -0.385004183854845, 39.550021504158103 ], [ -0.384186404332573, 39.550417470088298 ], [ -0.383816759271266, 39.550681444734302 ], [ -0.38311018040136, 39.551186013339397 ], [ -0.382996984590741, 39.551256802277699 ], [ -0.38244280940037, 39.551603364344402 ], [ -0.382101861020809, 39.550766928877501 ], [ -0.381844049924155, 39.549887256926702 ], [ -0.381706896044914, 39.548893182911897 ], [ -0.380905441606294, 39.5463796737818 ], [ -0.380510941957695, 39.5457311919006 ], [ -0.379865763835797, 39.544941873319097 ], [ -0.379264030037693, 39.544234651234397 ], [ -0.377980712992453, 39.543088582300101 ], [ -0.377755314009573, 39.542894287951 ], [ -0.376884256306115, 39.542235013850302 ], [ -0.376884114372307, 39.542234916866597 ], [ -0.376883369668946, 39.542234418093201 ], [ -0.376883324753191, 39.542234384841699 ], [ -0.376593138373679, 39.542037486159501 ], [ -0.376362339617647, 39.541880888715603 ], [ -0.376357301865524, 39.5418754776897 ], [ -0.374863909299526, 39.540270486838899 ], [ -0.374623094328057, 39.5398686638745 ], [ -0.374520092599266, 39.539515031000597 ], [ -0.374477907713536, 39.539090653240002 ], [ -0.374523392111305, 39.5389725320236 ], [ -0.374684257022501, 39.538554793989697 ], [ -0.374697154135029, 39.538212727327902 ], [ -0.374530213019266, 39.537714625761502 ], [ -0.374529833031894, 39.537713454953398 ], [ -0.373576801363801, 39.535836109332998 ], [ -0.373376627074118, 39.535282089961001 ], [ -0.373164616582212, 39.533808848153903 ], [ -0.373195170081657, 39.532998739937199 ], [ -0.3733131970319, 39.532028492662199 ], [ -0.373492150419651, 39.531293842094101 ] ] ] } },
{ "type": "Feature", "properties": { "OBJECTID": 7283, "Codigo": "46260", "Texto": "Vinalesa", "Cod_Prov": "46", "Cod_CCAA": "10", "FechaId": "01012017", "NUTS_0": "ES", "NUTS_1": "ES5", "NUTS_2": "ES52", "NUTS_3": "ES523", "PAD_2C02": 3345, "PAD_2C03": 172, "PAD_2C04": 232, "PAD_2C05": 178, "PAD_2C06": 158, "PAD_2C07": 116, "PAD_2C08": 146, "PAD_2C09": 200, "PAD_2C10": 361, "PAD_2C11": 354, "PAD_2C12": 317, "PAD_2C13": 226, "PAD_2C14": 173, "PAD_2C15": 128, "PAD_2C16": 132, "PAD_2C17": 147, "PAD_2C18": 112, "PAD_2C19": 100, "PAD_2C20": 93, "PAD_2C21": 1622, "PAD_2C22": 80, "PAD_2C23": 119, "PAD_2C24": 92, "PAD_2C25": 76, "PAD_2C26": 57, "PAD_2C27": 74, "PAD_2C28": 98, "PAD_2C29": 187, "PAD_2C30": 190, "PAD_2C31": 162, "PAD_2C32": 114, "PAD_2C33": 90, "PAD_2C34": 59, "PAD_2C35": 57, "PAD_2C36": 58, "PAD_2C37": 47, "PAD_2C38": 43, "PAD_2C39": 19, "PAD_2C40": 1723, "PAD_2C41": 92, "PAD_2C42": 113, "PAD_2C43": 86, "PAD_2C44": 82, "PAD_2C45": 59, "PAD_2C46": 72, "PAD_2C47": 102, "PAD_2C48": 174, "PAD_2C49": 164, "PAD_2C50": 155, "PAD_2C51": 112, "PAD_2C52": 83, "PAD_2C53": 69, "PAD_2C54": 75, "PAD_2C55": 89, "PAD_2C56": 65, "PAD_2C57": 57, "PAD_2C58": 74, "PAD_3C03": 3259, "PAD_3C04": 86, "PAD_3C05": 26, "PAD_3C06": 0, "PAD_3C07": 0, "PAD_3C08": 6, "PAD_3C09": 9, "PAD_3C10": 0, "PAD_3C100": 1, "PAD_3C101": 1, "PAD_3C102": 0, "PAD_3C103": 2, "PAD_3C104": 0, "PAD_3C105": 1, "PAD_3C106": 0, "PAD_3C107": 2, "PAD_3C108": 1, "PAD_3C109": 1, "PAD_3C11": 1, "PAD_3C110": 0, "PAD_3C111": 0, "PAD_3C112": 0, "PAD_3C12": 1, "PAD_3C13": 6, "PAD_3C14": 6, "PAD_3C15": 1, "PAD_3C16": 4, "PAD_3C17": 21, "PAD_3C18": 9, "PAD_3C19": 11, "PAD_3C20": 0, "PAD_3C21": 1, "PAD_3C22": 32, "PAD_3C23": 3, "PAD_3C24": 3, "PAD_3C25": 3, "PAD_3C26": 1, "PAD_3C27": 1, "PAD_3C28": 0, "PAD_3C29": 2, "PAD_3C30": 0, "PAD_3C31": 1, "PAD_3C32": 0, "PAD_3C33": 5, "PAD_3C34": 7, "PAD_3C35": 1, "PAD_3C36": 0, "PAD_3C37": 0, "PAD_3C38": 0, "PAD_3C39": 1622, "PAD_3C40": 1583, "PAD_3C41": 39, "PAD_3C42": 12, "PAD_3C43": 0, "PAD_3C44": 0, "PAD_3C45": 3, "PAD_3C46": 7, "PAD_3C47": 0, "PAD_3C48": 1, "PAD_3C49": 0, "PAD_3C50": 1, "PAD_3C51": 1, "PAD_3C52": 0, "PAD_3C53": 1, "PAD_3C54": 10, "PAD_3C55": 4, "PAD_3C56": 5, "PAD_3C57": 0, "PAD_3C58": 1, "PAD_3C59": 16, "PAD_3C60": 3, "PAD_3C61": 1, "PAD_3C62": 1, "PAD_3C63": 0, "PAD_3C64": 0, "PAD_3C65": 0, "PAD_3C66": 0, "PAD_3C67": 0, "PAD_3C68": 0, "PAD_3C69": 0, "PAD_3C70": 3, "PAD_3C71": 6, "PAD_3C72": 0, "PAD_3C73": 0, "PAD_3C74": 0, "PAD_3C75": 0, "PAD_3C76": 1723, "PAD_3C77": 1676, "PAD_3C78": 47, "PAD_3C79": 14, "PAD_3C80": 0, "PAD_3C81": 0, "PAD_3C82": 3, "PAD_3C83": 2, "PAD_3C84": 0, "PAD_3C85": 0, "PAD_3C86": 1, "PAD_3C87": 5, "PAD_3C88": 5, "PAD_3C89": 1, "PAD_3C90": 3, "PAD_3C91": 11, "PAD_3C92": 5, "PAD_3C93": 6, "PAD_3C94": 0, "PAD_3C95": 0, "PAD_3C96": 16, "PAD_3C97": 0, "PAD_3C98": 2, "PAD_3C99": 2, "PAD_3_COD_PROV": "46", "PAD_3_COD_CCAA": "10", "Shape__Area": 2573862.5662231399, "Shape__Length": 8604.9698786084591 }, "geometry": { "type": "Polygon", "coordinates": [ [ [ -0.367857428274139, 39.541899267219499 ], [ -0.367883660877078, 39.541871560912902 ], [ -0.367858392166424, 39.541872550151901 ], [ -0.367775628582675, 39.541875787346399 ], [ -0.367479233047959, 39.5420222028675 ], [ -0.367359673571834, 39.542144065933499 ], [ -0.36735818506341, 39.542145585808797 ], [ -0.366169939419652, 39.541569112207299 ], [ -0.366171173704864, 39.541567387958999 ], [ -0.366857726432109, 39.5406117577731 ], [ -0.366924665293823, 39.5403790720936 ], [ -0.366924242187323, 39.5403770312247 ], [ -0.366756668657604, 39.539591513922097 ], [ -0.36659455688477, 39.5392634698877 ], [ -0.365920982118458, 39.5386549390619 ], [ -0.365919507084757, 39.538653617937101 ], [ -0.365919838563086, 39.538652993745401 ], [ -0.366162618150107, 39.538207717828897 ], [ -0.366244580436612, 39.538057418835699 ], [ -0.366237511593653, 39.538051429731098 ], [ -0.364948272854079, 39.536955949712599 ], [ -0.36460482715802, 39.536699580326903 ], [ -0.36407702470777, 39.536305583342497 ], [ -0.36323592132746, 39.535781994341797 ], [ -0.362806091837082, 39.535456910686598 ], [ -0.362694300991523, 39.5353373082948 ], [ -0.362515143686231, 39.535153038706099 ], [ -0.362460224283015, 39.5350579752103 ], [ -0.362362290849048, 39.534888319102201 ], [ -0.362274027779135, 39.534769578978597 ], [ -0.362273734928347, 39.534769184766702 ], [ -0.362273552570337, 39.534768297963197 ], [ -0.362186468988379, 39.5343077682545 ], [ -0.36229851315882, 39.533689048931301 ], [ -0.362451281554343, 39.532845356944598 ], [ -0.362414653646958, 39.532583277257203 ], [ -0.362327643726863, 39.532428459170703 ], [ -0.36232746406381, 39.532428143929103 ], [ -0.362288806862182, 39.532413353208099 ], [ -0.362052708045941, 39.532322993113702 ], [ -0.362654376267057, 39.530543737189902 ], [ -0.362136407674232, 39.530109693896598 ], [ -0.362643000900612, 39.529020440807003 ], [ -0.361327567287344, 39.528117849135597 ], [ -0.36226762368946, 39.527868912938096 ], [ -0.365499500671973, 39.528851584071703 ], [ -0.366755773935561, 39.5276188769299 ], [ -0.3668703154225, 39.526729032947799 ], [ -0.365531834632299, 39.525834415230399 ], [ -0.366532015276381, 39.5236679429334 ], [ -0.366548721245736, 39.5236714262726 ], [ -0.366982488950356, 39.523762243870102 ], [ -0.367593764653396, 39.523890222171602 ], [ -0.3685841069485, 39.524155885200798 ], [ -0.369156096629244, 39.524412122827997 ], [ -0.369156682330818, 39.524413113701698 ], [ -0.369157080284465, 39.524413807313202 ], [ -0.369319847827447, 39.524695034694901 ], [ -0.369355145329897, 39.524993136139102 ], [ -0.369116556383702, 39.526239946766403 ], [ -0.36909463569413, 39.526354483107802 ], [ -0.369094250316875, 39.526356559726899 ], [ -0.369063254846325, 39.526869391958201 ], [ -0.369410123123592, 39.527330284194797 ], [ -0.369428816166359, 39.527355115965001 ], [ -0.369432848703663, 39.527400336675598 ], [ -0.369477828248263, 39.5279057189341 ], [ -0.369646342314077, 39.528062728991898 ], [ -0.369875756766283, 39.528148989309102 ], [ -0.370203629268594, 39.528093388329999 ], [ -0.3704644362467, 39.527964111689798 ], [ -0.3706693716074, 39.527736262913599 ], [ -0.370671133203675, 39.527735694747498 ], [ -0.370870525959083, 39.527388367713201 ], [ -0.370870544823722, 39.5273883316829 ], [ -0.373975962370439, 39.528016014857599 ], [ -0.373976325289799, 39.528016558770503 ], [ -0.373976297442023, 39.528017305698 ], [ -0.373963305108069, 39.528361957151297 ], [ -0.373960378396859, 39.528439623325802 ], [ -0.373933249275282, 39.528514317661099 ], [ -0.373889238114587, 39.5286354997871 ], [ -0.37385653943824, 39.528725536950503 ], [ -0.373564931923953, 39.5299801937513 ], [ -0.373492150419651, 39.531293842094101 ], [ -0.3733131970319, 39.532028492662199 ], [ -0.373195170081657, 39.532998739937199 ], [ -0.373164616582212, 39.533808848153903 ], [ -0.373376627074118, 39.535282089961001 ], [ -0.373576801363801, 39.535836109332998 ], [ -0.374529833031894, 39.537713454953398 ], [ -0.374530213019266, 39.537714625761502 ], [ -0.374697154135029, 39.538212727327902 ], [ -0.374684257022501, 39.538554793989697 ], [ -0.374523392111305, 39.5389725320236 ], [ -0.374477907713536, 39.539090653240002 ], [ -0.374520092599266, 39.539515031000597 ], [ -0.374623094328057, 39.5398686638745 ], [ -0.374863909299526, 39.540270486838899 ], [ -0.376357301865524, 39.5418754776897 ], [ -0.376362339617647, 39.541880888715603 ], [ -0.376593138373679, 39.542037486159501 ], [ -0.376883324753191, 39.542234384841699 ], [ -0.376883369668946, 39.542234418093201 ], [ -0.376884114372307, 39.542234916866597 ], [ -0.376884256306115, 39.542235013850302 ], [ -0.376884106287466, 39.542235110141199 ], [ -0.376883324753191, 39.542235615149302 ], [ -0.375870635967091, 39.542887788025801 ], [ -0.375455467880441, 39.543048937222302 ], [ -0.375256573690021, 39.543126138075998 ], [ -0.374740978446161, 39.543222566285699 ], [ -0.374536644058386, 39.543240810044502 ], [ -0.374536597345971, 39.5432408142009 ], [ -0.374458923616609, 39.543247747049698 ], [ -0.374458602918079, 39.543247776144398 ], [ -0.373935398045439, 39.543294480029601 ], [ -0.372850353556494, 39.5432114056971 ], [ -0.372264711280063, 39.543166561739902 ], [ -0.371386298171038, 39.5429569062441 ], [ -0.371180746566063, 39.5429078447577 ], [ -0.370663725695842, 39.542733946818103 ], [ -0.36984369319885, 39.542469921847001 ], [ -0.367857428274139, 39.541899267219499 ] ] ] } },
{ "type": "Feature", "properties": { "OBJECTID": 7028, "Codigo": "46005", "Texto": "Alaquàs", "Cod_Prov": "46", "Cod_CCAA": "10", "FechaId": "01012017", "NUTS_0": "ES", "NUTS_1": "ES5", "NUTS_2": "ES52", "NUTS_3": "ES523", "PAD_2C02": 29474, "PAD_2C03": 1268, "PAD_2C04": 1712, "PAD_2C05": 1774, "PAD_2C06": 1433, "PAD_2C07": 1449, "PAD_2C08": 1479, "PAD_2C09": 1811, "PAD_2C10": 2426, "PAD_2C11": 2757, "PAD_2C12": 2385, "PAD_2C13": 2108, "PAD_2C14": 1940, "PAD_2C15": 1748, "PAD_2C16": 1597, "PAD_2C17": 1306, "PAD_2C18": 852, "PAD_2C19": 775, "PAD_2C20": 654, "PAD_2C21": 14455, "PAD_2C22": 629, "PAD_2C23": 932, "PAD_2C24": 874, "PAD_2C25": 701, "PAD_2C26": 772, "PAD_2C27": 760, "PAD_2C28": 893, "PAD_2C29": 1224, "PAD_2C30": 1370, "PAD_2C31": 1223, "PAD_2C32": 1038, "PAD_2C33": 929, "PAD_2C34": 836, "PAD_2C35": 780, "PAD_2C36": 614, "PAD_2C37": 353, "PAD_2C38": 315, "PAD_2C39": 212, "PAD_2C40": 15019, "PAD_2C41": 639, "PAD_2C42": 780, "PAD_2C43": 900, "PAD_2C44": 732, "PAD_2C45": 677, "PAD_2C46": 719, "PAD_2C47": 918, "PAD_2C48": 1202, "PAD_2C49": 1387, "PAD_2C50": 1162, "PAD_2C51": 1070, "PAD_2C52": 1011, "PAD_2C53": 912, "PAD_2C54": 817, "PAD_2C55": 692, "PAD_2C56": 499, "PAD_2C57": 460, "PAD_2C58": 442, "PAD_3C03": 28055, "PAD_3C04": 1419, "PAD_3C05": 434, "PAD_3C06": 2, "PAD_3C07": 43, "PAD_3C08": 8, "PAD_3C09": 52, "PAD_3C10": 22, "PAD_3C100": 47, "PAD_3C101": 9, "PAD_3C102": 3, "PAD_3C103": 21, "PAD_3C104": 9, "PAD_3C105": 3, "PAD_3C106": 1, "PAD_3C107": 14, "PAD_3C108": 19, "PAD_3C109": 77, "PAD_3C11": 5, "PAD_3C110": 49, "PAD_3C111": 13, "PAD_3C112": 2, "PAD_3C12": 11, "PAD_3C13": 261, "PAD_3C14": 84, "PAD_3C15": 3, "PAD_3C16": 62, "PAD_3C17": 398, "PAD_3C18": 117, "PAD_3C19": 207, "PAD_3C20": 31, "PAD_3C21": 14, "PAD_3C22": 328, "PAD_3C23": 29, "PAD_3C24": 18, "PAD_3C25": 28, "PAD_3C26": 87, "PAD_3C27": 16, "PAD_3C28": 4, "PAD_3C29": 40, "PAD_3C30": 9, "PAD_3C31": 6, "PAD_3C32": 2, "PAD_3C33": 23, "PAD_3C34": 29, "PAD_3C35": 173, "PAD_3C36": 98, "PAD_3C37": 37, "PAD_3C38": 2, "PAD_3C39": 14455, "PAD_3C40": 13771, "PAD_3C41": 684, "PAD_3C42": 212, "PAD_3C43": 1, "PAD_3C44": 21, "PAD_3C45": 2, "PAD_3C46": 24, "PAD_3C47": 9, "PAD_3C48": 3, "PAD_3C49": 5, "PAD_3C50": 133, "PAD_3C51": 36, "PAD_3C52": 1, "PAD_3C53": 27, "PAD_3C54": 210, "PAD_3C55": 59, "PAD_3C56": 106, "PAD_3C57": 19, "PAD_3C58": 8, "PAD_3C59": 130, "PAD_3C60": 15, "PAD_3C61": 2, "PAD_3C62": 11, "PAD_3C63": 40, "PAD_3C64": 7, "PAD_3C65": 1, "PAD_3C66": 19, "PAD_3C67": 0, "PAD_3C68": 3, "PAD_3C69": 1, "PAD_3C70": 9, "PAD_3C71": 10, "PAD_3C72": 96, "PAD_3C73": 49, "PAD_3C74": 24, "PAD_3C75": 0, "PAD_3C76": 15019, "PAD_3C77": 14284, "PAD_3C78": 735, "PAD_3C79": 222, "PAD_3C80": 1, "PAD_3C81": 22, "PAD_3C82": 6, "PAD_3C83": 28, "PAD_3C84": 13, "PAD_3C85": 2, "PAD_3C86": 6, "PAD_3C87": 128, "PAD_3C88": 48, "PAD_3C89": 2, "PAD_3C90": 35, "PAD_3C91": 188, "PAD_3C92": 58, "PAD_3C93": 101, "PAD_3C94": 12, "PAD_3C95": 6, "PAD_3C96": 198, "PAD_3C97": 14, "PAD_3C98": 16, "PAD_3C99": 17, "PAD_3_COD_PROV": "46", "PAD_3_COD_CCAA": "10", "Shape__Area": 6552052.0967559796, "Shape__Length": 15812.6264684827 }, "geometry": { "type": "Polygon", "coordinates": [ [ [ -0.447440902262987, 39.459335659042999 ], [ -0.447206290158575, 39.457830775344398 ], [ -0.446636501350254, 39.456250756332402 ], [ -0.448497536632795, 39.455570942102497 ], [ -0.448116129031161, 39.4548778822641 ], [ -0.448075983321109, 39.454628941720998 ], [ -0.448002434655519, 39.454172697310199 ], [ -0.447724015307953, 39.4538422682445 ], [ -0.447723754796495, 39.453842225933499 ], [ -0.447066771913473, 39.453701700003897 ], [ -0.446680529578961, 39.453458956966102 ], [ -0.446573604009015, 39.4532043561953 ], [ -0.446573728874844, 39.4532034711252 ], [ -0.446573951657025, 39.453201967338302 ], [ -0.446604432392938, 39.452997839762503 ], [ -0.446924397025767, 39.452509375703798 ], [ -0.446924879421075, 39.452509220329397 ], [ -0.449111124599397, 39.4518253290966 ], [ -0.449111247668599, 39.451825290946203 ], [ -0.454647253049208, 39.450093293015897 ], [ -0.456903886619931, 39.449386047966101 ], [ -0.456904098622346, 39.449385975824697 ], [ -0.456904140843176, 39.449386081262098 ], [ -0.456904536101899, 39.449387039909404 ], [ -0.456957534907021, 39.449513251746197 ], [ -0.457120086854333, 39.449516808862199 ], [ -0.458473892903249, 39.449107964775301 ], [ -0.458483038651165, 39.449105196340703 ], [ -0.460169063251717, 39.448754700935197 ], [ -0.460623496699463, 39.448719580265603 ], [ -0.460676432622522, 39.448707561681097 ], [ -0.461455395941346, 39.4485305602811 ], [ -0.461817321779427, 39.448484389940099 ], [ -0.461861155972028, 39.448479195003003 ], [ -0.463486142743999, 39.448286613025303 ], [ -0.464142907336426, 39.448188177329399 ], [ -0.466477077194255, 39.447838334225104 ], [ -0.46867165694178, 39.4475507316589 ], [ -0.469067251636707, 39.4474988870152 ], [ -0.47248974483432, 39.447050284046497 ], [ -0.486445977376594, 39.4448345442377 ], [ -0.486618579675299, 39.444807130815597 ], [ -0.489652795854274, 39.444440233064498 ], [ -0.493969223252329, 39.444281100694901 ], [ -0.495101959299745, 39.4442977998606 ], [ -0.495240427414274, 39.444299842858101 ], [ -0.495293103724205, 39.444300626064901 ], [ -0.496329985937534, 39.444223866202599 ], [ -0.497000792994489, 39.444310358918102 ], [ -0.497350055282021, 39.444290882804701 ], [ -0.497677726561682, 39.444225850930003 ], [ -0.504963677065242, 39.4429049811962 ], [ -0.507002732385915, 39.444051513815502 ], [ -0.507845440157342, 39.444525322819501 ], [ -0.505333505382856, 39.445237213053503 ], [ -0.502650266375271, 39.445864300043603 ], [ -0.498580786747137, 39.446587594109403 ], [ -0.497200716654249, 39.446837191195897 ], [ -0.494175126996934, 39.447934182291398 ], [ -0.492863414205576, 39.448545515916102 ], [ -0.491652920885502, 39.448924792106602 ], [ -0.488268474035124, 39.4503021660949 ], [ -0.483205983217175, 39.451805261326903 ], [ -0.478827848745602, 39.453016658653503 ], [ -0.476966845802423, 39.453706022666402 ], [ -0.47635036436227, 39.454043991337599 ], [ -0.475208648755301, 39.4547669438019 ], [ -0.473659143823408, 39.4555170392603 ], [ -0.472977513863923, 39.455727444191098 ], [ -0.470477756651457, 39.456402776257903 ], [ -0.470229708445292, 39.456448835921599 ], [ -0.468370724016558, 39.456793967882902 ], [ -0.467915452440686, 39.456878500153103 ], [ -0.46695152690316, 39.457181812130003 ], [ -0.466214817640342, 39.457350714713499 ], [ -0.465803069439942, 39.457445098009003 ], [ -0.463076856825809, 39.457538322888702 ], [ -0.463068659698862, 39.457538585757597 ], [ -0.463069760135073, 39.457542353313499 ], [ -0.463275723168486, 39.458236771007897 ], [ -0.463281042093266, 39.458255580159801 ], [ -0.46328601965825, 39.458273049313803 ], [ -0.463303006800296, 39.459084191813297 ], [ -0.463135181742289, 39.4599664079877 ], [ -0.463130647046708, 39.459990312958602 ], [ -0.462855617042691, 39.459938660677899 ], [ -0.462588108632571, 39.459888412821797 ], [ -0.461190839395222, 39.459641676311797 ], [ -0.46085173974852, 39.459644986694997 ], [ -0.457334864157299, 39.459679313964799 ], [ -0.456633471261537, 39.459686137941503 ], [ -0.455121886912752, 39.459707098136803 ], [ -0.455054328213474, 39.459695528104199 ], [ -0.452707978098701, 39.459293857715998 ], [ -0.449710406895122, 39.459762337698699 ], [ -0.448815957061646, 39.459902076685701 ], [ -0.448815693855297, 39.4599021259286 ], [ -0.448803974434096, 39.459897178751497 ], [ -0.448094673668885, 39.459598028205399 ], [ -0.447489751749849, 39.459359406790803 ], [ -0.447441650559635, 39.4593404363359 ], [ -0.447440902262987, 39.459335659042999 ] ] ] } },
{ "type": "Feature", "properties": { "OBJECTID": 7036, "Codigo": "46013", "Texto": "Alboraya", "Cod_Prov": "46", "Cod_CCAA": "10", "FechaId": "01012017", "NUTS_0": "ES", "NUTS_1": "ES5", "NUTS_2": "ES52", "NUTS_3": "ES523", "PAD_2C02": 24031, "PAD_2C03": 1128, "PAD_2C04": 1506, "PAD_2C05": 1514, "PAD_2C06": 1255, "PAD_2C07": 988, "PAD_2C08": 1094, "PAD_2C09": 1430, "PAD_2C10": 2025, "PAD_2C11": 2381, "PAD_2C12": 2503, "PAD_2C13": 1994, "PAD_2C14": 1541, "PAD_2C15": 1265, "PAD_2C16": 1071, "PAD_2C17": 852, "PAD_2C18": 610, "PAD_2C19": 470, "PAD_2C20": 404, "PAD_2C21": 11802, "PAD_2C22": 554, "PAD_2C23": 773, "PAD_2C24": 794, "PAD_2C25": 638, "PAD_2C26": 509, "PAD_2C27": 533, "PAD_2C28": 692, "PAD_2C29": 1011, "PAD_2C30": 1160, "PAD_2C31": 1282, "PAD_2C32": 985, "PAD_2C33": 750, "PAD_2C34": 610, "PAD_2C35": 510, "PAD_2C36": 407, "PAD_2C37": 290, "PAD_2C38": 191, "PAD_2C39": 113, "PAD_2C40": 12229, "PAD_2C41": 574, "PAD_2C42": 733, "PAD_2C43": 720, "PAD_2C44": 617, "PAD_2C45": 479, "PAD_2C46": 561, "PAD_2C47": 738, "PAD_2C48": 1014, "PAD_2C49": 1221, "PAD_2C50": 1221, "PAD_2C51": 1009, "PAD_2C52": 791, "PAD_2C53": 655, "PAD_2C54": 561, "PAD_2C55": 445, "PAD_2C56": 320, "PAD_2C57": 279, "PAD_2C58": 291, "PAD_3C03": 21982, "PAD_3C04": 2049, "PAD_3C05": 748, "PAD_3C06": 39, "PAD_3C07": 37, "PAD_3C08": 67, "PAD_3C09": 220, "PAD_3C10": 20, "PAD_3C100": 62, "PAD_3C101": 16, "PAD_3C102": 3, "PAD_3C103": 14, "PAD_3C104": 13, "PAD_3C105": 5, "PAD_3C106": 2, "PAD_3C107": 21, "PAD_3C108": 29, "PAD_3C109": 99, "PAD_3C11": 18, "PAD_3C110": 65, "PAD_3C111": 12, "PAD_3C112": 0, "PAD_3C12": 38, "PAD_3C13": 211, "PAD_3C14": 513, "PAD_3C15": 110, "PAD_3C16": 343, "PAD_3C17": 139, "PAD_3C18": 69, "PAD_3C19": 46, "PAD_3C20": 8, "PAD_3C21": 5, "PAD_3C22": 430, "PAD_3C23": 56, "PAD_3C24": 15, "PAD_3C25": 27, "PAD_3C26": 111, "PAD_3C27": 24, "PAD_3C28": 10, "PAD_3C29": 29, "PAD_3C30": 18, "PAD_3C31": 9, "PAD_3C32": 3, "PAD_3C33": 30, "PAD_3C34": 46, "PAD_3C35": 219, "PAD_3C36": 130, "PAD_3C37": 24, "PAD_3C38": 0, "PAD_3C39": 11802, "PAD_3C40": 10808, "PAD_3C41": 994, "PAD_3C42": 404, "PAD_3C43": 22, "PAD_3C44": 18, "PAD_3C45": 37, "PAD_3C46": 142, "PAD_3C47": 12, "PAD_3C48": 10, "PAD_3C49": 20, "PAD_3C50": 96, "PAD_3C51": 220, "PAD_3C52": 42, "PAD_3C53": 149, "PAD_3C54": 80, "PAD_3C55": 43, "PAD_3C56": 23, "PAD_3C57": 4, "PAD_3C58": 3, "PAD_3C59": 170, "PAD_3C60": 24, "PAD_3C61": 6, "PAD_3C62": 7, "PAD_3C63": 49, "PAD_3C64": 8, "PAD_3C65": 7, "PAD_3C66": 15, "PAD_3C67": 5, "PAD_3C68": 4, "PAD_3C69": 1, "PAD_3C70": 9, "PAD_3C71": 17, "PAD_3C72": 120, "PAD_3C73": 65, "PAD_3C74": 12, "PAD_3C75": 0, "PAD_3C76": 12229, "PAD_3C77": 11174, "PAD_3C78": 1055, "PAD_3C79": 344, "PAD_3C80": 17, "PAD_3C81": 19, "PAD_3C82": 30, "PAD_3C83": 78, "PAD_3C84": 8, "PAD_3C85": 8, "PAD_3C86": 18, "PAD_3C87": 115, "PAD_3C88": 293, "PAD_3C89": 68, "PAD_3C90": 194, "PAD_3C91": 59, "PAD_3C92": 26, "PAD_3C93": 23, "PAD_3C94": 4, "PAD_3C95": 2, "PAD_3C96": 260, "PAD_3C97": 32, "PAD_3C98": 9, "PAD_3C99": 20, "PAD_3_COD_PROV": "46", "PAD_3_COD_CCAA": "10", "Shape__Area": 14025462.124969499, "Shape__Length": 18152.500256906002 }, "geometry": { "type": "Polygon", "coordinates": [ [ [ -0.335113733760046, 39.516748498703301 ], [ -0.334848424425721, 39.5166303138327 ], [ -0.334847431787328, 39.516630713691598 ], [ -0.334553066445119, 39.516749660856 ], [ -0.334250866895356, 39.517049050719997 ], [ -0.334250257837591, 39.5170494602784 ], [ -0.333999945876907, 39.517223459287699 ], [ -0.333731939800128, 39.517235330904597 ], [ -0.331288728839822, 39.516647726054998 ], [ -0.3312874873681, 39.5166478237674 ], [ -0.330938697594408, 39.516675736258797 ], [ -0.330725070135027, 39.516787914174202 ], [ -0.330459768885542, 39.517034062685298 ], [ -0.329953655359512, 39.517797176014298 ], [ -0.32967456766534, 39.517638903687001 ], [ -0.329589401088221, 39.517590619162704 ], [ -0.329587264894457, 39.517589741148598 ], [ -0.328799281591844, 39.517266211928799 ], [ -0.32768954421235, 39.517087508305899 ], [ -0.326754130303633, 39.5170838867312 ], [ -0.326747605839715, 39.517083863169503 ], [ -0.326387037356048, 39.517084608135598 ], [ -0.32590138475724, 39.517010354030397 ], [ -0.32553468527175, 39.516866751979101 ], [ -0.325321128779272, 39.516672691235101 ], [ -0.325231063688882, 39.516292247943198 ], [ -0.325373054995927, 39.515315223832403 ], [ -0.325373286761278, 39.515313566846899 ], [ -0.323479915721784, 39.515251949273598 ], [ -0.322464070255783, 39.515354667144003 ], [ -0.321690627982686, 39.515379589129303 ], [ -0.321648914712466, 39.515380932873299 ], [ -0.32110417542584, 39.515332327995203 ], [ -0.320726916244202, 39.515161491308803 ], [ -0.319608267577069, 39.514681939257102 ], [ -0.319594161332181, 39.514675892694697 ], [ -0.319047109782026, 39.5144934241737 ], [ -0.319047063967941, 39.514493408927301 ], [ -0.319043010769371, 39.5144920589291 ], [ -0.319788763372169, 39.512338149681703 ], [ -0.320188562182612, 39.511014078250298 ], [ -0.320286309665313, 39.510286648131199 ], [ -0.321014237896237, 39.507988224324002 ], [ -0.321370445059229, 39.506284754321896 ], [ -0.321416090255445, 39.505096664926 ], [ -0.321731336038088, 39.502338250979797 ], [ -0.322103591603626, 39.500518106248698 ], [ -0.322166676692758, 39.500087115838802 ], [ -0.322779236986681, 39.4971554170696 ], [ -0.322944943817265, 39.495564684662597 ], [ -0.323147971156297, 39.494234813717902 ], [ -0.323177929072733, 39.494038580982199 ], [ -0.323165881766459, 39.4934999796765 ], [ -0.323162062129868, 39.493329214093002 ], [ -0.323139383262179, 39.492317040168899 ], [ -0.323308995967609, 39.490321057859099 ], [ -0.323419188710266, 39.489873164172202 ], [ -0.323383196810092, 39.489295783115899 ], [ -0.323514025651438, 39.488614107187502 ], [ -0.323469538383614, 39.487955461656298 ], [ -0.323600581922333, 39.4857513631787 ], [ -0.323527618059986, 39.484623607341199 ], [ -0.323534338356639, 39.4846222207103 ], [ -0.323534385069021, 39.484622213083803 ], [ -0.323701326184818, 39.4845878287868 ], [ -0.323816555781233, 39.484564095888402 ], [ -0.324078384143839, 39.484510162810402 ], [ -0.324742864366236, 39.484462416159097 ], [ -0.326404039769411, 39.4844640551607 ], [ -0.326529909910412, 39.484464184811003 ], [ -0.326788822341607, 39.484464437178403 ], [ -0.327545184047893, 39.484445800813198 ], [ -0.327557520611699, 39.484450125032801 ], [ -0.327655839422887, 39.484484681340398 ], [ -0.32765691560461, 39.484485061971398 ], [ -0.328246993761908, 39.484692407775299 ], [ -0.328247103356387, 39.484692445907598 ], [ -0.329013347429109, 39.484961708745097 ], [ -0.329099352134419, 39.484991932293198 ], [ -0.330068843633461, 39.485332611706902 ], [ -0.330828800397497, 39.485870497009699 ], [ -0.331042279634891, 39.486021577978903 ], [ -0.331228348578017, 39.4860770919977 ], [ -0.331433829216088, 39.486138397110402 ], [ -0.331433875030174, 39.4861384116697 ], [ -0.331445559417087, 39.486141896197303 ], [ -0.331445686079511, 39.486141935022097 ], [ -0.331446006778075, 39.486142032777501 ], [ -0.331467616650551, 39.486148479083703 ], [ -0.33150009703627, 39.486167711230699 ], [ -0.331910960396096, 39.486410903835399 ], [ -0.333913175807003, 39.487645692746902 ], [ -0.333988663036963, 39.487692239216301 ], [ -0.333989497571867, 39.487692754327 ], [ -0.33399127623612, 39.487692298838802 ], [ -0.33541013917623, 39.487328959068201 ], [ -0.335687601818054, 39.487065068697198 ], [ -0.33568873998351, 39.487063284165799 ], [ -0.33592275111503, 39.4866920909313 ], [ -0.336262430175092, 39.4863215072047 ], [ -0.336770678996556, 39.486054913295597 ], [ -0.336772552882235, 39.486053923954699 ], [ -0.336776200042284, 39.486053119725298 ], [ -0.337405604646081, 39.485915294078303 ], [ -0.339687701861861, 39.486129723922197 ], [ -0.341027994553974, 39.4864650351089 ], [ -0.341035093041338, 39.486466805096399 ], [ -0.342088255422564, 39.486896324202903 ], [ -0.342778783194966, 39.487060138703697 ], [ -0.342778829009018, 39.487060149103101 ], [ -0.34285541757352, 39.487079281857298 ], [ -0.342855572982084, 39.487079322068197 ], [ -0.342920943385299, 39.487096022753001 ], [ -0.343654672936312, 39.487283453675701 ], [ -0.343993168915164, 39.487508915732697 ], [ -0.344328016835636, 39.4877319152056 ], [ -0.344368953961431, 39.4877591973314 ], [ -0.34462236960142, 39.4878292099893 ], [ -0.345467669910736, 39.488062776120898 ], [ -0.346359369102766, 39.488309147713998 ], [ -0.348186409440015, 39.488619697762502 ], [ -0.348196036684908, 39.488621335972802 ], [ -0.349134232676069, 39.488714820660903 ], [ -0.349936053627305, 39.4887240661715 ], [ -0.35012189978825, 39.4887283027725 ], [ -0.350525386182945, 39.488818623909197 ], [ -0.351794251131848, 39.489314936746197 ], [ -0.351797046689015, 39.4893160369637 ], [ -0.351941698805963, 39.489432686256201 ], [ -0.35420000234479, 39.491253582963502 ], [ -0.354251092229947, 39.491304113892099 ], [ -0.354251137145735, 39.491304156180199 ], [ -0.355421508111949, 39.492461574063299 ], [ -0.355499418996544, 39.492547186741199 ], [ -0.3554995977613, 39.492547385006802 ], [ -0.35595729838169, 39.493050326249801 ], [ -0.356723407707147, 39.493698353918099 ], [ -0.357718400580458, 39.494143158235197 ], [ -0.357763825689418, 39.494163470288001 ], [ -0.357761490069698, 39.494191829927097 ], [ -0.357720829624976, 39.494684973849203 ], [ -0.357731680375283, 39.494700291129703 ], [ -0.358051950435325, 39.495151960832203 ], [ -0.357606515411804, 39.495640563685598 ], [ -0.357008888711162, 39.496296086340202 ], [ -0.356499058854807, 39.496855285027102 ], [ -0.356499028312106, 39.496855486746398 ], [ -0.356398284947918, 39.497366487718303 ], [ -0.356645929810519, 39.4976935928592 ], [ -0.356802592402793, 39.497900547139103 ], [ -0.356918751755571, 39.498054017013402 ], [ -0.356945402075094, 39.498270800891099 ], [ -0.356785871162121, 39.498492405833503 ], [ -0.355214785103825, 39.500077473964602 ], [ -0.355214042197092, 39.5000782087156 ], [ -0.355831237797871, 39.500362499261897 ], [ -0.356099457673726, 39.500647860957201 ], [ -0.356225238881481, 39.501011086762603 ], [ -0.356268674222103, 39.501399447000701 ], [ -0.356233410855643, 39.501572572331703 ], [ -0.356223606642621, 39.501620743915403 ], [ -0.356219215677509, 39.501642395713503 ], [ -0.356182910265315, 39.501820924883198 ], [ -0.356242394906781, 39.5020925307482 ], [ -0.356488830636989, 39.502341399216299 ], [ -0.36004526533839, 39.503611296924703 ], [ -0.360045569867273, 39.503611398814201 ], [ -0.359370449100356, 39.504857306834701 ], [ -0.3590537633183, 39.505433591069803 ], [ -0.359052875782768, 39.505435210169999 ], [ -0.358136835839785, 39.507102048259199 ], [ -0.358108999744093, 39.507152835893599 ], [ -0.357217275399211, 39.5067452168987 ], [ -0.356965430014348, 39.507252963186502 ], [ -0.356965025772488, 39.507253507955099 ], [ -0.356634438561415, 39.507704660828999 ], [ -0.356634284949478, 39.507704868754601 ], [ -0.355193428556264, 39.507059497290498 ], [ -0.354199970005462, 39.506883724842197 ], [ -0.353610802739854, 39.506780213329897 ], [ -0.353144647175983, 39.506499357688199 ], [ -0.352544561786385, 39.506377547110901 ], [ -0.352025122651446, 39.506275633825197 ], [ -0.350913756626348, 39.5061421829203 ], [ -0.349111799048488, 39.505821835105301 ], [ -0.348278663724732, 39.505712736276799 ], [ -0.348101989362885, 39.505771747226902 ], [ -0.347944766221855, 39.505930352249202 ], [ -0.347151833202001, 39.507209482876199 ], [ -0.346966589810641, 39.507493550880298 ], [ -0.346871245321342, 39.507554399077499 ], [ -0.346680208694701, 39.507685199683799 ], [ -0.346268738073771, 39.507801926274603 ], [ -0.346147378373829, 39.507934285851803 ], [ -0.346067726554192, 39.508500020190397 ], [ -0.346086799584332, 39.508914840318901 ], [ -0.346010185867012, 39.509399574054001 ], [ -0.345871427596621, 39.509684667158503 ], [ -0.345670781691395, 39.509761153139003 ], [ -0.345207056070372, 39.509723564759298 ], [ -0.344913801045875, 39.509788911764801 ], [ -0.344650975553324, 39.509972094021599 ], [ -0.343983421296026, 39.510704570105098 ], [ -0.343747637788433, 39.510789255184697 ], [ -0.342933214372084, 39.510797702826103 ], [ -0.341343681409425, 39.510698266766099 ], [ -0.340612369224835, 39.510663487848603 ], [ -0.338580625292237, 39.510571975314399 ], [ -0.338136201771714, 39.511246429883798 ], [ -0.337879732758125, 39.511871168667497 ], [ -0.337067022428974, 39.513357001161701 ], [ -0.336343273160781, 39.514340377999503 ], [ -0.335920043592745, 39.514763078875497 ], [ -0.335605855127186, 39.515071203014102 ], [ -0.335773617303129, 39.515246227782598 ], [ -0.336481028911278, 39.515604743843703 ], [ -0.339120528049357, 39.515926481765199 ], [ -0.338931994129096, 39.5169041043413 ], [ -0.338645059650943, 39.517717310875 ], [ -0.338450685783018, 39.518243753974701 ], [ -0.338450471085679, 39.518244358253398 ], [ -0.338448395079053, 39.518242724206097 ], [ -0.338213306867513, 39.518058800783102 ], [ -0.337364384550967, 39.517751032923996 ], [ -0.335113733760046, 39.516748498703301 ] ] ] } },
{ "type": "Feature", "properties": { "OBJECTID": 7260, "Codigo": "46237", "Texto": "Tavernes Blanques", "Cod_Prov": "46", "Cod_CCAA": "10", "FechaId": "01012017", "NUTS_0": "ES", "NUTS_1": "ES5", "NUTS_2": "ES52", "NUTS_3": "ES523", "PAD_2C02": 9095, "PAD_2C03": 392, "PAD_2C04": 492, "PAD_2C05": 473, "PAD_2C06": 405, "PAD_2C07": 441, "PAD_2C08": 508, "PAD_2C09": 572, "PAD_2C10": 733, "PAD_2C11": 852, "PAD_2C12": 727, "PAD_2C13": 645, "PAD_2C14": 707, "PAD_2C15": 573, "PAD_2C16": 471, "PAD_2C17": 384, "PAD_2C18": 253, "PAD_2C19": 243, "PAD_2C20": 224, "PAD_2C21": 4441, "PAD_2C22": 194, "PAD_2C23": 247, "PAD_2C24": 257, "PAD_2C25": 193, "PAD_2C26": 234, "PAD_2C27": 262, "PAD_2C28": 283, "PAD_2C29": 356, "PAD_2C30": 442, "PAD_2C31": 364, "PAD_2C32": 326, "PAD_2C33": 333, "PAD_2C34": 270, "PAD_2C35": 217, "PAD_2C36": 169, "PAD_2C37": 117, "PAD_2C38": 99, "PAD_2C39": 78, "PAD_2C40": 4654, "PAD_2C41": 198, "PAD_2C42": 245, "PAD_2C43": 216, "PAD_2C44": 212, "PAD_2C45": 207, "PAD_2C46": 246, "PAD_2C47": 289, "PAD_2C48": 377, "PAD_2C49": 410, "PAD_2C50": 363, "PAD_2C51": 319, "PAD_2C52": 374, "PAD_2C53": 303, "PAD_2C54": 254, "PAD_2C55": 215, "PAD_2C56": 136, "PAD_2C57": 144, "PAD_2C58": 146, "PAD_3C03": 8691, "PAD_3C04": 404, "PAD_3C05": 87, "PAD_3C06": 3, "PAD_3C07": 9, "PAD_3C08": 8, "PAD_3C09": 16, "PAD_3C10": 2, "PAD_3C100": 11, "PAD_3C101": 1, "PAD_3C102": 1, "PAD_3C103": 11, "PAD_3C104": 0, "PAD_3C105": 3, "PAD_3C106": 1, "PAD_3C107": 3, "PAD_3C108": 4, "PAD_3C109": 17, "PAD_3C11": 2, "PAD_3C110": 9, "PAD_3C111": 4, "PAD_3C112": 0, "PAD_3C12": 1, "PAD_3C13": 44, "PAD_3C14": 52, "PAD_3C15": 6, "PAD_3C16": 37, "PAD_3C17": 79, "PAD_3C18": 38, "PAD_3C19": 26, "PAD_3C20": 6, "PAD_3C21": 2, "PAD_3C22": 149, "PAD_3C23": 18, "PAD_3C24": 16, "PAD_3C25": 5, "PAD_3C26": 23, "PAD_3C27": 1, "PAD_3C28": 1, "PAD_3C29": 34, "PAD_3C30": 0, "PAD_3C31": 4, "PAD_3C32": 5, "PAD_3C33": 3, "PAD_3C34": 9, "PAD_3C35": 37, "PAD_3C36": 20, "PAD_3C37": 11, "PAD_3C38": 0, "PAD_3C39": 4441, "PAD_3C40": 4235, "PAD_3C41": 206, "PAD_3C42": 47, "PAD_3C43": 2, "PAD_3C44": 7, "PAD_3C45": 1, "PAD_3C46": 11, "PAD_3C47": 1, "PAD_3C48": 2, "PAD_3C49": 1, "PAD_3C50": 21, "PAD_3C51": 24, "PAD_3C52": 2, "PAD_3C53": 17, "PAD_3C54": 48, "PAD_3C55": 22, "PAD_3C56": 15, "PAD_3C57": 4, "PAD_3C58": 2, "PAD_3C59": 67, "PAD_3C60": 3, "PAD_3C61": 7, "PAD_3C62": 2, "PAD_3C63": 12, "PAD_3C64": 0, "PAD_3C65": 0, "PAD_3C66": 23, "PAD_3C67": 0, "PAD_3C68": 1, "PAD_3C69": 4, "PAD_3C70": 0, "PAD_3C71": 5, "PAD_3C72": 20, "PAD_3C73": 11, "PAD_3C74": 7, "PAD_3C75": 0, "PAD_3C76": 4654, "PAD_3C77": 4456, "PAD_3C78": 198, "PAD_3C79": 40, "PAD_3C80": 1, "PAD_3C81": 2, "PAD_3C82": 7, "PAD_3C83": 5, "PAD_3C84": 1, "PAD_3C85": 0, "PAD_3C86": 0, "PAD_3C87": 23, "PAD_3C88": 28, "PAD_3C89": 4, "PAD_3C90": 20, "PAD_3C91": 31, "PAD_3C92": 16, "PAD_3C93": 11, "PAD_3C94": 2, "PAD_3C95": 0, "PAD_3C96": 82, "PAD_3C97": 15, "PAD_3C98": 9, "PAD_3C99": 3, "PAD_3_COD_PROV": "46", "PAD_3_COD_CCAA": "10", "Shape__Area": 1233348.8656921401, "Shape__Length": 4837.6809724351897 }, "geometry": { "type": "Polygon", "coordinates": [ [ [ -0.356965430014348, 39.507252963186502 ], [ -0.357217275399211, 39.5067452168987 ], [ -0.358108999744093, 39.507152835893599 ], [ -0.358136835839785, 39.507102048259199 ], [ -0.359052875782768, 39.505435210169999 ], [ -0.3590537633183, 39.505433591069803 ], [ -0.359370449100356, 39.504857306834701 ], [ -0.360045569867273, 39.503611398814201 ], [ -0.36004526533839, 39.503611296924703 ], [ -0.360045803429252, 39.5036103140718 ], [ -0.360187905229107, 39.503358843290698 ], [ -0.360955282077401, 39.502000907806597 ], [ -0.363268149286594, 39.503278063950503 ], [ -0.365017761134556, 39.503788511031701 ], [ -0.365945373175048, 39.504059140223198 ], [ -0.367126787131047, 39.5044037379784 ], [ -0.367191642799625, 39.504422662183103 ], [ -0.367328061856975, 39.504462449920098 ], [ -0.367370135351631, 39.504520047280003 ], [ -0.367543331436717, 39.504757086678097 ], [ -0.368217523345668, 39.505679639110198 ], [ -0.368977840334141, 39.506719982002501 ], [ -0.369461913694685, 39.507382340756401 ], [ -0.371656940803231, 39.509376779723297 ], [ -0.371902294961834, 39.5095997076644 ], [ -0.371858520058041, 39.509607257929503 ], [ -0.370492614600519, 39.509842875133799 ], [ -0.370228711129618, 39.509888378234898 ], [ -0.367882254115324, 39.511241432300203 ], [ -0.367541612959603, 39.511437841709501 ], [ -0.366595599828833, 39.512452379063603 ], [ -0.366595554014748, 39.512452363816799 ], [ -0.366183079975626, 39.5123079172307 ], [ -0.364518631111562, 39.5115367818754 ], [ -0.364285211071499, 39.511428407245397 ], [ -0.364285328750819, 39.511428188935199 ], [ -0.364103846605539, 39.5113069670806 ], [ -0.364085302683123, 39.511295420183899 ], [ -0.364075810185527, 39.511289507085301 ], [ -0.362422194105461, 39.510259789295802 ], [ -0.361614355340136, 39.509702063101997 ], [ -0.361288811271035, 39.509477309949197 ], [ -0.360660607714757, 39.509174794972097 ], [ -0.358602155072125, 39.508560432947 ], [ -0.357290246448034, 39.507990065151098 ], [ -0.356634428679947, 39.507704931132302 ], [ -0.356634284949478, 39.507704868754601 ], [ -0.356634438561415, 39.507704660828999 ], [ -0.356965025772488, 39.507253507955099 ], [ -0.356965430014348, 39.507252963186502 ] ] ] } },
{ "type": "Feature", "properties": { "OBJECTID": 7189, "Codigo": "46166", "Texto": "Meliana", "Cod_Prov": "46", "Cod_CCAA": "10", "FechaId": "01012017", "NUTS_0": "ES", "NUTS_1": "ES5", "NUTS_2": "ES52", "NUTS_3": "ES523", "PAD_2C02": 10678, "PAD_2C03": 575, "PAD_2C04": 623, "PAD_2C05": 517, "PAD_2C06": 444, "PAD_2C07": 462, "PAD_2C08": 505, "PAD_2C09": 716, "PAD_2C10": 1015, "PAD_2C11": 959, "PAD_2C12": 910, "PAD_2C13": 780, "PAD_2C14": 714, "PAD_2C15": 556, "PAD_2C16": 503, "PAD_2C17": 449, "PAD_2C18": 376, "PAD_2C19": 297, "PAD_2C20": 277, "PAD_2C21": 5240, "PAD_2C22": 295, "PAD_2C23": 317, "PAD_2C24": 272, "PAD_2C25": 255, "PAD_2C26": 229, "PAD_2C27": 244, "PAD_2C28": 331, "PAD_2C29": 511, "PAD_2C30": 504, "PAD_2C31": 454, "PAD_2C32": 380, "PAD_2C33": 366, "PAD_2C34": 276, "PAD_2C35": 231, "PAD_2C36": 209, "PAD_2C37": 160, "PAD_2C38": 114, "PAD_2C39": 92, "PAD_2C40": 5438, "PAD_2C41": 280, "PAD_2C42": 306, "PAD_2C43": 245, "PAD_2C44": 189, "PAD_2C45": 233, "PAD_2C46": 261, "PAD_2C47": 385, "PAD_2C48": 504, "PAD_2C49": 455, "PAD_2C50": 456, "PAD_2C51": 400, "PAD_2C52": 348, "PAD_2C53": 280, "PAD_2C54": 272, "PAD_2C55": 240, "PAD_2C56": 216, "PAD_2C57": 183, "PAD_2C58": 185, "PAD_3C03": 9981, "PAD_3C04": 697, "PAD_3C05": 167, "PAD_3C06": 0, "PAD_3C07": 36, "PAD_3C08": 11, "PAD_3C09": 32, "PAD_3C10": 9, "PAD_3C100": 9, "PAD_3C101": 2, "PAD_3C102": 0, "PAD_3C103": 7, "PAD_3C104": 2, "PAD_3C105": 3, "PAD_3C106": 2, "PAD_3C107": 1, "PAD_3C108": 3, "PAD_3C109": 17, "PAD_3C11": 5, "PAD_3C110": 15, "PAD_3C111": 1, "PAD_3C112": 0, "PAD_3C12": 6, "PAD_3C13": 61, "PAD_3C14": 72, "PAD_3C15": 6, "PAD_3C16": 30, "PAD_3C17": 260, "PAD_3C18": 105, "PAD_3C19": 151, "PAD_3C20": 0, "PAD_3C21": 1, "PAD_3C22": 159, "PAD_3C23": 12, "PAD_3C24": 6, "PAD_3C25": 9, "PAD_3C26": 12, "PAD_3C27": 7, "PAD_3C28": 0, "PAD_3C29": 20, "PAD_3C30": 7, "PAD_3C31": 4, "PAD_3C32": 4, "PAD_3C33": 5, "PAD_3C34": 7, "PAD_3C35": 38, "PAD_3C36": 28, "PAD_3C37": 6, "PAD_3C38": 1, "PAD_3C39": 5240, "PAD_3C40": 4889, "PAD_3C41": 351, "PAD_3C42": 75, "PAD_3C43": 0, "PAD_3C44": 12, "PAD_3C45": 7, "PAD_3C46": 14, "PAD_3C47": 3, "PAD_3C48": 3, "PAD_3C49": 5, "PAD_3C50": 28, "PAD_3C51": 35, "PAD_3C52": 1, "PAD_3C53": 15, "PAD_3C54": 158, "PAD_3C55": 64, "PAD_3C56": 91, "PAD_3C57": 0, "PAD_3C58": 0, "PAD_3C59": 61, "PAD_3C60": 4, "PAD_3C61": 1, "PAD_3C62": 2, "PAD_3C63": 3, "PAD_3C64": 5, "PAD_3C65": 0, "PAD_3C66": 13, "PAD_3C67": 5, "PAD_3C68": 1, "PAD_3C69": 2, "PAD_3C70": 4, "PAD_3C71": 4, "PAD_3C72": 21, "PAD_3C73": 13, "PAD_3C74": 5, "PAD_3C75": 1, "PAD_3C76": 5438, "PAD_3C77": 5092, "PAD_3C78": 346, "PAD_3C79": 92, "PAD_3C80": 0, "PAD_3C81": 24, "PAD_3C82": 4, "PAD_3C83": 18, "PAD_3C84": 6, "PAD_3C85": 2, "PAD_3C86": 1, "PAD_3C87": 33, "PAD_3C88": 37, "PAD_3C89": 5, "PAD_3C90": 15, "PAD_3C91": 102, "PAD_3C92": 41, "PAD_3C93": 60, "PAD_3C94": 0, "PAD_3C95": 1, "PAD_3C96": 98, "PAD_3C97": 8, "PAD_3C98": 5, "PAD_3C99": 7, "PAD_3_COD_PROV": "46", "PAD_3_COD_CCAA": "10", "Shape__Area": 7983180.93617249, "Shape__Length": 12704.4344527632 }, "geometry": { "type": "Polygon", "coordinates": [ [ [ -0.339225435104858, 39.533585911995601 ], [ -0.33790464843082, 39.5328349360204 ], [ -0.337891913913366, 39.532829644149601 ], [ -0.336919845147785, 39.532425015762499 ], [ -0.335488262063241, 39.531833683053797 ], [ -0.335258328384813, 39.531764523966302 ], [ -0.332634701579482, 39.5309753839622 ], [ -0.330493827611195, 39.530331389913201 ], [ -0.33046245484823, 39.530321962865301 ], [ -0.330459157132819, 39.530321648307002 ], [ -0.329836529419491, 39.530262527259197 ], [ -0.329579107293382, 39.530301662767002 ], [ -0.328823056404158, 39.530728477683702 ], [ -0.328551862206414, 39.530881579204397 ], [ -0.328413825283225, 39.530959505151998 ], [ -0.328004300413175, 39.531022170933497 ], [ -0.327643615148518, 39.531022879029003 ], [ -0.327297010975931, 39.530960849980303 ], [ -0.327059632060393, 39.530847257976198 ], [ -0.325457843382334, 39.5300807447395 ], [ -0.324690198836104, 39.529774758159697 ], [ -0.323849021793932, 39.5295661999007 ], [ -0.32291012242191, 39.529175242242502 ], [ -0.322211552931092, 39.528888857929601 ], [ -0.321584755238238, 39.528550102706703 ], [ -0.32020025016278, 39.527950624024299 ], [ -0.318732500006596, 39.527097005917199 ], [ -0.315469655401275, 39.525543601240003 ], [ -0.315431247032976, 39.5255253181844 ], [ -0.314546414562959, 39.525190356176097 ], [ -0.313990666422571, 39.5249799763372 ], [ -0.313990563116304, 39.524979938226998 ], [ -0.31398664735999, 39.524978454700303 ], [ -0.313986861159033, 39.524977887897499 ], [ -0.315230867927388, 39.5228811749813 ], [ -0.318752862119137, 39.515378313300197 ], [ -0.319043129346987, 39.514492598096702 ], [ -0.319043010769371, 39.5144920589291 ], [ -0.319047063967941, 39.514493408927301 ], [ -0.319047109782026, 39.5144934241737 ], [ -0.319594161332181, 39.514675892694697 ], [ -0.319608267577069, 39.514681939257102 ], [ -0.320726916244202, 39.515161491308803 ], [ -0.32110417542584, 39.515332327995203 ], [ -0.321648914712466, 39.515380932873299 ], [ -0.321690627982686, 39.515379589129303 ], [ -0.322464070255783, 39.515354667144003 ], [ -0.323479915721784, 39.515251949273598 ], [ -0.325373286761278, 39.515313566846899 ], [ -0.325373054995927, 39.515315223832403 ], [ -0.325231063688882, 39.516292247943198 ], [ -0.325321128779272, 39.516672691235101 ], [ -0.32553468527175, 39.516866751979101 ], [ -0.32590138475724, 39.517010354030397 ], [ -0.326387037356048, 39.517084608135598 ], [ -0.326747605839715, 39.517083863169503 ], [ -0.326754130303633, 39.5170838867312 ], [ -0.32768954421235, 39.517087508305899 ], [ -0.328799281591844, 39.517266211928799 ], [ -0.329587264894457, 39.517589741148598 ], [ -0.329589401088221, 39.517590619162704 ], [ -0.32967456766534, 39.517638903687001 ], [ -0.329953655359512, 39.517797176014298 ], [ -0.330459768885542, 39.517034062685298 ], [ -0.330725070135027, 39.516787914174202 ], [ -0.330938697594408, 39.516675736258797 ], [ -0.3312874873681, 39.5166478237674 ], [ -0.331288728839822, 39.516647726054998 ], [ -0.333731939800128, 39.517235330904597 ], [ -0.333999945876907, 39.517223459287699 ], [ -0.334250257837591, 39.5170494602784 ], [ -0.334250866895356, 39.517049050719997 ], [ -0.334553066445119, 39.516749660856 ], [ -0.334847431787328, 39.516630713691598 ], [ -0.334848424425721, 39.5166303138327 ], [ -0.335113733760046, 39.516748498703301 ], [ -0.337364384550967, 39.517751032923996 ], [ -0.338213306867513, 39.518058800783102 ], [ -0.338448395079053, 39.518242724206097 ], [ -0.338450471085679, 39.518244358253398 ], [ -0.338452660280005, 39.518246290975 ], [ -0.33859674286506, 39.518373829697602 ], [ -0.338837618921965, 39.518766721279803 ], [ -0.338839108328719, 39.518768227807399 ], [ -0.339039210753201, 39.518969542281901 ], [ -0.339754230193502, 39.519130079672401 ], [ -0.34026761109015, 39.519191298812402 ], [ -0.340969990336092, 39.519275029721904 ], [ -0.34136031192029, 39.519410083185797 ], [ -0.341804931273547, 39.519645437079703 ], [ -0.341866155951723, 39.519665932244898 ], [ -0.343826257443805, 39.5203222926717 ], [ -0.344227171063513, 39.520484591206298 ], [ -0.345246016004255, 39.520913270224298 ], [ -0.345886880416158, 39.521189162894402 ], [ -0.347058942011742, 39.521567251063701 ], [ -0.347541173825936, 39.521731448131199 ], [ -0.348943700004299, 39.522054567811999 ], [ -0.349010221149396, 39.522069890840299 ], [ -0.350109471596274, 39.522323133657501 ], [ -0.350665296991813, 39.522451179054201 ], [ -0.350666029118747, 39.522451343973501 ], [ -0.350757970789774, 39.522480448064798 ], [ -0.350815709106349, 39.522490786697702 ], [ -0.351350299226868, 39.522663483907998 ], [ -0.351350483381506, 39.522663542114699 ], [ -0.351355790628192, 39.5226652578244 ], [ -0.351355919985607, 39.522665692988298 ], [ -0.351355961308107, 39.522665833654301 ], [ -0.35244229398119, 39.523157932234497 ], [ -0.354190155012675, 39.523676334960399 ], [ -0.355898824344925, 39.5240305488093 ], [ -0.355724026563648, 39.524350293670501 ], [ -0.354188858743696, 39.527395218998599 ], [ -0.354046263768769, 39.528087344320902 ], [ -0.353411470171551, 39.529486085697897 ], [ -0.353411446815359, 39.529486693343102 ], [ -0.353411395611392, 39.529486791037499 ], [ -0.353057833986918, 39.530181714763103 ], [ -0.353057783681247, 39.530181813149298 ], [ -0.353045915139729, 39.5302051362345 ], [ -0.35304589717342, 39.530205172263301 ], [ -0.352908535783316, 39.530475158818298 ], [ -0.352868973079913, 39.530550306863901 ], [ -0.352810953590647, 39.530660514058098 ], [ -0.352407056665845, 39.531427379789697 ], [ -0.35236938581443, 39.531498878960498 ], [ -0.35206065102095, 39.532095649173499 ], [ -0.352060463273057, 39.532096014301203 ], [ -0.350674254991835, 39.534775402090801 ], [ -0.350338173684448, 39.534740748157603 ], [ -0.350095782169672, 39.534690162903303 ], [ -0.349252061996951, 39.534544794697297 ], [ -0.347975859608756, 39.534146305005997 ], [ -0.346550235947823, 39.533491627863903 ], [ -0.346492370070493, 39.533465068989003 ], [ -0.346489493664954, 39.533463747072602 ], [ -0.346487043959169, 39.533463023759801 ], [ -0.345960317690641, 39.533307546675502 ], [ -0.345679609435705, 39.533346192022002 ], [ -0.345431742689254, 39.533439583988098 ], [ -0.344470938797341, 39.534534726672298 ], [ -0.344469444000704, 39.5345351707684 ], [ -0.344469332609598, 39.534535204023598 ], [ -0.344469090962778, 39.534535274691002 ], [ -0.344129739787789, 39.534635005715501 ], [ -0.343780004088121, 39.534654076876002 ], [ -0.343444639636384, 39.534601356296797 ], [ -0.343284312816049, 39.534534606814901 ], [ -0.343214292732891, 39.534506587878802 ], [ -0.343214092408605, 39.534506506819099 ], [ -0.34293614108326, 39.534395285207601 ], [ -0.342711370022785, 39.534305332299702 ], [ -0.342457031813011, 39.5342634437024 ], [ -0.341883552725513, 39.534243739889298 ], [ -0.341855830715852, 39.534242785182599 ], [ -0.340908446755978, 39.534210223995402 ], [ -0.340888532902755, 39.534209547109398 ], [ -0.339225435104858, 39.533585911995601 ] ] ] } },
{ "type": "Feature", "properties": { "OBJECTID": 7055, "Codigo": "46032", "Texto": "Almàssera", "Cod_Prov": "46", "Cod_CCAA": "10", "FechaId": "01012017", "NUTS_0": "ES", "NUTS_1": "ES5", "NUTS_2": "ES52", "NUTS_3": "ES523", "PAD_2C02": 7308, "PAD_2C03": 352, "PAD_2C04": 464, "PAD_2C05": 395, "PAD_2C06": 328, "PAD_2C07": 327, "PAD_2C08": 303, "PAD_2C09": 418, "PAD_2C10": 650, "PAD_2C11": 739, "PAD_2C12": 626, "PAD_2C13": 579, "PAD_2C14": 497, "PAD_2C15": 434, "PAD_2C16": 359, "PAD_2C17": 261, "PAD_2C18": 231, "PAD_2C19": 181, "PAD_2C20": 164, "PAD_2C21": 3565, "PAD_2C22": 201, "PAD_2C23": 237, "PAD_2C24": 195, "PAD_2C25": 173, "PAD_2C26": 162, "PAD_2C27": 153, "PAD_2C28": 209, "PAD_2C29": 309, "PAD_2C30": 374, "PAD_2C31": 319, "PAD_2C32": 282, "PAD_2C33": 224, "PAD_2C34": 235, "PAD_2C35": 170, "PAD_2C36": 122, "PAD_2C37": 84, "PAD_2C38": 66, "PAD_2C39": 50, "PAD_2C40": 3743, "PAD_2C41": 151, "PAD_2C42": 227, "PAD_2C43": 200, "PAD_2C44": 155, "PAD_2C45": 165, "PAD_2C46": 150, "PAD_2C47": 209, "PAD_2C48": 341, "PAD_2C49": 365, "PAD_2C50": 307, "PAD_2C51": 297, "PAD_2C52": 273, "PAD_2C53": 199, "PAD_2C54": 189, "PAD_2C55": 139, "PAD_2C56": 147, "PAD_2C57": 115, "PAD_2C58": 114, "PAD_3C03": 6986, "PAD_3C04": 322, "PAD_3C05": 84, "PAD_3C06": 3, "PAD_3C07": 5, "PAD_3C08": 10, "PAD_3C09": 14, "PAD_3C10": 1, "PAD_3C100": 6, "PAD_3C101": 2, "PAD_3C102": 0, "PAD_3C103": 11, "PAD_3C104": 0, "PAD_3C105": 0, "PAD_3C106": 1, "PAD_3C107": 4, "PAD_3C108": 2, "PAD_3C109": 19, "PAD_3C11": 5, "PAD_3C110": 7, "PAD_3C111": 1, "PAD_3C112": 0, "PAD_3C12": 4, "PAD_3C13": 34, "PAD_3C14": 48, "PAD_3C15": 2, "PAD_3C16": 34, "PAD_3C17": 66, "PAD_3C18": 35, "PAD_3C19": 23, "PAD_3C20": 7, "PAD_3C21": 0, "PAD_3C22": 83, "PAD_3C23": 6, "PAD_3C24": 5, "PAD_3C25": 10, "PAD_3C26": 9, "PAD_3C27": 6, "PAD_3C28": 0, "PAD_3C29": 19, "PAD_3C30": 0, "PAD_3C31": 0, "PAD_3C32": 3, "PAD_3C33": 10, "PAD_3C34": 4, "PAD_3C35": 41, "PAD_3C36": 14, "PAD_3C37": 2, "PAD_3C38": 0, "PAD_3C39": 3565, "PAD_3C40": 3413, "PAD_3C41": 152, "PAD_3C42": 37, "PAD_3C43": 1, "PAD_3C44": 4, "PAD_3C45": 6, "PAD_3C46": 8, "PAD_3C47": 0, "PAD_3C48": 4, "PAD_3C49": 0, "PAD_3C50": 10, "PAD_3C51": 24, "PAD_3C52": 2, "PAD_3C53": 16, "PAD_3C54": 36, "PAD_3C55": 21, "PAD_3C56": 10, "PAD_3C57": 4, "PAD_3C58": 0, "PAD_3C59": 33, "PAD_3C60": 1, "PAD_3C61": 0, "PAD_3C62": 3, "PAD_3C63": 3, "PAD_3C64": 4, "PAD_3C65": 0, "PAD_3C66": 8, "PAD_3C67": 0, "PAD_3C68": 0, "PAD_3C69": 2, "PAD_3C70": 6, "PAD_3C71": 2, "PAD_3C72": 22, "PAD_3C73": 7, "PAD_3C74": 1, "PAD_3C75": 0, "PAD_3C76": 3743, "PAD_3C77": 3573, "PAD_3C78": 170, "PAD_3C79": 47, "PAD_3C80": 2, "PAD_3C81": 1, "PAD_3C82": 4, "PAD_3C83": 6, "PAD_3C84": 1, "PAD_3C85": 1, "PAD_3C86": 4, "PAD_3C87": 24, "PAD_3C88": 24, "PAD_3C89": 0, "PAD_3C90": 18, "PAD_3C91": 30, "PAD_3C92": 14, "PAD_3C93": 13, "PAD_3C94": 3, "PAD_3C95": 0, "PAD_3C96": 50, "PAD_3C97": 5, "PAD_3C98": 5, "PAD_3C99": 7, "PAD_3_COD_PROV": "46", "PAD_3_COD_CCAA": "10", "Shape__Area": 4608503.1162262, "Shape__Length": 9105.0646581479796 }, "geometry": { "type": "Polygon", "coordinates": [ [ [ -0.344227171063513, 39.520484591206298 ], [ -0.343826257443805, 39.5203222926717 ], [ -0.341866155951723, 39.519665932244898 ], [ -0.341804931273547, 39.519645437079703 ], [ -0.34136031192029, 39.519410083185797 ], [ -0.340969990336092, 39.519275029721904 ], [ -0.34026761109015, 39.519191298812402 ], [ -0.339754230193502, 39.519130079672401 ], [ -0.339039210753201, 39.518969542281901 ], [ -0.338839108328719, 39.518768227807399 ], [ -0.338837618921965, 39.518766721279803 ], [ -0.33859674286506, 39.518373829697602 ], [ -0.338452660280005, 39.518246290975 ], [ -0.338450471085679, 39.518244358253398 ], [ -0.338450685783018, 39.518243753974701 ], [ -0.338645059650943, 39.517717310875 ], [ -0.338931994129096, 39.5169041043413 ], [ -0.339120528049357, 39.515926481765199 ], [ -0.336481028911278, 39.515604743843703 ], [ -0.335773617303129, 39.515246227782598 ], [ -0.335605855127186, 39.515071203014102 ], [ -0.335920043592745, 39.514763078875497 ], [ -0.336343273160781, 39.514340377999503 ], [ -0.337067022428974, 39.513357001161701 ], [ -0.337879732758125, 39.511871168667497 ], [ -0.338136201771714, 39.511246429883798 ], [ -0.338580625292237, 39.510571975314399 ], [ -0.340612369224835, 39.510663487848603 ], [ -0.341343681409425, 39.510698266766099 ], [ -0.342933214372084, 39.510797702826103 ], [ -0.343747637788433, 39.510789255184697 ], [ -0.343983421296026, 39.510704570105098 ], [ -0.344650975553324, 39.509972094021599 ], [ -0.344913801045875, 39.509788911764801 ], [ -0.345207056070372, 39.509723564759298 ], [ -0.345670781691395, 39.509761153139003 ], [ -0.345871427596621, 39.509684667158503 ], [ -0.346010185867012, 39.509399574054001 ], [ -0.346086799584332, 39.508914840318901 ], [ -0.346067726554192, 39.508500020190397 ], [ -0.346147378373829, 39.507934285851803 ], [ -0.346268738073771, 39.507801926274603 ], [ -0.346680208694701, 39.507685199683799 ], [ -0.346871245321342, 39.507554399077499 ], [ -0.346966589810641, 39.507493550880298 ], [ -0.347151833202001, 39.507209482876199 ], [ -0.347944766221855, 39.505930352249202 ], [ -0.348101989362885, 39.505771747226902 ], [ -0.348278663724732, 39.505712736276799 ], [ -0.349111799048488, 39.505821835105301 ], [ -0.350913756626348, 39.5061421829203 ], [ -0.352025122651446, 39.506275633825197 ], [ -0.352544561786385, 39.506377547110901 ], [ -0.353144647175983, 39.506499357688199 ], [ -0.353610802739854, 39.506780213329897 ], [ -0.354199970005462, 39.506883724842197 ], [ -0.355193428556264, 39.507059497290498 ], [ -0.356634284949478, 39.507704868754601 ], [ -0.356634428679947, 39.507704931132302 ], [ -0.357290246448034, 39.507990065151098 ], [ -0.358602155072125, 39.508560432947 ], [ -0.360660607714757, 39.509174794972097 ], [ -0.361288811271035, 39.509477309949197 ], [ -0.361614355340136, 39.509702063101997 ], [ -0.362422194105461, 39.510259789295802 ], [ -0.364075810185527, 39.511289507085301 ], [ -0.364085302683123, 39.511295420183899 ], [ -0.364103846605539, 39.5113069670806 ], [ -0.364285328750819, 39.511428188935199 ], [ -0.364285211071499, 39.511428407245397 ], [ -0.364285135613009, 39.511428536152302 ], [ -0.363739669589365, 39.512325699233301 ], [ -0.363230533232402, 39.513178965266199 ], [ -0.363069582981249, 39.513436601033099 ], [ -0.362747383339975, 39.513960788905898 ], [ -0.362288842794799, 39.515013385012999 ], [ -0.361995390140907, 39.5156835088397 ], [ -0.36194509077323, 39.515798370978303 ], [ -0.361783125425823, 39.516019856966899 ], [ -0.361258184109761, 39.516737699066802 ], [ -0.361257846343219, 39.516737101011998 ], [ -0.360986359294654, 39.516235997831899 ], [ -0.360983497262169, 39.516234162767297 ], [ -0.360725245092707, 39.516067909041404 ], [ -0.360599139593134, 39.5160200440775 ], [ -0.360507558146542, 39.515991008658403 ], [ -0.360507248227777, 39.515990908173002 ], [ -0.360505595327651, 39.515992495842099 ], [ -0.36031373135265, 39.516184679068402 ], [ -0.360156899877088, 39.516334304000303 ], [ -0.359778205187589, 39.5168121509668 ], [ -0.359614499803471, 39.517141779931002 ], [ -0.359373249149076, 39.517370499905603 ], [ -0.358873895445571, 39.517656448709701 ], [ -0.358108636824699, 39.518206581814802 ], [ -0.357600057423237, 39.5187355367066 ], [ -0.356607473831508, 39.519757992022903 ], [ -0.356102626930052, 39.5201878979084 ], [ -0.355614514743992, 39.520483068777899 ], [ -0.355144550323327, 39.520607512806997 ], [ -0.354597286770791, 39.520622098848897 ], [ -0.354191547401343, 39.520585808017103 ], [ -0.353985878117047, 39.5206596667798 ], [ -0.353672684086509, 39.520772163257199 ], [ -0.352780558194691, 39.5212923736809 ], [ -0.351981845414346, 39.521977180681397 ], [ -0.351799563768449, 39.522133466161598 ], [ -0.351542092234966, 39.522354214064997 ], [ -0.351356045749734, 39.522664835826298 ], [ -0.351355946935053, 39.5226650000522 ], [ -0.351355790628192, 39.5226652578244 ], [ -0.351350483381506, 39.522663542114699 ], [ -0.351350299226868, 39.522663483907998 ], [ -0.350815709106349, 39.522490786697702 ], [ -0.350757970789774, 39.522480448064798 ], [ -0.350666029118747, 39.522451343973501 ], [ -0.350665296991813, 39.522451179054201 ], [ -0.350109471596274, 39.522323133657501 ], [ -0.349010221149396, 39.522069890840299 ], [ -0.348943700004299, 39.522054567811999 ], [ -0.347541173825936, 39.521731448131199 ], [ -0.347058942011742, 39.521567251063701 ], [ -0.345886880416158, 39.521189162894402 ], [ -0.345246016004255, 39.520913270224298 ], [ -0.344227171063513, 39.520484591206298 ] ] ] } }



]
}

